GENERALIZED BORN:,,,,,,,,,,,,,,,,,,
Complex Energy Terms,,,,,,,,,,,,,,,,,,
Frame #,BOND,ANGLE,DIHED,UB,IMP,CMAP,VDWAALS,EEL,1-4 VDW,1-4 EEL,EGB,ESURF,GGAS,GSOLV,TOTAL,,,
1,928.9,2225.82,2963.14,286.5,140.09,-122.22,-2194.55,-17632.12,863.36,10981.52,-4353.17,96.75,-1559.57,-4256.42,-5815.99,,,
11,956.25,2289.35,2928.27,274.46,156.08,-114.49,-2093.99,-17438.66,868.56,10942.13,-4547.42,113.96,-1232.04,-4433.46,-5665.5,,,
21,998.86,2335.31,2963.48,277.68,152.57,-109.49,-2134.4,-17564.53,846.17,10947.31,-4435.48,111.47,-1287.04,-4324.01,-5611.05,,,
31,1013.34,2351.85,2930.36,291.61,162.46,-110.34,-2091.58,-17453.82,847.07,10896.12,-4527,111.84,-1162.91,-4415.15,-5578.07,,,
41,999.95,2290.98,2920.76,295.42,150.37,-106.83,-2101.11,-17537.47,854.35,10869.58,-4417.01,111.84,-1363.99,-4305.17,-5669.15,,,
51,1024.38,2304.5,2950.39,277.61,147.25,-103.87,-2074.58,-17701.35,857.64,10902.59,-4318.45,110.02,-1415.45,-4208.42,-5623.87,,,
61,995.98,2369.07,2917.95,294.57,161.7,-93.98,-2102.06,-17494.9,852.62,10841.4,-4402.02,110.36,-1257.64,-4291.66,-5549.29,,,
71,1009.89,2307.34,2925.22,278.11,154.84,-112.52,-2105.27,-17569.74,813.48,10845.88,-4352.22,111.16,-1452.76,-4241.06,-5693.82,,,
81,986.74,2298.06,2935.41,297.14,162.51,-101.88,-2091.47,-17517.46,859.58,10866.08,-4387.91,112.69,-1305.3,-4275.22,-5580.52,,,
91,1003,2336.48,2963.56,287,165.96,-124.54,-2103.28,-17542.47,840.34,10821.02,-4337.77,111.69,-1352.95,-4226.08,-5579.03,,,
101,1003.65,2285.62,2924.97,286.39,164.7,-133.83,-2054.28,-17409.42,857.15,10853.13,-4514.94,115.4,-1221.94,-4399.55,-5621.48,,,
111,1017.33,2300.38,2911.5,303.66,144.73,-126.65,-2095.59,-17507.56,834.27,10855.96,-4422.57,111.86,-1361.97,-4310.7,-5672.67,,,
121,966.9,2309,2923.25,278.66,155.34,-136.13,-2085.48,-17341.16,854.35,10801.44,-4523.53,111.45,-1273.82,-4412.08,-5685.9,,,
131,946.81,2316.87,2908.01,269.61,145.13,-134.53,-2083.22,-17584.86,887.8,10894.07,-4366.61,110.97,-1434.33,-4255.64,-5689.97,,,
141,966.07,2230.02,2905.41,275.01,160.49,-149.18,-2078.48,-17470.56,868.86,10941.65,-4482.33,114.85,-1350.71,-4367.48,-5718.19,,,
151,979.95,2315.94,2919.26,286.22,163.69,-137.54,-2096.61,-17515.93,847.77,10892.4,-4444.49,112.33,-1344.84,-4332.17,-5677.01,,,
161,1011.57,2315.14,2935.28,286.04,150.2,-133.38,-2055.47,-17450.69,845.79,10869.86,-4501.96,114.88,-1225.67,-4387.08,-5612.75,,,
171,988.31,2326.44,2866.72,293.44,152.92,-138.61,-2052.85,-17462.41,856.06,10878.83,-4474.55,115.39,-1291.14,-4359.16,-5650.29,,,
181,1004.13,2289.41,2896.69,296.67,146.07,-132.78,-2039.77,-17411.23,873.62,10939.84,-4576.48,116.54,-1137.34,-4459.94,-5597.27,,,
191,1029.42,2313.64,2879.81,285.76,138.35,-146.24,-2074.62,-17270.61,850.21,10893.05,-4651.57,112.89,-1101.23,-4538.68,-5639.91,,,
201,982.81,2293,2916.64,284.06,155.46,-130.55,-2100.94,-17231.45,855.17,10819.25,-4621.72,113.46,-1156.55,-4508.26,-5664.81,,,
211,954.89,2310.91,2896.78,280.53,151.22,-130.15,-2052.22,-17562.95,854.49,10928.43,-4443.39,112.84,-1368.08,-4330.54,-5698.62,,,
221,966.4,2364.25,2911.76,308.63,135.3,-130.98,-2082.62,-17345.13,896.35,10852.56,-4591.68,112.11,-1123.47,-4479.58,-5603.05,,,
231,986.04,2308.93,2880.06,276.83,141.37,-127.46,-2110.19,-17257.03,864.39,10907.49,-4657.85,115.66,-1129.58,-4542.19,-5671.77,,,
241,995.28,2339.44,2890.86,282.01,151.68,-128.02,-2080.02,-17438.68,850.74,10946.42,-4564.48,115.57,-1190.3,-4448.91,-5639.2,,,
251,979.21,2284.71,2908.96,286.49,146.3,-130.7,-2082.98,-17304.9,860.28,10981.19,-4705.48,115.42,-1071.45,-4590.06,-5661.51,,,
261,977.97,2306.1,2902.03,277.88,143.72,-130.34,-2088.83,-17486.22,862.01,10873.82,-4436.29,112.02,-1361.88,-4324.26,-5686.14,,,
271,1032.54,2324.08,2914.51,294.74,154.62,-132.33,-2085.45,-17538.68,841.2,10996.83,-4489.81,111.43,-1197.93,-4378.38,-5576.31,,,
281,1014.7,2278.07,2896.71,295.08,163.07,-136.42,-2030.55,-17578.84,852.3,10930.46,-4449.4,115.78,-1315.41,-4333.61,-5649.02,,,
291,1037.96,2256.29,2905.39,283.23,157.31,-132.08,-2039.73,-17520.61,839,10914.2,-4469.02,112.35,-1299.03,-4356.66,-5655.69,,,
301,1012.54,2320.87,2902.28,275.68,140.45,-137.77,-2071.72,-17365.61,842.04,10916.36,-4634.25,113.48,-1164.88,-4520.77,-5685.65,,,
311,1008.02,2280.71,2883.03,281.52,162.83,-126.77,-2054.86,-17653.17,843.08,11021.04,-4427.21,118.1,-1354.57,-4309.11,-5663.69,,,
321,983.71,2264.61,2887.86,281.09,154.03,-121.17,-2068.83,-17367.4,851.88,10950.86,-4609.9,117.65,-1183.35,-4492.26,-5675.61,,,
331,986.09,2311.61,2875.28,270.89,152.32,-123.87,-2093.62,-17390.9,833.98,10949.16,-4576.08,116.63,-1229.06,-4459.46,-5688.52,,,
341,1013.94,2330.82,2904.52,292.35,143.65,-128.91,-2054.97,-17414.61,845.37,10913.66,-4561.53,112.92,-1154.18,-4448.61,-5602.8,,,
351,974.39,2333.81,2881.44,285.4,168.18,-122.92,-2083.16,-17306.06,858.73,10905.45,-4635.31,114.91,-1104.74,-4520.4,-5625.14,,,
361,1047.95,2270.44,2888.6,294.62,156.22,-117.29,-2087.55,-17388.22,828.82,10939.38,-4583.96,118.08,-1167.03,-4465.88,-5632.92,,,
371,1000.04,2323.59,2900.05,287.55,138.81,-127.01,-2099.06,-17400.24,849.31,10903.91,-4535,115.42,-1223.05,-4419.58,-5642.63,,,
381,938.66,2326.75,2905.03,287.26,135.47,-118.68,-2099.15,-17246.03,849.37,10862.57,-4660.76,116.11,-1158.74,-4544.65,-5703.39,,,
391,953.17,2283.69,2912.25,275.28,154.27,-136.42,-2089.68,-17317.95,847.2,10921.03,-4635.99,115.19,-1197.16,-4520.8,-5717.96,,,
401,969.93,2335.46,2889.45,295.8,158.01,-125.17,-2063.41,-17149.39,855.84,10817.09,-4734.87,118.65,-1016.39,-4616.21,-5632.61,,,
411,1045.42,2308.92,2880.65,282.82,140.51,-119.32,-2071.44,-17018.33,846.54,10846.93,-4867.43,115.52,-857.3,-4751.91,-5609.21,,,
421,974.21,2321.17,2893.22,282.28,175.71,-121.14,-2064.96,-17134.13,853.17,10920.15,-4804.17,119.26,-900.31,-4684.9,-5585.21,,,
431,999.68,2355.33,2898.64,280.34,150.4,-115.31,-2083.64,-17164.05,854.04,10817.92,-4708.66,118,-1006.65,-4590.66,-5597.31,,,
441,983.54,2312.79,2894.85,272.67,156.35,-129.48,-2082.9,-17278.25,824.94,10889.95,-4668,118.18,-1155.53,-4549.83,-5705.36,,,
451,989.5,2294.61,2862.06,284.77,144.61,-120.41,-2023.02,-17510.01,854.47,10925.27,-4490.06,118.71,-1298.15,-4371.35,-5669.5,,,
461,971.22,2354.4,2895.26,286.58,168.39,-114.62,-2090.95,-17283.57,830.2,10887.4,-4615.64,116.28,-1095.7,-4499.36,-5595.06,,,
471,972.86,2332.31,2861.68,281.39,147.5,-118.35,-2073.93,-17124.56,836.87,10901.11,-4798.48,118.9,-983.12,-4679.58,-5662.7,,,
481,963.1,2319.36,2859.09,286.27,157.13,-118.19,-2090.4,-17209.66,856.92,10915.42,-4696.88,118.72,-1060.95,-4578.17,-5639.11,,,
491,960.23,2236.94,2900.44,272.74,164.28,-121.82,-2068.53,-17396.78,867.57,10954.26,-4552.84,114.95,-1230.67,-4437.89,-5668.56,,,
501,999.26,2297.33,2926.6,287.6,167.44,-105.52,-2085.73,-17283.01,834.07,10853.12,-4606.86,114.91,-1108.85,-4491.95,-5600.8,,,
511,968.82,2290.03,2887.18,282.55,161.74,-117.65,-2067.25,-17390.25,842.35,10871.37,-4551.4,115.17,-1271.12,-4436.23,-5707.35,,,
521,930.42,2308.82,2910.02,285.62,156.47,-122.55,-2047.78,-17501.01,859.85,10888.51,-4444.14,113.41,-1331.62,-4330.72,-5662.34,,,
531,985.88,2354.27,2902.57,310.39,149.55,-124.1,-2113.33,-17265.57,832.23,10836.14,-4615.66,114.51,-1131.98,-4501.15,-5633.13,,,
541,983.74,2293.6,2913.46,288.12,153.22,-128.95,-2099.18,-17265.05,870.61,10861.61,-4642.28,113.6,-1128.82,-4528.68,-5657.5,,,
551,996.59,2303.43,2925.59,289.22,164.92,-132.75,-2065.54,-17384.72,875.81,10881.97,-4580.07,115.05,-1145.49,-4465.02,-5610.51,,,
561,995.35,2345.74,2894.58,291.59,137.09,-137.43,-2113.98,-17202.78,818.71,10811.06,-4673.05,115.47,-1160.08,-4557.58,-5717.66,,,
571,1001.69,2299.98,2903.07,303,146.56,-130.73,-2082.24,-17395.85,860.08,10897.76,-4592.15,116.11,-1196.68,-4476.04,-5672.72,,,
581,966.31,2292.84,2912.35,280.11,153.56,-132.77,-2091.14,-17354.41,849.65,10892.33,-4594.14,116,-1231.15,-4478.14,-5709.29,,,
591,1058.55,2272.32,2919.91,296.83,160.27,-119.39,-2038.12,-17122.59,846.01,10816.27,-4792.44,118.37,-909.93,-4674.07,-5584,,,
601,1011.1,2272,2893.56,287,148.25,-106.08,-2079.11,-17332.15,834.4,10974.54,-4677.74,113.78,-1096.47,-4563.96,-5660.43,,,
611,1013.49,2380.25,2911.72,293.29,147.95,-118.13,-2073.49,-17245.52,854.17,10882.61,-4715.66,117.53,-953.65,-4598.13,-5551.78,,,
621,967.93,2363.36,2885.53,287.26,171.45,-114.24,-2059.51,-17260.66,820.38,10946.74,-4704.26,116.74,-991.76,-4587.52,-5579.28,,,
631,979,2320.62,2875.67,279.72,154.98,-121.91,-2109.11,-17273.33,847.28,10834.98,-4632.27,112.91,-1212.08,-4519.36,-5731.44,,,
641,972.8,2347.15,2888.47,286.34,155.65,-129.1,-2094.94,-17208.61,844.69,10801.19,-4645.23,113.32,-1136.38,-4531.92,-5668.3,,,
651,967.84,2306.61,2867.72,276.44,146.75,-119.07,-2088.21,-17310.77,836.36,10908.96,-4658.68,115.97,-1207.38,-4542.71,-5750.08,,,
661,952.79,2352.14,2860.54,284.75,144.19,-101.6,-2115.15,-17428.43,852.15,10913.14,-4529.1,116.29,-1285.48,-4412.81,-5698.29,,,
671,953.3,2277.69,2865.44,292.49,156.4,-105.67,-2107.29,-17258.57,865.07,10845.88,-4645.78,111.48,-1215.26,-4534.31,-5749.57,,,
681,1010.95,2359.34,2918.31,281.48,169.99,-123.39,-2093.68,-17397.58,865.18,10835.25,-4547.16,113.47,-1174.13,-4433.69,-5607.82,,,
691,993.73,2367.27,2857.09,289.65,156.91,-114.34,-2109.89,-17367.69,864.33,10846.48,-4578.51,114.03,-1216.45,-4464.48,-5680.93,,,
701,1007.31,2345.52,2868.66,293.31,170.84,-111.67,-2151.04,-17187.29,823.09,10859.12,-4704.15,112.1,-1082.15,-4592.05,-5674.2,,,
711,1011.67,2339.2,2901.63,280.71,160.66,-117.8,-2064.71,-17509.53,869.48,10906.24,-4511.75,112.87,-1222.46,-4398.88,-5621.34,,,
721,1009.81,2289.52,2904.5,284.88,138.14,-119.24,-2088.83,-17376.71,839.21,10988.2,-4655.86,111.48,-1130.51,-4544.38,-5674.89,,,
731,960.81,2301.76,2888.35,282.49,145.07,-114.99,-2080.49,-17410.55,854.6,10960.74,-4605.89,111.42,-1212.2,-4494.47,-5706.67,,,
741,1023.14,2310.81,2904.38,291.72,152.13,-126.6,-2128.33,-17358.45,856.08,10939.02,-4657.06,112.93,-1136.09,-4544.13,-5680.22,,,
751,972.06,2338.3,2920.84,284.15,157.94,-113.99,-2149.7,-17426.81,858.06,10893.84,-4538.7,110.19,-1265.32,-4428.5,-5693.82,,,
761,976.89,2288.85,2906.23,287.34,160.45,-102.98,-2113.09,-17346.44,848.86,10817.66,-4562.23,111.74,-1276.24,-4450.49,-5726.72,,,
771,983.52,2322.61,2899.45,286.3,136.18,-120.51,-2090.96,-17303.73,881.51,10906.7,-4669.27,112.3,-1098.93,-4556.97,-5655.89,,,
781,964.05,2324.12,2912.6,274.3,152.59,-112.48,-2062.29,-17375.06,835.33,10868.84,-4615.8,113.74,-1217.99,-4502.06,-5720.04,,,
791,987.75,2382.8,2897.56,288.14,163.79,-130.8,-2162.27,-17247.88,843.82,10896.19,-4656.55,108.9,-1080.89,-4547.65,-5628.54,,,
801,995.68,2345.56,2866.54,276.62,145.96,-125.39,-2079.23,-17181.56,844.03,10804.35,-4681.93,114.05,-1107.44,-4567.89,-5675.33,,,
811,983.93,2364.85,2912.91,284.61,147.08,-132.76,-2108.36,-17261.61,842.14,10915.5,-4692.32,112.38,-1051.71,-4579.95,-5631.66,,,
821,1032,2271.89,2898.11,296.21,158.92,-125.38,-2088.6,-17194.98,850.19,10861.58,-4756.08,114.69,-1040.06,-4641.39,-5681.44,,,
831,1009.11,2368.83,2898.54,291.32,149.02,-107.88,-2094.25,-17425.75,868.99,10931.23,-4592.08,115.1,-1110.83,-4476.99,-5587.82,,,
841,972.92,2369.25,2898.79,288.97,154.62,-118.53,-2135.08,-17335.29,828.53,10866.37,-4570.98,112.81,-1209.45,-4458.17,-5667.62,,,
851,966.17,2340.63,2894.16,277.89,152.37,-128.77,-2055.61,-17252.25,848.15,10837.99,-4686.04,113.85,-1119.28,-4572.18,-5691.47,,,
861,986.74,2319.74,2888.31,291.77,161.23,-113.54,-2105.43,-17264.46,861.64,10876.81,-4697.49,113.1,-1097.21,-4584.38,-5681.59,,,
871,1028.23,2251.2,2893.03,286.67,139.47,-122.29,-2066.31,-17393.22,861.23,10914.84,-4590.84,113.29,-1207.15,-4477.55,-5684.69,,,
881,985.08,2355.56,2873.26,306.71,158.16,-121.11,-2099.43,-17498.3,849.37,10974.56,-4490.23,111.59,-1216.12,-4378.64,-5594.76,,,
891,1043.36,2374.62,2885.02,289.99,157.65,-115.11,-2124.03,-17351.06,837.34,10887.95,-4618.07,111.57,-1114.28,-4506.5,-5620.78,,,
901,989.8,2270.75,2884.28,297.09,156.39,-113.36,-2117.26,-17298.09,875.76,10926.2,-4620.86,114.35,-1128.43,-4506.5,-5634.94,,,
911,988.73,2218.38,2909.01,264.29,148.45,-113.04,-2121.79,-17391.85,847.13,10978.44,-4604.3,115.12,-1272.26,-4489.18,-5761.44,,,
921,1021.97,2325.27,2866.93,291.05,144.95,-145.52,-2123.94,-17482.94,866.89,10986.53,-4548.51,109.87,-1248.81,-4438.64,-5687.45,,,
931,988.99,2270.76,2904.42,289.18,142.88,-129.98,-2102.16,-17356.15,839.73,10877.47,-4594.99,115.05,-1274.86,-4479.95,-5754.81,,,
941,991.85,2314.6,2935.65,279.34,148.92,-123.23,-2116.95,-17480.91,862.62,10901.66,-4456.12,113.29,-1286.46,-4342.82,-5629.28,,,
951,983.39,2323.52,2897.78,287.88,156.06,-139.31,-2112.21,-17341.01,851.25,10850.89,-4599.46,111.6,-1241.77,-4487.86,-5729.63,,,
961,1008.29,2192.18,2909.87,272.28,145.2,-122.07,-2136.87,-17428.92,851.93,10927.94,-4519.94,108.66,-1380.16,-4411.28,-5791.44,,,
971,979.69,2359.58,2889.52,291.52,150.38,-101.3,-2108.52,-17317.36,817.13,10808.52,-4588.18,113.8,-1230.83,-4474.38,-5705.21,,,
981,1009.59,2269.21,2898.83,280.85,149.68,-120.1,-2113.6,-17407.03,833.9,10968.71,-4637.16,112.09,-1229.96,-4525.08,-5755.04,,,
991,982.49,2207.79,2917.21,271.86,146.51,-122.15,-2087.03,-17349.33,881.11,10948.89,-4638.45,110.9,-1202.64,-4527.55,-5730.2,,,
1001,946.92,2283.71,2877.03,276.98,151.14,-116.15,-2096.93,-17455.05,868.16,10938.94,-4559.93,112.48,-1325.25,-4447.46,-5772.71,,,
1011,1060.97,2273.65,2863.78,291.77,151.92,-128.17,-2097.85,-17349.01,824.68,10883.62,-4626.73,112.14,-1224.64,-4514.6,-5739.23,,,
1021,1023.03,2280.08,2897.65,281.67,169.27,-136.78,-2094.68,-17339.49,852.96,10953.54,-4677.69,113.65,-1112.74,-4564.04,-5676.78,,,
1031,1002.68,2289.86,2867.59,283.35,145.28,-131.08,-2140.1,-17275.91,858.16,10959.85,-4702.57,114.55,-1140.31,-4588.02,-5728.33,,,
1041,1011.27,2305.4,2876.11,287.64,148.44,-123.2,-2053.95,-17387.71,865.48,10985.45,-4685.81,113.99,-1085.07,-4571.82,-5656.89,,,
1051,998.4,2327.44,2907.5,288.09,158.81,-135.91,-2127.75,-17233.91,839.69,10930.15,-4743.16,112.93,-1047.49,-4630.23,-5677.72,,,
1061,1011.59,2312.49,2887.35,290.45,163.04,-112.08,-2092.29,-17298.14,847.78,10850.59,-4622.14,112.05,-1139.2,-4510.08,-5649.28,,,
1071,986.86,2310.61,2895.09,293.18,146.59,-131.25,-2092.5,-17344.97,852.35,10949.44,-4646.55,113.09,-1134.62,-4533.46,-5668.08,,,
1081,982.89,2294.66,2908.88,285.64,158.57,-131.85,-2080.56,-17241.75,845.34,10850.18,-4684.42,114.16,-1127.99,-4570.26,-5698.26,,,
1091,984.73,2329.55,2900.52,301.48,155.54,-121.42,-2086.56,-17380.55,837.23,10977.88,-4668.82,113.16,-1101.59,-4555.67,-5657.25,,,
1101,1009.07,2355.15,2886.37,276.51,154.77,-113.08,-2109.83,-17353.28,860.18,10913.34,-4629.06,110.98,-1120.8,-4518.08,-5638.88,,,
1111,988.82,2336.93,2900.27,289.19,146.58,-119.62,-2128.27,-17365.51,832,10921.58,-4608,111.09,-1198.03,-4496.91,-5694.94,,,
1121,984.79,2263.2,2901.38,273.27,146.93,-132.39,-2134.61,-17301.81,825.12,10913.5,-4671.66,110.39,-1260.61,-4561.27,-5821.88,,,
1131,1033.7,2302.86,2841.01,282.54,154.23,-126.14,-2145.87,-17317.12,837.87,10877.28,-4591.91,111.18,-1259.63,-4480.73,-5740.36,,,
1141,995.34,2288.38,2876.18,284.07,158.71,-132.16,-2147.25,-17217.57,838.6,10913.1,-4713.76,111.77,-1142.6,-4601.99,-5744.59,,,
1151,1013.85,2255.32,2924.61,286.06,167.49,-123.97,-2113.88,-17155.06,854.93,10891.24,-4767.62,112.36,-999.4,-4655.26,-5654.66,,,
1161,986.44,2306.58,2892.55,297.3,149.2,-138.66,-2070.88,-17183.22,830.42,10894.35,-4805.54,118.68,-1035.91,-4686.86,-5722.77,,,
1171,978.85,2254.68,2888.26,277.78,135.99,-117.83,-2081.77,-17103.89,867.68,10953.7,-4900.69,114.05,-946.56,-4786.65,-5733.2,,,
1181,938.2,2365.1,2902.12,277.47,159.38,-120.33,-2058.54,-16988.83,857.15,10956.59,-4986.53,118.52,-711.68,-4868.01,-5579.7,,,
1191,950.38,2377.04,2898.7,288.98,174.96,-120.16,-2116.3,-17094.61,844.31,10928.45,-4853.56,117.73,-868.25,-4735.83,-5604.08,,,
1201,968.2,2305.74,2860.12,288.86,151.73,-133.91,-2073.8,-17062.28,861.75,10970.41,-4950.37,116.72,-863.18,-4833.65,-5696.83,,,
1211,969.22,2271.21,2894.5,285.48,149.68,-119.07,-2142.37,-17129.8,875.83,11006.18,-4848.1,113.36,-939.12,-4734.75,-5673.87,,,
1221,975.2,2298.39,2951.09,279.93,160.53,-140.4,-2114.36,-17298.53,877.46,10956.58,-4677.08,113.05,-1054.09,-4564.03,-5618.12,,,
1231,962,2302.93,2872.4,283.18,146.37,-121.6,-2110.72,-17222.62,874.38,11000.2,-4790.44,112.03,-1013.49,-4678.41,-5691.9,,,
1241,1010.82,2335.59,2919.75,288.48,144.67,-128.07,-2099.51,-17343.11,843.65,10909.66,-4636.71,111.04,-1118.08,-4525.68,-5643.75,,,
1251,1015.04,2349.89,2862.03,296.26,156.32,-134.42,-2147.06,-17377.97,854.36,10912.92,-4554.78,111.4,-1212.62,-4443.38,-5656,,,
1261,949.86,2251.09,2865.98,290.41,158.79,-141.3,-2110.7,-17219.43,878.18,11005.15,-4784.01,111.94,-1071.97,-4672.06,-5744.04,,,
1271,962.72,2311.64,2890.86,283.63,157,-119.66,-2066.8,-17499.12,851.18,11039.98,-4596.1,115.4,-1188.57,-4480.7,-5669.27,,,
1281,1006.84,2297.53,2898.78,291.24,147.55,-130.41,-2073.49,-17339.22,860.24,10958.1,-4663.82,111.62,-1082.84,-4552.2,-5635.04,,,
1291,1015.95,2346.46,2899.72,289.59,163.71,-142.11,-2118.32,-17506.41,856.14,10979.59,-4513.81,109.98,-1215.68,-4403.83,-5619.51,,,
1301,981,2318.84,2894.98,289.05,149.43,-129.1,-2096.63,-17565.17,850.02,10985.36,-4471.44,112.69,-1322.22,-4358.74,-5680.96,,,
1311,968.58,2331.73,2897.05,281.38,147.05,-110.69,-2134.3,-17398.15,838.33,10895.77,-4569.12,113.12,-1283.26,-4456,-5739.27,,,
1321,960.02,2311.26,2927.94,277.81,160.33,-161.25,-2122.8,-17352.7,850.24,11016.4,-4659.78,114.21,-1132.75,-4545.57,-5678.32,,,
1331,996.54,2325.31,2924.16,297.66,166.77,-119.52,-2112.13,-17464.47,862.62,10905.18,-4532.24,112.61,-1217.88,-4419.63,-5637.51,,,
1341,999.2,2356.91,2875.95,293.12,160.24,-134.71,-2084.99,-17252.03,841.09,10931.15,-4722.3,117.03,-1014.06,-4605.27,-5619.33,,,
1351,985.6,2296.72,2877.17,289.02,156.37,-137.86,-2065.38,-17261.91,844.56,10934.85,-4726.55,116.83,-1080.88,-4609.72,-5690.6,,,
1361,960.71,2304.69,2893.97,276.11,145.82,-122.91,-2092.93,-17338.99,842.49,10923.93,-4639.91,112.76,-1207.11,-4527.15,-5734.26,,,
1371,987.83,2333.55,2887.45,290.23,159.97,-134.8,-2087.97,-17309.61,858.55,10973.89,-4663.2,114.73,-1040.92,-4548.47,-5589.39,,,
1381,1020.43,2308.62,2893.06,279.58,136.52,-129.03,-2097.48,-17492.83,853.22,11041.04,-4559.21,111.06,-1186.87,-4448.15,-5635.02,,,
1391,981.1,2267.25,2864.31,277.54,152.95,-124.35,-2113.04,-17497.87,860.33,10897.58,-4469.67,112.13,-1434.2,-4357.53,-5791.73,,,
1401,976.98,2315.83,2916.03,287.38,151.28,-158.17,-2113.24,-17415.42,862.3,10988.28,-4611.14,111.24,-1188.76,-4499.91,-5688.67,,,
1411,1015.66,2329.3,2909.17,279.39,161.68,-143.32,-2091.3,-17536.72,849.06,10961.84,-4465.54,113.47,-1265.24,-4352.07,-5617.31,,,
1421,998.22,2313.81,2907.91,279.66,154.99,-119.2,-2103.47,-17209.8,851.14,10981.28,-4745.12,111.38,-945.46,-4633.74,-5579.2,,,
1431,1005.59,2354.36,2892.09,295.9,139.71,-145.01,-2134.33,-17353.89,871.99,10880.63,-4593.58,112.35,-1192.95,-4481.23,-5674.18,,,
1441,1028.01,2327.55,2890.16,292.26,146.92,-136.49,-2051.18,-17464.07,833.77,10949.25,-4568.1,115.53,-1183.83,-4452.57,-5636.41,,,
1451,1035.97,2307.44,2887.52,280.3,149.08,-135.07,-2113.57,-17002.04,827.5,10883.89,-4879.1,115.75,-878.99,-4763.35,-5642.34,,,
1461,955.72,2319.94,2868.86,284.45,146.84,-130.55,-2079.63,-17442.45,863.15,10988.74,-4616.94,115.13,-1224.93,-4501.81,-5726.74,,,
1471,990.11,2282.91,2898.39,273.71,151.19,-147.86,-2040.28,-17403.14,844.62,11029.17,-4689.64,114.52,-1121.18,-4575.12,-5696.3,,,
1481,950.65,2324.13,2905.41,287.99,158.28,-109.34,-2114.12,-17195.14,848.6,10925.04,-4769.96,113.84,-1018.5,-4656.12,-5674.62,,,
1491,962.1,2250.53,2879,274.17,143.7,-144.44,-2097.97,-17445.04,859.18,10984.15,-4547.5,112.53,-1334.62,-4434.97,-5769.59,,,
1501,954.74,2335.4,2896.53,278.19,164.31,-147.88,-2057.07,-17363.9,859.26,10970.76,-4677.54,113.07,-1109.67,-4564.47,-5674.14,,,
1511,1002.79,2328.73,2876.4,278.16,150.02,-124.06,-2095.92,-17454.34,856.03,10930.7,-4535.2,112.98,-1251.49,-4422.22,-5673.71,,,
1521,955.55,2278.34,2895.01,291.91,154.07,-126.07,-2101.13,-17442.12,859.28,10952.08,-4543.34,112.74,-1283.08,-4430.6,-5713.68,,,
1531,973.65,2238.76,2894.89,291.47,158.7,-130.69,-2123.31,-17263.28,836.26,10891.91,-4666.72,113.14,-1231.62,-4553.59,-5785.21,,,
1541,972.73,2354.88,2867.72,291.44,163.34,-116.24,-2104.98,-17231.95,851.76,10890.97,-4718.79,115.12,-1060.33,-4603.67,-5664,,,
1551,968.17,2336.22,2887.21,296.56,145.92,-134.87,-2115.7,-17343.39,835.37,10866.3,-4596.89,113.2,-1258.21,-4483.69,-5741.9,,,
1561,967.03,2364.21,2901.66,289.21,145.31,-121.58,-2112.58,-17248.48,847.65,10931.7,-4710.91,113.28,-1035.88,-4597.63,-5633.51,,,
1571,986.69,2333.38,2900.91,276.22,149.53,-122.18,-2040.28,-17219.04,845.74,10836.16,-4726.62,112.97,-1052.87,-4613.65,-5666.52,,,
1581,977.06,2310,2891.92,296.36,142.03,-129.76,-2107.73,-17137.88,856.8,10930.52,-4795.84,113.89,-970.67,-4681.95,-5652.62,,,
1591,953.8,2350.02,2890.05,286.41,149.41,-129.96,-2116.71,-17081.29,840.97,10850.58,-4802.35,114.32,-1006.72,-4688.03,-5694.75,,,
1601,993.41,2332.25,2905.53,282.33,151.33,-124.08,-2096.15,-17079.94,854.25,10858.17,-4845.14,115.92,-922.88,-4729.22,-5652.1,,,
1611,979.37,2341.1,2870.41,286.8,141.92,-121.05,-2066.62,-17249.91,866.31,10941.79,-4722.89,113.76,-1009.86,-4609.13,-5618.99,,,
1621,992.14,2310.07,2863.93,285.08,151.33,-125.16,-2091.53,-17116.01,828.21,10906.84,-4827.01,116.15,-995.09,-4710.86,-5705.95,,,
1631,978.14,2341.54,2893.24,276.51,138.88,-113.51,-2040.06,-17344.71,843.09,10940.47,-4650.46,117.22,-1086.41,-4533.24,-5619.64,,,
1641,981.18,2342.57,2884.5,294.67,156.46,-133.36,-2064.14,-17247.57,838.65,10909.95,-4719.63,116.37,-1037.1,-4603.26,-5640.36,,,
1651,997.67,2293.73,2880.84,294.28,136.99,-111.25,-2091.32,-17115.49,851.42,10813.74,-4759.46,114.66,-1049.39,-4644.8,-5694.19,,,
1661,948.41,2314.47,2872.24,282.12,157,-123.94,-2044.12,-17266.59,865.47,10922.9,-4714.18,113.51,-1072.04,-4600.67,-5672.71,,,
1671,982.73,2317.12,2882.15,290.08,141.08,-142.57,-2071.3,-17320.31,871.15,10819.59,-4567.55,112.66,-1230.28,-4454.9,-5685.17,,,
1681,1011.02,2357.34,2898.75,286.52,161.14,-110.67,-2110.84,-17336.27,846.05,10858.11,-4638.67,112.33,-1138.85,-4526.34,-5665.19,,,
1691,999.66,2328.08,2879.93,284.96,160.46,-112.32,-2027.29,-17142.88,835.58,10891.06,-4839.79,116.03,-902.76,-4723.76,-5626.53,,,
1701,975.46,2270.64,2890.99,273.65,160.99,-113.87,-2127.26,-17099.13,852.61,10919.53,-4814.18,112.61,-996.4,-4701.57,-5697.96,,,
1711,966.33,2374.1,2883.6,298.93,145.25,-141.64,-2071.79,-17151.91,866.38,10907.93,-4806.92,114.24,-922.83,-4692.69,-5615.51,,,
1721,963.63,2311.84,2882.52,275.05,139.36,-134.67,-2084.43,-17197.52,866.68,10902.46,-4752.19,111.63,-1075.09,-4640.56,-5715.64,,,
1731,964.37,2344.92,2861.91,276.87,135.98,-129.24,-2088.35,-17391.89,881.46,10919.32,-4604.8,113.42,-1224.64,-4491.38,-5716.02,,,
1741,1040.09,2349.02,2864.96,284.77,152.62,-123.78,-2109.41,-17465.03,833.66,10853.01,-4487.24,112.53,-1320.1,-4374.71,-5694.81,,,
1751,976.21,2308.84,2867.83,292.92,156.29,-125.15,-2112.37,-17312.67,858.01,10879.01,-4610.19,111.01,-1211.07,-4499.18,-5710.25,,,
1761,976.77,2358.73,2842.48,288.55,158.05,-121.66,-2127.33,-17380.91,845.07,10852.66,-4506.86,108.62,-1307.59,-4398.23,-5705.83,,,
1771,977.36,2334.16,2880.09,288.64,160.23,-95.14,-2125.56,-17446.64,845.49,10901.77,-4520.29,111.13,-1279.61,-4409.16,-5688.77,,,
1781,1013.47,2284.92,2869.04,291.47,140.36,-104.88,-2097.08,-17481.79,850.25,10964.37,-4531.97,114.08,-1269.88,-4417.89,-5687.77,,,
1791,1023.46,2342.63,2909.39,294.24,158.54,-128.14,-2114.08,-17341.31,865.72,10865.49,-4592.04,113.67,-1124.07,-4478.37,-5602.44,,,
1801,962.29,2346.91,2878.74,288.15,143.5,-119.78,-2099.24,-17506.56,846.54,10935.19,-4475.14,112.02,-1324.25,-4363.12,-5687.37,,,
1811,994.49,2260.08,2875.54,282.01,168.97,-113.67,-2115.97,-17562.67,836.04,10919.5,-4389.24,110.73,-1455.69,-4278.5,-5734.19,,,
1821,916.67,2265.57,2873.45,278.56,158.59,-133.43,-2066.88,-17509.17,871.84,11011.53,-4516.46,114.71,-1333.28,-4401.75,-5735.03,,,
1831,953.34,2307.58,2887.52,286.5,146.03,-116,-2114.79,-17575.87,859.39,10938.1,-4407.46,112.14,-1428.19,-4295.32,-5723.52,,,
1841,970.71,2372.88,2890.66,282.68,154.08,-145.29,-2078.53,-17572.92,855.58,10883.16,-4409.37,115.01,-1387,-4294.36,-5681.35,,,
1851,989.02,2259,2899.49,287.29,153,-116.01,-2077.54,-17455.63,883.58,10856.14,-4455.5,113.42,-1321.65,-4342.08,-5663.74,,,
1861,1013.83,2333.62,2920.61,290.43,152.61,-107.42,-2121.37,-17499.86,868.54,10896.03,-4459.08,113.06,-1252.97,-4346.02,-5598.99,,,
1871,1026.53,2269.2,2879.32,276.04,125.48,-124.9,-2084.75,-17570.91,829.54,10858.35,-4386.03,108.98,-1516.1,-4277.05,-5793.15,,,
1881,969.78,2340.7,2893.54,285.9,158.77,-131.39,-2103.13,-17435.9,840.15,10931.65,-4552.71,113.97,-1249.94,-4438.74,-5688.68,,,
1891,1002.53,2292.98,2877.89,278.94,146.17,-132.28,-2111.46,-17454.73,862.48,10982.28,-4561.13,112.88,-1255.2,-4448.25,-5703.45,,,
1901,1003.62,2303.09,2891,290.14,162.33,-123.8,-2123.2,-17488.97,860.33,10965.6,-4518.65,113.01,-1259.86,-4405.64,-5665.5,,,
1911,962.72,2323.19,2844.21,288.66,151.15,-105.2,-2118.41,-17458.87,832.22,10941.71,-4537.29,111.04,-1338.63,-4426.26,-5764.88,,,
1921,962.36,2329.47,2893.07,290.47,152.65,-129.18,-2097.01,-17592.49,843.65,10948.01,-4391.79,111.77,-1398.99,-4280.02,-5679.02,,,
1931,1002.95,2297.56,2914.69,289.34,151.44,-120.51,-2102.49,-17497.04,836.88,10859.93,-4449.72,112.71,-1367.27,-4337.01,-5704.28,,,
1941,995.3,2354.45,2895.4,294.52,146.97,-107.09,-2098.94,-17590.19,859.97,10859.69,-4348.95,110.97,-1389.94,-4237.98,-5627.91,,,
1951,1004.64,2347.36,2912.28,286.8,151.61,-120.53,-2080.76,-17451.04,865.57,10822.27,-4468.29,112.21,-1261.8,-4356.08,-5617.87,,,
1961,990.21,2348.13,2868.49,287.33,142.53,-121.73,-2086.2,-17502.51,849.76,10908.49,-4469.06,113.27,-1315.49,-4355.79,-5671.28,,,
1971,988.23,2309.13,2873.35,283.47,156.71,-124.49,-2065.8,-17480.69,856.93,10802.48,-4437.07,115.18,-1400.67,-4321.88,-5722.56,,,
1981,995.3,2321.76,2893.83,286.24,156.57,-127.71,-2080.01,-17439.22,819.64,10846.66,-4502.8,112.64,-1326.95,-4390.17,-5717.11,,,
1991,974.1,2313.59,2902.52,268.82,143.96,-139.89,-2084.4,-17334,849.74,10867.08,-4575.27,114.66,-1238.46,-4460.61,-5699.07,,,
2001,990.29,2298.77,2925.05,283.62,167.98,-126.42,-2124.6,-17475.45,848.02,10903.09,-4473.03,113.59,-1309.65,-4359.44,-5669.09,,,
2011,968.21,2300.09,2879.91,290.34,152.69,-118.85,-2104.49,-17416.7,829.75,10876.6,-4539.34,112.07,-1342.45,-4427.27,-5769.72,,,
2021,992.73,2350.75,2855.19,297.25,149.78,-109.16,-2068.2,-17444.32,837.79,10781.59,-4472.22,113.23,-1356.6,-4358.99,-5715.59,,,
2031,984.78,2308.99,2930.11,283.53,155.55,-131.51,-2038.74,-17416.99,857.11,10862.91,-4541.53,113.7,-1204.26,-4427.84,-5632.1,,,
2041,987.24,2388.56,2860.02,280.07,142.78,-129.23,-2059.03,-17394.41,843.31,10829.65,-4588.79,114.7,-1251.05,-4474.08,-5725.14,,,
2051,1017.89,2311.17,2897.87,288.64,147.65,-148.72,-2061.94,-17484.26,838.85,10865.57,-4494.51,114.16,-1327.28,-4380.35,-5707.64,,,
2061,964.28,2267.68,2889.92,295.42,167.85,-129.95,-2049.21,-17436.31,867.68,10924.72,-4565.04,113.61,-1237.93,-4451.43,-5689.36,,,
2071,961.74,2327.85,2840.5,286.59,145.78,-103.03,-2062.43,-17372.68,865.75,10876.96,-4588.49,112.53,-1232.98,-4475.97,-5708.95,,,
2081,1051.63,2314.34,2909.68,285.86,153.17,-151.69,-2071.8,-17313.86,827.59,10865.92,-4632.34,116.26,-1129.17,-4516.08,-5645.25,,,
2091,1029.45,2343.63,2874.02,302.15,142.28,-119.1,-2081.34,-17526.64,858.09,10935.29,-4476.13,115.44,-1242.16,-4360.69,-5602.85,,,
2101,962.16,2289.14,2894.87,288.52,158.29,-116.85,-2076.03,-17488.25,834.94,10858.63,-4444.05,113.86,-1394.57,-4330.19,-5724.75,,,
2111,1019.74,2336.5,2856.41,285.4,146.73,-126.92,-2077.55,-17568.8,860.07,10847.65,-4380.29,112.92,-1420.78,-4267.37,-5688.15,,,
2121,944.21,2362.83,2856.98,281.31,145.59,-113.81,-2080.2,-17498.96,854.34,10888.4,-4495.38,114.9,-1359.31,-4380.48,-5739.79,,,
2131,988.64,2316.5,2884.07,292.58,147.01,-129.53,-2073.47,-17546.63,859.58,10906.31,-4503.9,114.5,-1354.93,-4389.4,-5744.33,,,
2141,998.97,2418.89,2886.92,279.42,145.6,-125.67,-2105.17,-17525.57,863.95,10885.49,-4456.89,113.63,-1277.15,-4343.26,-5620.41,,,
2151,1012.16,2319.03,2901.8,284.08,147.51,-122.3,-2084.68,-17527.97,868.11,10901.95,-4442.17,112.75,-1300.31,-4329.42,-5629.73,,,
2161,981.62,2235.9,2897.71,272.85,150.54,-126.81,-2060.99,-17399.52,858.98,10911.71,-4563.89,113.74,-1278.01,-4450.15,-5728.16,,,
2171,944.74,2304.28,2914.61,292.36,154.24,-123.33,-2096.29,-17315.17,834.82,11011.27,-4702.05,113.68,-1078.48,-4588.38,-5666.86,,,
2181,1006.61,2267.3,2864.03,277.48,136.43,-113,-2090.1,-17267.81,839.48,10892.52,-4718.76,116.01,-1187.06,-4602.75,-5789.81,,,
2191,996.56,2365.12,2885.3,298.37,162.26,-122.27,-2095.23,-17218.8,843.51,10799.93,-4663.43,119.08,-1085.24,-4544.35,-5629.59,,,
2201,985.67,2327.42,2890.11,277.23,155.57,-127.82,-2098.12,-17184.71,870.84,10876.72,-4703.96,114.08,-1027.1,-4589.88,-5616.98,,,
2211,975.08,2321.01,2836.79,296.64,142.89,-100.88,-2101.39,-17240.02,851.83,10761.07,-4610.2,115.02,-1256.99,-4495.18,-5752.17,,,
2221,973.12,2320.37,2889.79,280.1,160.8,-125.22,-2098.03,-17227.86,828.36,10754.14,-4611.42,115.26,-1244.43,-4496.16,-5740.58,,,
2231,988,2318.31,2895.98,282.28,141.05,-118.93,-2133.16,-17302.86,861.15,10838.9,-4575.14,112.64,-1229.29,-4462.5,-5691.79,,,
2241,1007.16,2285.62,2895.05,281.32,149.18,-136.4,-2071.01,-17461.57,833.17,10868.19,-4471.9,116.99,-1349.27,-4354.91,-5704.19,,,
2251,1002.95,2312.33,2886.32,286.27,148.54,-136.61,-2030.97,-17299.71,847.61,10745.89,-4547.18,118.87,-1237.38,-4428.31,-5665.69,,,
2261,1001.39,2330.48,2886.56,274.3,148.01,-117.03,-2094.1,-17203.9,860.05,10755.01,-4601.29,114.71,-1159.25,-4486.59,-5645.84,,,
2271,987.63,2348.57,2894.33,282.37,167.77,-120.03,-2051.53,-17159.76,848.76,10848.58,-4782.6,118.86,-953.3,-4663.74,-5617.04,,,
2281,930.64,2306.4,2882.71,295.32,146.44,-126.11,-2101.22,-17058.66,872.94,10856.34,-4807.86,116.4,-995.21,-4691.46,-5686.67,,,
2291,1001.87,2329.76,2919.29,289.11,155.32,-141.91,-2101.88,-17184.65,855.74,10820.59,-4672.09,113.63,-1056.76,-4558.46,-5615.22,,,
2301,980.4,2271.22,2883.66,282.02,163.63,-137.96,-2056.06,-17183.36,872.03,10836.05,-4735.43,116.11,-1088.37,-4619.32,-5707.69,,,
2311,962.57,2316.17,2901.44,283.35,146.83,-127.37,-2082.22,-17321.05,865,10842.32,-4580.2,118.76,-1212.97,-4461.43,-5674.4,,,
2321,983.64,2315.39,2910.65,290.19,130.92,-134.71,-2122.01,-17148.17,860.36,10779.43,-4645.89,114.8,-1134.31,-4531.08,-5665.39,,,
2331,1028.76,2319.47,2869.16,288.77,150.72,-137.23,-2052.19,-17233.15,855.64,10772.77,-4604.74,118.95,-1137.27,-4485.79,-5623.06,,,
2341,947.19,2329.51,2879.61,278.62,152.62,-134.53,-2095.16,-17230.02,859.43,10823.68,-4617.89,115.16,-1189.04,-4502.74,-5691.78,,,
2351,990.89,2331.27,2861.47,276.23,142.21,-121.82,-2099.77,-17208.4,856.15,10743.68,-4625.35,115.6,-1228.09,-4509.75,-5737.83,,,
2361,956.37,2268.81,2907.81,269.15,159.13,-140.93,-2064.64,-17385.64,844.33,10807.17,-4487.1,116.4,-1378.43,-4370.71,-5749.14,,,
2371,996.24,2357.75,2902.72,288.01,141.75,-152.09,-2084.11,-17238.05,855.58,10774.84,-4586.31,118.09,-1157.38,-4468.23,-5625.61,,,
2381,980.09,2321.86,2863.4,274.46,158.71,-144.59,-2077.39,-17092.06,871.24,10805.95,-4700.86,118.07,-1038.35,-4582.79,-5621.14,,,
2391,1013.8,2354.78,2904.15,285.02,136.74,-130.56,-2089.04,-17033.47,829.04,10745.2,-4747.7,119.47,-984.34,-4628.23,-5612.56,,,
2401,971.04,2323.91,2874.99,280.89,141.6,-145.23,-2096.95,-17081.02,850.97,10715.47,-4685.76,118.45,-1164.31,-4567.31,-5731.63,,,
2411,1050.57,2305.94,2889.08,292.64,147.32,-122.64,-2083.98,-16993.92,835.25,10786.91,-4781.93,120.23,-892.83,-4661.7,-5554.53,,,
2421,972.82,2315.43,2880.52,285.52,155.33,-139.69,-2079.68,-16943.08,883.65,10745.89,-4804.32,120.46,-923.3,-4683.86,-5607.16,,,
2431,987.68,2373.39,2900.75,292.09,147.29,-129.17,-2089.01,-17246.38,839.02,10705.83,-4546.93,114.58,-1218.52,-4432.34,-5650.86,,,
2441,976.89,2238.73,2864.11,274.77,170.5,-127.79,-2125.44,-17449.07,873,10875.32,-4405.2,113.85,-1428.98,-4291.35,-5720.32,,,
2451,1010.89,2310.32,2878.16,288.97,146.92,-137.28,-2056.47,-17318.81,841.22,10804.37,-4559.51,117.98,-1231.73,-4441.53,-5673.26,,,
2461,1022.28,2354.66,2886.48,293.36,163.56,-140.37,-2070.14,-17495.4,851.63,10732.93,-4357.17,115.62,-1401.02,-4241.54,-5642.56,,,
2471,975.32,2292.24,2884.32,304.49,138.06,-133.83,-2072.47,-17391.24,843.23,10877.55,-4493.5,114.47,-1282.31,-4379.03,-5661.34,,,
2481,964.29,2332.1,2892.81,287.18,158.99,-134.88,-2048.79,-17538.36,874.06,10820.97,-4375.02,114.43,-1391.63,-4260.59,-5652.22,,,
2491,972.38,2295.02,2916.4,279.69,146.67,-134.89,-2080.49,-17460.24,870.79,10783.55,-4339.09,114.94,-1411.11,-4224.15,-5635.26,,,
2501,993.63,2361.4,2879.76,290.17,150.63,-130.89,-2087.41,-17341.31,853.3,10748.04,-4487.97,113.88,-1282.67,-4374.09,-5656.76,,,
2511,935.19,2362.81,2886.95,284.63,155.97,-130.46,-2041.21,-17424.08,861.41,10802.19,-4432.88,116.73,-1306.59,-4316.15,-5622.74,,,
2521,1023.4,2305.92,2868.61,289.18,156.86,-114.24,-2081.55,-17275.75,854.26,10752.58,-4522.93,114.63,-1220.73,-4408.3,-5629.03,,,
2531,957.79,2390.01,2851.58,284.47,150.26,-119.33,-2074.83,-17303.94,856.44,10715.19,-4492.13,116.84,-1292.34,-4375.29,-5667.63,,,
2541,983.92,2382.37,2863.47,285.11,165.53,-151.76,-2075.86,-17296.95,846.72,10787.03,-4515.24,116.69,-1210.42,-4398.56,-5608.98,,,
2551,973.08,2318.09,2874.67,282.12,172.51,-128.85,-2094.61,-17241.82,857.12,10775.28,-4571.15,114.14,-1212.41,-4457.02,-5669.43,,,
2561,988.39,2304.29,2888.61,284.41,140.18,-130.01,-2084.7,-17285.03,858.18,10845.77,-4540.75,113.6,-1189.92,-4427.14,-5617.06,,,
2571,972.65,2291.75,2879.41,285.85,142.41,-118.5,-2057.53,-17280.3,846.84,10808.34,-4557.53,118.22,-1229.06,-4439.31,-5668.37,,,
2581,961.13,2315.79,2880.99,283.8,151.34,-129.96,-2111.12,-17229.16,848.47,10794.86,-4579.04,114.73,-1233.85,-4464.3,-5698.16,,,
2591,954.86,2314.62,2880.89,277.54,147.85,-120.16,-2052.36,-17400.3,852.75,10826,-4505.32,116.55,-1318.3,-4388.78,-5707.08,,,
2601,1015.96,2310.16,2880.9,293.16,159.26,-113.09,-2060.02,-17238.77,842.88,10835.53,-4628.21,117.76,-1074.04,-4510.45,-5584.49,,,
2611,1009.99,2405.97,2851.32,299.64,140.3,-127.8,-2063.4,-17339.6,854.35,10861.69,-4574.38,116.61,-1107.53,-4457.76,-5565.3,,,
2621,998.66,2331.88,2900.66,275.83,159.44,-133.76,-2087.07,-17128.07,833.06,10837.71,-4711.37,117.94,-1011.66,-4593.42,-5605.08,,,
2631,979.49,2349.54,2893.76,271.45,147.32,-107.62,-2082.68,-17359.1,841.94,10877.05,-4546.71,115.98,-1188.84,-4430.73,-5619.58,,,
2641,989.61,2383.88,2869.3,289.72,157.26,-129.24,-2109.13,-17062.46,831.95,10795.89,-4715.79,118.09,-983.23,-4597.7,-5580.92,,,
2651,983.45,2320.15,2862.46,285.07,165.13,-126.22,-2052.89,-17288.18,849.04,10846.06,-4612.68,117.84,-1155.96,-4494.84,-5650.8,,,
2661,1017.33,2302.73,2889.53,281.05,156.91,-118.95,-2083.84,-17101.82,847.99,10790.99,-4725.92,116.13,-1018.09,-4609.79,-5627.88,,,
2671,1034.23,2283.59,2894.23,287.76,147.12,-132.82,-2091.31,-17163.05,844.19,10827.63,-4688.9,117.08,-1068.43,-4571.82,-5640.25,,,
2681,955.32,2291.64,2892.31,287.11,151.2,-122.66,-2066.6,-17230.01,842.69,10858.57,-4641.16,116.77,-1140.44,-4524.39,-5664.83,,,
2691,970.28,2394.44,2928.47,290.12,148.84,-163.23,-2084.95,-17163.04,870.68,10837.03,-4733.47,115.44,-971.36,-4618.03,-5589.39,,,
2701,1004.6,2309.64,2879.87,275.61,140.54,-136.5,-2024.94,-17316.41,864.75,10744.69,-4534.7,117.9,-1258.15,-4416.8,-5674.95,,,
2711,977.56,2389.29,2903.69,291.18,155.57,-132.81,-2079.51,-17320.02,841.56,10746.37,-4514.96,117.21,-1227.13,-4397.75,-5624.89,,,
2721,975.36,2239.77,2893.39,283.42,146.73,-127.51,-2085.35,-17254.44,855.06,10762.88,-4548.66,116.51,-1310.69,-4432.15,-5742.84,,,
2731,987.83,2355.5,2883.43,287.91,167.04,-141.76,-2080.82,-17343.56,817.34,10781.34,-4512.08,117.12,-1285.76,-4394.95,-5680.72,,,
2741,980.62,2364.99,2880.01,286.7,162.73,-125.65,-2051.53,-17328.34,835.04,10716.77,-4488.48,116.62,-1278.67,-4371.86,-5650.53,,,
2751,952.41,2378.9,2886.9,277.88,156.88,-164.36,-2057.34,-17363.75,843.39,10759.54,-4506.35,117.05,-1329.55,-4389.3,-5718.84,,,
2761,943.56,2331.44,2871.87,288.8,155.68,-143.45,-2065.25,-17357.85,862.72,10744.66,-4433.94,115.76,-1367.82,-4318.17,-5685.99,,,
2771,1007.5,2239.09,2891.69,283.75,144.37,-139.12,-2026.28,-17235.91,836.54,10709.42,-4550.93,119.15,-1288.96,-4431.78,-5720.74,,,
2781,973.06,2281.12,2878.71,289.22,161.22,-128.11,-2048.22,-17303.82,837,10727.87,-4507.51,113.92,-1331.94,-4393.59,-5725.53,,,
2791,988.57,2308.4,2893.63,282.94,152.76,-136.33,-2058.61,-17150.96,876.59,10733.96,-4646.84,118.39,-1109.05,-4528.45,-5637.51,,,
2801,1031.68,2352.1,2908.17,280.6,163.31,-144.51,-2062.18,-17217.48,830.07,10712.32,-4597.48,118.55,-1145.92,-4478.93,-5624.84,,,
2811,964.21,2286.94,2896.13,285.92,157.48,-149.86,-2043.06,-17368.45,845.11,10786.72,-4480.6,118.45,-1338.88,-4362.15,-5701.02,,,
2821,1016.13,2297.35,2880.72,298.2,149.31,-140.19,-2039.36,-17307.27,874.59,10765.35,-4518.64,116.81,-1205.17,-4401.83,-5607.01,,,
2831,986.65,2313.24,2883.14,290.74,136.73,-139.77,-2047.86,-17187.2,845.25,10829.68,-4682.98,120.34,-1089.42,-4562.64,-5652.06,,,
2841,1004.83,2293.27,2936.12,285.11,150.51,-129.64,-2055.57,-17255.79,846.79,10805.93,-4572.14,118.33,-1118.44,-4453.81,-5572.25,,,
2851,995.69,2301.34,2923.48,289.12,133.37,-146.59,-2048.79,-17198.57,848.15,10765.17,-4587.87,118.15,-1137.63,-4469.72,-5607.35,,,
2861,983.99,2271.41,2911.99,280.89,139.48,-145.28,-2094.38,-17000.98,836.56,10716.28,-4748.48,117.09,-1100.04,-4631.39,-5731.42,,,
2871,1026.22,2376.7,2902.32,302.8,146.15,-154.32,-2096.51,-17067.27,848.96,10724.98,-4684.73,118.48,-989.97,-4566.25,-5556.22,,,
2881,976.95,2358.64,2896.69,297.33,150.54,-130.33,-2070.61,-17270.24,846.98,10769.59,-4569.6,120.64,-1174.46,-4448.96,-5623.42,,,
2891,935,2315.28,2874.08,294.45,146.35,-156.04,-2066.74,-17315.76,872.62,10898.44,-4548.31,116.33,-1202.31,-4431.97,-5634.28,,,
2901,978.73,2312.05,2888.23,287.64,153.54,-121.19,-2053.63,-17270.56,856.28,10806.2,-4575.21,119.19,-1162.71,-4456.02,-5618.73,,,
2911,972.99,2301.54,2878.6,282.97,155.86,-139.35,-2074.35,-17202.69,842.18,10787.24,-4602.42,119.37,-1195.01,-4483.06,-5678.06,,,
2921,1003.47,2322.76,2856.52,276.74,164.29,-132.28,-2087.89,-17186.99,859.66,10768.47,-4621.38,118.07,-1155.26,-4503.31,-5658.57,,,
2931,972.91,2333.11,2879.34,274.13,159.27,-136.27,-2046.03,-17354.73,867.73,10715.8,-4501.66,119.48,-1334.73,-4382.18,-5716.91,,,
2941,956.43,2307.8,2892.13,272.82,131.22,-138.13,-2096.63,-17598.81,875.48,10812.16,-4285.62,113.17,-1585.54,-4172.45,-5757.99,,,
2951,1013.28,2323.79,2906.89,288.52,161.62,-158.88,-2072.08,-17210.41,850.32,10789.36,-4613.22,119.25,-1107.59,-4493.96,-5601.56,,,
2961,1013.9,2266.53,2929.69,276.4,146.82,-172.97,-2052.93,-17287.48,854.21,10766.6,-4556.56,120.27,-1259.24,-4436.3,-5695.53,,,
2971,1014.68,2316.79,2883.83,281.72,150.05,-133.94,-2082.06,-17323.42,856.26,10760.94,-4488.33,115.12,-1275.14,-4373.21,-5648.35,,,
2981,956.87,2279.61,2918.5,291.47,165.93,-158.9,-2080.99,-17251.23,842.92,10650.37,-4518.62,117.59,-1385.43,-4401.03,-5786.46,,,
2991,993.39,2314.61,2906.04,289.42,146.9,-116.66,-2073.06,-17356.94,829.81,10716.19,-4434.75,115.31,-1350.33,-4319.44,-5669.77,,,
3001,1016.59,2293.66,2917.25,281.37,157.9,-133.52,-2085.41,-17311.37,854.14,10781.51,-4485.87,115.59,-1227.88,-4370.28,-5598.16,,,
3011,1034.27,2286.8,2913.31,292.66,148.21,-125.92,-2065.64,-17220.7,863.87,10652.6,-4543.28,116.77,-1220.55,-4426.51,-5647.06,,,
3021,1020.83,2309.13,2927.56,279.91,148.34,-146.34,-2075.15,-17056.53,837.86,10651.4,-4670.26,115.61,-1102.99,-4554.65,-5657.64,,,
3031,1001.28,2333.24,2931.24,280.31,161.57,-147.48,-2053.44,-17296.76,842.95,10816.03,-4607.34,117.19,-1131.05,-4490.16,-5621.21,,,
3041,952.88,2314.74,2927.73,279.67,162.96,-131.47,-2068.85,-17169.34,875.67,10702.28,-4628.28,118.2,-1153.73,-4510.08,-5663.81,,,
3051,1001.87,2283.61,2886.87,277.65,154.53,-138.34,-2066.89,-17131.29,888.38,10674.37,-4618.89,114.71,-1169.24,-4504.17,-5673.42,,,
3061,1026.04,2352.22,2904.79,281.88,148.21,-146.27,-2052.3,-17119.67,827.1,10693.37,-4630.28,118.13,-1084.6,-4512.15,-5596.75,,,
3071,973.18,2339.14,2890,286.85,164.3,-139.21,-2043.15,-17371.96,854.23,10711.24,-4429.98,118.85,-1335.38,-4311.13,-5646.51,,,
3081,968.9,2397.05,2878.05,286.05,139.22,-129.97,-2041.51,-17346.17,852.26,10747.36,-4472.95,118.81,-1248.76,-4354.14,-5602.9,,,
3091,980.63,2298.17,2886.33,294.46,148.32,-139.83,-2078.03,-17303.45,862.11,10740.73,-4480.15,116.23,-1310.55,-4363.92,-5674.47,,,
3101,998.05,2352.63,2891.12,281.34,157.17,-143.78,-2079.24,-17400.93,847.83,10692.69,-4375.3,114.44,-1403.12,-4260.87,-5663.99,,,
3111,969.74,2362.34,2891.51,289.82,169.63,-161.59,-2020.34,-17385.85,854.15,10764.87,-4486.66,115.38,-1265.71,-4371.28,-5636.99,,,
3121,956.11,2306.55,2926.5,283.31,152.47,-146.87,-2085.24,-17236.87,849.95,10704.8,-4523.69,117.52,-1289.29,-4406.17,-5695.46,,,
3131,984.83,2312.75,2908.52,286.7,158.66,-148.21,-2089.89,-17407.06,861.68,10823.96,-4463.26,116.81,-1308.07,-4346.45,-5654.52,,,
3141,984.98,2307.64,2869.52,279.89,160.3,-154.21,-2037.3,-17328.07,856.5,10778.28,-4569.3,119.33,-1282.47,-4449.97,-5732.44,,,
3151,1035.42,2314.17,2868.03,288.23,179.01,-118.65,-2026.46,-17345.57,845.76,10743.27,-4506.3,119.41,-1216.8,-4386.89,-5603.69,,,
3161,976.59,2335.06,2891.05,285.85,153.85,-147.62,-2085.17,-17267.67,854.75,10740.53,-4548.7,117.23,-1262.76,-4431.47,-5694.24,,,
3171,1024.7,2309.59,2914.72,284.71,151.41,-141.4,-2086.77,-17345.77,845.46,10789.39,-4543.83,115.4,-1253.97,-4428.43,-5682.39,,,
3181,977.17,2314.62,2876.7,280.74,142.2,-147.93,-2066.54,-17311.57,851.98,10848.91,-4616.38,118.53,-1233.7,-4497.85,-5731.55,,,
3191,1014.14,2294.53,2887.42,285.67,151.36,-113.13,-2059.98,-17267.09,846.03,10846,-4660.48,117.29,-1115.05,-4543.19,-5658.24,,,
3201,950.15,2354.1,2898.55,291.94,162.94,-143.54,-2038.15,-17525.1,847.24,10736.81,-4363.76,115.2,-1465.06,-4248.55,-5713.61,,,
3211,1037.43,2352.09,2863.23,294.45,136.22,-126.12,-2060.64,-17435.98,850.34,10810.12,-4447.31,118.17,-1278.86,-4329.15,-5608.01,,,
3221,999.16,2313.6,2891.39,279.36,148.77,-140.91,-2068.31,-17316.27,828.61,10745.41,-4562.1,118.3,-1319.19,-4443.8,-5762.99,,,
3231,981.42,2342.56,2888.72,293.23,168.36,-144.53,-2034.25,-17503.54,864.54,10801,-4414.72,115.59,-1342.49,-4299.13,-5641.61,,,
3241,989.87,2402.84,2889.76,294.31,145.44,-155.65,-2060.66,-17332.06,860.01,10787.95,-4510.7,117.93,-1178.21,-4392.77,-5570.98,,,
3251,990.72,2255.84,2842.13,285.5,157.41,-127.43,-2072.68,-17346.59,845.7,10834.14,-4548.28,117.9,-1335.25,-4430.38,-5765.63,,,
3261,1017.77,2324.19,2863.4,284.07,145.21,-144.22,-2083.08,-17298.08,839.21,10745.63,-4516.59,119.47,-1305.89,-4397.12,-5703.01,,,
3271,1010.03,2328.86,2897.43,293.51,152.22,-143.5,-2061.88,-17348.8,851.37,10680.37,-4482.99,119.44,-1340.39,-4363.55,-5703.94,,,
3281,981,2327.21,2845.79,282.22,161.56,-145.56,-2015.11,-17451.84,837.44,10862,-4486.78,121.24,-1315.28,-4365.53,-5680.82,,,
3291,1012.09,2326.98,2874.15,287.08,162.52,-149.76,-2127.03,-17398.6,830.44,10811.7,-4472.53,116.18,-1370.45,-4356.35,-5726.79,,,
3301,965.74,2351.99,2894.79,285.31,151.27,-132.61,-2055.05,-17456.5,857.65,10773.36,-4436.71,117.92,-1364.06,-4318.79,-5682.85,,,
3311,1001.07,2375.73,2898.36,286.28,124.79,-141.01,-2067.51,-17478.17,818.51,10824.7,-4446.27,117.06,-1357.24,-4329.2,-5686.44,,,
3321,1012.28,2229.12,2907.09,284.44,145.24,-152.77,-2052.32,-17367.16,893.85,10830.56,-4523.79,117.4,-1269.66,-4406.39,-5676.05,,,
3331,1037.94,2328.81,2895.96,279.9,147.58,-142.12,-2035.31,-17315.65,827.4,10768.51,-4589.47,120.29,-1206.98,-4469.18,-5676.16,,,
3341,1003,2309.44,2871.64,280.35,154.39,-136.97,-2018.77,-17251.31,836.93,10820.33,-4662.32,121.82,-1130.97,-4540.49,-5671.46,,,
3351,1035.06,2328.42,2871.92,274.73,155.29,-156.28,-2078.04,-17201.34,826.66,10725.92,-4617.95,120.14,-1217.66,-4497.82,-5715.47,,,
3361,979.28,2375.47,2893.92,280.09,151.8,-151.33,-2043.65,-17325.66,823.14,10810.15,-4578.75,119.12,-1206.8,-4459.63,-5666.43,,,
3371,996.22,2300.17,2892.16,281.08,163.03,-147.83,-2055.84,-17504.85,850.69,10888.17,-4468.66,120.05,-1337,-4348.62,-5685.62,,,
3381,1017.71,2350.36,2884.86,276.33,148.01,-142.31,-2011.72,-17490.06,851.89,10808.56,-4453.18,118.81,-1306.38,-4334.37,-5640.76,,,
3391,974.59,2365.65,2897.98,285.59,154.99,-131.96,-2085.29,-17158.65,864.01,10810.53,-4703.75,117.71,-1022.56,-4586.03,-5608.59,,,
3401,980.3,2283.04,2909.6,285.62,152.36,-132.66,-2040.05,-17322.22,849.26,10837.08,-4643.49,119.19,-1197.66,-4524.31,-5721.97,,,
3411,980.3,2351.06,2887.2,292.34,151.49,-154.43,-2068.59,-17165.86,864.14,10854.39,-4736.93,115.64,-1007.96,-4621.29,-5629.25,,,
3421,1029.23,2342.4,2878.71,280.16,148.99,-139.21,-2075.66,-17291.77,844.66,10872.4,-4610.63,116.4,-1110.09,-4494.22,-5604.31,,,
3431,979.2,2324.22,2908.6,284.25,157.01,-156.41,-2102.63,-17249.61,833.62,10879.27,-4656.57,117.75,-1142.48,-4538.82,-5681.3,,,
3441,989.33,2326.1,2884.61,292.05,145.73,-161.11,-2046.32,-17310.73,862.17,10904.79,-4638.34,118.6,-1113.38,-4519.74,-5633.12,,,
3451,959,2329.08,2886.93,288.47,149.79,-123.98,-2060.33,-17266.68,851.61,10778.49,-4618.26,118.84,-1207.62,-4499.42,-5707.04,,,
3461,1010.48,2324.69,2868.59,285.11,148.73,-141.83,-2084.38,-17134.18,849.91,10786.09,-4704.46,117.93,-1086.79,-4586.53,-5673.31,,,
3471,990.34,2344.67,2914.25,279.29,144.28,-141.9,-2055.06,-17273.89,857.23,10834.92,-4636.04,119.47,-1105.88,-4516.57,-5622.45,,,
3481,1021.69,2284.67,2879.47,288.4,159.54,-151.05,-2067.37,-17282.65,856.88,10867.14,-4610.73,120.48,-1143.28,-4490.25,-5633.53,,,
3491,1019.3,2315.71,2898.03,291.51,151.99,-152.5,-2030.47,-17286.44,849.15,10755.02,-4534.06,120.56,-1188.69,-4413.5,-5602.19,,,
3501,961.92,2278.74,2886.01,281.28,144.74,-124.76,-2082.14,-17202,854.37,10762.29,-4637.98,117.39,-1239.56,-4520.59,-5760.15,,,
3511,1006.19,2279.01,2892.96,272.18,147.22,-157.7,-2018.3,-17411.91,851.6,10812.82,-4517.26,120.13,-1325.92,-4397.13,-5723.05,,,
3521,946.51,2377.36,2890.95,285.27,146.83,-163.94,-2060.04,-17416.18,865.76,10799.31,-4495.08,118.73,-1328.15,-4376.35,-5704.5,,,
3531,1029.36,2331.3,2904.34,281.39,145.2,-159,-2050.67,-17406.42,858.09,10800.69,-4509.49,117.7,-1265.73,-4391.79,-5657.52,,,
3541,1020.95,2341.14,2885.18,288.36,150.71,-157.08,-2032.1,-17279.35,846.58,10684.73,-4525.92,116.72,-1250.89,-4409.2,-5660.09,,,
3551,988.61,2266.51,2895.97,283.33,161.37,-145.18,-2032.61,-17463.46,881.57,10833.01,-4481.45,116.13,-1330.88,-4365.32,-5696.2,,,
3561,938.88,2299.78,2904.07,282.43,150.06,-141.73,-2050.6,-17301.89,861.71,10735.09,-4578.04,117.49,-1322.21,-4460.55,-5782.76,,,
3571,999.55,2328.55,2855.14,272.16,139.57,-146.62,-2062.67,-17341.95,827.08,10796.86,-4528.57,115.71,-1332.33,-4412.86,-5745.18,,,
3581,951.77,2301.58,2871.84,281.57,153.17,-139.81,-2046.99,-17368.41,857.63,10845.41,-4598.95,118.67,-1292.24,-4480.29,-5772.52,,,
3591,972.56,2369.31,2895.81,282.52,161.13,-145.16,-2088.24,-17155.44,882.47,10810.42,-4697.99,117.31,-1014.62,-4580.67,-5595.29,,,
3601,969.18,2344.14,2835.44,284.73,152.07,-146.09,-2040.34,-17227.88,853.5,10778.75,-4639.07,117.43,-1196.51,-4521.64,-5718.15,,,
3611,974.83,2306.27,2856.02,279.76,155.11,-149.46,-2044.05,-17272.06,859.87,10784.4,-4617.56,119.78,-1249.31,-4497.78,-5747.09,,,
3621,1011.23,2328.83,2867.8,268.2,159.11,-152.2,-2086.11,-17249.34,850,10818.31,-4648.19,119.29,-1184.17,-4528.9,-5713.07,,,
3631,938.04,2335.43,2908.8,292.73,163.22,-150.76,-2025.29,-17362.46,853.51,10832.91,-4576.77,122.44,-1213.87,-4454.32,-5668.2,,,
3641,986.46,2340.59,2939.86,297.9,151.75,-144.04,-2096.49,-17329.3,836.68,10785.39,-4536.03,116.44,-1231.19,-4419.59,-5650.79,,,
3651,1041.89,2253.67,2914.43,285.79,161.81,-148.2,-2040.34,-17392.94,856.19,10894.66,-4561.12,121.01,-1173.04,-4440.12,-5613.15,,,
3661,957.14,2345.44,2869.61,295.41,151.22,-135.17,-2077.88,-17300.31,860.22,10758.55,-4554.86,118.13,-1275.76,-4436.73,-5712.48,,,
3671,974.58,2314.65,2856.89,275.15,148.69,-137.93,-2038.19,-17447.35,876.08,10848.91,-4505.27,119.6,-1328.53,-4385.67,-5714.2,,,
3681,996.98,2319.07,2881.99,279.58,152.29,-159.36,-2047.39,-17339.22,868.54,10820.04,-4574.29,118.31,-1227.48,-4455.99,-5683.47,,,
3691,1023.54,2330.34,2905.45,297.74,150.03,-147.3,-2041.94,-17313.16,831.84,10835.7,-4622.98,119.35,-1127.76,-4503.63,-5631.38,,,
3701,1030.46,2298.68,2884.78,285.01,154.74,-134.27,-2091.84,-17105.51,855.16,10803.41,-4753.15,119.37,-1019.37,-4633.78,-5653.15,,,
3711,979.92,2304.2,2903.12,296.72,161.8,-134.82,-2061.81,-17306.53,859.22,10893.03,-4615.45,118.05,-1105.16,-4497.39,-5602.55,,,
3721,975.79,2301.14,2876.54,278.58,156.72,-107,-2059.46,-17226.7,852.39,10848.85,-4688.68,120.36,-1103.14,-4568.32,-5671.46,,,
3731,1014.27,2320.07,2854.77,288.78,151.63,-128.91,-2037.41,-17266.29,837.8,10845.49,-4610.97,119.7,-1119.81,-4491.27,-5611.08,,,
3741,961.73,2324.64,2912.02,280.9,153.64,-126.15,-2032.18,-17222.85,840.9,10786.82,-4661.9,120.51,-1120.52,-4541.4,-5661.92,,,
3751,1040.04,2372.92,2882.21,282.35,141.44,-163.05,-2055.74,-17344.73,810.48,10857.72,-4565.89,119.25,-1176.37,-4446.65,-5623.01,,,
3761,1009.46,2307.42,2873.59,276.66,151.72,-134.05,-2041.69,-17388.68,836.43,10813.05,-4505.79,118.14,-1296.09,-4387.65,-5683.74,,,
3771,999.94,2314.14,2868.34,280.89,158.06,-125.53,-2063.46,-17298.97,837.54,10815.43,-4588.05,119.6,-1213.64,-4468.45,-5682.08,,,
3781,995.24,2355.39,2864.7,285.42,145.69,-135.38,-2040.23,-17401.67,855.62,10785.2,-4492.19,118.56,-1290,-4373.63,-5663.64,,,
3791,1033.12,2375.75,2891.34,298.8,152.52,-146.89,-2022.37,-17368.24,844.12,10773.23,-4537.58,119.41,-1168.63,-4418.17,-5586.79,,,
3801,995.89,2271.59,2904.21,282.03,161.19,-129.35,-2027.73,-17395.14,861.4,10890.69,-4572.66,118.27,-1185.23,-4454.39,-5639.61,,,
3811,994.64,2457.61,2858.16,296.87,157.03,-143.65,-2046.77,-17232.57,828.96,10782.83,-4623.07,118.56,-1046.89,-4504.51,-5551.4,,,
3821,998.05,2369.46,2871.4,276.31,158.15,-136.96,-2083.11,-17372.45,828.09,10826.02,-4513.63,118.07,-1265.06,-4395.56,-5660.62,,,
3831,975.97,2306.08,2905.56,288.41,153.35,-148.83,-2050.63,-17321.54,873.86,10834.39,-4587.26,117.56,-1183.38,-4469.7,-5653.08,,,
3841,980.22,2334.38,2860.22,298.33,135.63,-125.21,-2037.18,-17287.42,845.69,10824.1,-4624.63,120.85,-1171.24,-4503.77,-5675.02,,,
3851,959.21,2308.43,2886.73,288.13,154.05,-124.81,-2083.14,-17081.7,865.14,10923.59,-4841.11,117.61,-904.36,-4723.5,-5627.86,,,
3861,981.95,2347.3,2880.98,285.98,141.18,-146.47,-2090.26,-17153.53,862.11,10902.62,-4759.18,116.69,-988.13,-4642.5,-5630.63,,,
3871,943.24,2406.37,2854.05,287.16,153.26,-154.24,-2075.35,-17202.61,849.37,10823.02,-4656.49,118.65,-1115.74,-4537.84,-5653.58,,,
3881,982.38,2374.81,2845.75,284.89,143.35,-124.9,-2080.68,-17199.67,840.25,10805.7,-4667.37,115.15,-1128.11,-4552.23,-5680.33,,,
3891,979.07,2303.02,2896.47,278.81,140.92,-141.04,-2047.29,-17369.91,875.62,10928.81,-4615.1,116.46,-1155.54,-4498.64,-5654.18,,,
3901,1028.16,2347.59,2871.46,293.75,152.58,-125.58,-2037.02,-17415.63,841.04,10853.73,-4557.3,116.66,-1189.92,-4440.64,-5630.56,,,
3911,979.45,2276.57,2881.74,280.68,143.96,-126.61,-2064.65,-17222.64,843.08,10811.08,-4687.97,118.41,-1197.33,-4569.56,-5766.89,,,
3921,1015.2,2231.68,2905.54,279.28,144.23,-152.19,-2060.42,-17419.27,860.58,10966.3,-4591.16,119.26,-1229.06,-4471.9,-5700.96,,,
3931,952.83,2352.16,2941.74,292.8,154.71,-138.52,-2048.83,-17279,858.6,10761.09,-4612.1,119.44,-1152.43,-4492.65,-5645.08,,,
3941,986.57,2324.47,2846.83,288.88,155.59,-134.65,-2048.21,-17320.33,906.28,10879.02,-4663.56,118.6,-1115.54,-4544.96,-5660.5,,,
3951,1010.6,2260.89,2898.7,299.4,155,-133.05,-2086.23,-17309.52,831.4,10810.89,-4609.37,116.87,-1261.91,-4492.5,-5754.41,,,
3961,967.21,2356.28,2874.04,276.72,145.62,-116.24,-2037.03,-17334.25,855.78,10796.74,-4607.7,117.18,-1215.12,-4490.52,-5705.64,,,
3971,992.01,2314.3,2898.37,289.47,151.14,-140.98,-2042.81,-17388.15,836.57,10778.06,-4500.48,114.63,-1312.02,-4385.85,-5697.88,,,
3981,1015.45,2290.92,2898.65,273.07,138.87,-151.53,-2064.41,-17258.11,858.5,10783.43,-4597.63,118.22,-1215.15,-4479.41,-5694.56,,,
3991,968.3,2358.72,2893.14,273.66,145.14,-127.56,-2079.33,-17135.43,846.13,10747.58,-4668.39,117.46,-1109.64,-4550.92,-5660.56,,,
4001,1009.35,2279.1,2881.86,273.46,153.46,-118.03,-2052.17,-17109.53,861.72,10621.73,-4642.13,117.65,-1199.05,-4524.48,-5723.53,,,
4011,960.58,2269.15,2886.83,279.52,150.48,-136.19,-2048.78,-17292.6,846.28,10769.38,-4533.96,120.24,-1315.36,-4413.72,-5729.07,,,
4021,1031.95,2349.17,2876.75,293.47,144.21,-125.81,-2055.84,-17238.48,819.7,10710.94,-4571.36,116.62,-1193.93,-4454.74,-5648.67,,,
4031,923.2,2339.3,2891.63,286.08,137.74,-147.9,-2035.82,-17370.88,855.24,10709.17,-4479.7,120.19,-1412.24,-4359.51,-5771.75,,,
4041,977.51,2324.97,2916.85,291.01,156.86,-134.66,-2061.26,-17294.73,864.77,10793.22,-4565.21,118.2,-1165.47,-4447.01,-5612.48,,,
4051,940.65,2300.18,2875.21,283.12,145.2,-131.95,-2060.67,-17101.16,889.29,10789.22,-4775.1,118.9,-1070.91,-4656.2,-5727.11,,,
4061,1054.04,2313.11,2904.97,299.43,133.19,-144.33,-2017.78,-17137.21,857.94,10676.16,-4654.79,120.6,-1060.48,-4534.19,-5594.67,,,
4071,960.12,2308.35,2895.88,282.37,143.25,-137.91,-2054.51,-17133.85,860.03,10759.71,-4691.54,119.06,-1116.56,-4572.47,-5689.03,,,
4081,934.27,2302.77,2856.92,278.72,131.34,-126.09,-2087.64,-17064.39,844.73,10741.46,-4724.22,119.55,-1187.91,-4604.67,-5792.58,,,
4091,942.4,2357.34,2890.09,270.78,161.65,-139.59,-2102.65,-17181.65,867.34,10701.55,-4610.68,117.68,-1232.76,-4493,-5725.75,,,
4101,995.94,2274.24,2914.64,283.42,156.15,-140.61,-2085.73,-17082.46,860.67,10697.41,-4731.99,119.59,-1126.34,-4612.39,-5738.74,,,
4111,1027.58,2384.54,2862.18,286.75,155.62,-128.56,-2087.19,-17218.71,843.97,10776.11,-4631.22,116.39,-1097.68,-4514.83,-5612.51,,,
4121,1004.17,2376.53,2883.97,294.61,149.67,-136.13,-2072.61,-17132.42,853.83,10770.83,-4726.68,118.96,-1007.55,-4607.72,-5615.27,,,
4131,965.33,2299.49,2883.63,286.2,154.67,-139.69,-2037.42,-17255.13,850.41,10762.74,-4638.55,117.75,-1229.78,-4520.79,-5750.57,,,
4141,1049.55,2248.65,2841.91,280.43,169.54,-144.42,-2054.76,-17142.57,851.7,10805.11,-4724.89,117.76,-1094.87,-4607.14,-5702.01,,,
4151,1024.09,2344.82,2873.78,298.4,144.19,-123.88,-2081.7,-17116.06,854.53,10772.5,-4703.12,115.55,-1009.33,-4587.57,-5596.9,,,
4161,1006.13,2318.56,2890.02,283.41,150.57,-127.98,-2076.6,-17201.47,847.59,10793.47,-4674,117.28,-1116.31,-4556.72,-5673.03,,,
4171,1002.22,2346.71,2868.58,299.94,147.86,-132.58,-2054.24,-17107.19,852.92,10808.67,-4769.55,116.95,-967.12,-4652.6,-5619.72,,,
4181,1033.26,2368.52,2936.86,297.02,139.41,-133.65,-2054.83,-17224.86,840.39,10713.83,-4622.2,118.2,-1084.07,-4504,-5588.07,,,
4191,974.09,2299.51,2877.57,295.15,152.17,-137.21,-2073.35,-17186.8,839.62,10758.5,-4618.66,116.33,-1200.76,-4502.33,-5703.1,,,
4201,1004.12,2273.76,2884.09,282.04,140.28,-149.55,-2053.1,-17350.57,862.85,10886.43,-4580.47,118.19,-1219.67,-4462.27,-5681.95,,,
4211,953.6,2301.42,2890.11,277.58,155.86,-160.29,-2071.1,-17292.11,833.28,10795.54,-4580.63,116.79,-1316.11,-4463.85,-5779.96,,,
4221,974.28,2287.05,2921.93,294.35,140.65,-143.01,-2075.29,-17462.75,849.97,10870.51,-4455.5,116.52,-1342.32,-4338.97,-5681.29,,,
4231,976.7,2303.01,2882.68,287.12,147.41,-142.43,-2060.13,-17308.58,880.86,10764.95,-4576.74,115.69,-1268.42,-4461.05,-5729.47,,,
4241,962.14,2333.98,2916.64,284.7,146.23,-116.01,-2066.48,-17054.26,849.77,10831.52,-4828.22,118.47,-911.76,-4709.75,-5621.51,,,
4251,985.3,2275.73,2898.44,290.4,156.61,-130.29,-2064.92,-17149.63,851.23,10892.68,-4779.08,119.72,-994.44,-4659.36,-5653.8,,,
4261,940.71,2337.66,2889.36,282.18,153.26,-131.34,-2058.28,-17214.51,855.26,10770.77,-4630.27,117.79,-1174.95,-4512.48,-5687.42,,,
4271,931.25,2316.23,2917.71,277.24,165.61,-150.72,-2076.65,-17256.25,859.25,10833.82,-4684.83,118.45,-1182.49,-4566.38,-5748.88,,,
4281,978.89,2292.44,2876.91,288.63,147.11,-149.77,-2047.56,-17014.31,844.78,10746.16,-4786.31,118.38,-1036.71,-4667.93,-5704.64,,,
4291,1007.22,2269.63,2908.92,267.57,147.45,-142.43,-2048.41,-16916.25,845.61,10738.23,-4920.65,116.43,-922.45,-4804.22,-5726.67,,,
4301,1030.52,2338.41,2896.21,296.99,142.92,-149.87,-2078.61,-17269.62,840.29,10768.02,-4592.13,118.01,-1184.75,-4474.12,-5658.87,,,
4311,984.1,2298.86,2916.23,295.32,136.97,-144.54,-2094.28,-17220.5,858.8,10739.36,-4612.89,114.49,-1229.67,-4498.4,-5728.07,,,
4321,978.27,2328.79,2894.69,285.3,153.58,-123.17,-2055.47,-17237.99,852.71,10775.11,-4630.21,115.82,-1148.18,-4514.38,-5662.57,,,
4331,1024.21,2355.45,2885.88,284.89,139.81,-134.95,-2070.54,-17215.04,832.61,10841.12,-4668.91,115.35,-1056.55,-4553.56,-5610.11,,,
4341,1001.23,2237.64,2887.06,277.34,147.5,-131.04,-2088.43,-17144.01,851.94,10789.46,-4697.61,112.17,-1171.32,-4585.44,-5756.76,,,
4351,997.47,2305.47,2904.69,280.03,159.54,-120.72,-2079.81,-17166.17,843.43,10807.23,-4734.26,114.71,-1068.83,-4619.55,-5688.38,,,
4361,1007.21,2368.91,2883.2,289.57,162.73,-143.27,-2069.39,-16826.64,861.91,10788.93,-5011.89,117.11,-676.83,-4894.78,-5571.61,,,
4371,973.14,2309.29,2867.58,281.99,142.42,-142.32,-2082.18,-17277.51,860.69,10854.46,-4625.55,114.95,-1212.45,-4510.61,-5723.06,,,
4381,1014.99,2356.4,2896.64,290.53,152.35,-148.3,-2062.47,-17102.13,835.58,10753.34,-4701.78,114.75,-1013.07,-4587.03,-5600.11,,,
4391,970.76,2325.54,2900.16,293.96,154.02,-125.68,-2070.02,-17060.34,851.54,10760.54,-4741.9,115.41,-999.53,-4626.49,-5626.02,,,
4401,975.38,2365.64,2885,304.14,155.59,-134.69,-2080.68,-17063.3,861.98,10793.93,-4783.49,117.92,-937.02,-4665.57,-5602.59,,,
4411,970.45,2405.28,2897.99,299.3,146.01,-147.65,-2065.17,-17199.54,855.52,10783.55,-4661.7,117.27,-1054.27,-4544.43,-5598.7,,,
4421,992.25,2279.49,2891.12,281.11,156.92,-131.33,-2078.98,-17307.85,850.35,10857.07,-4605.63,116.32,-1209.85,-4489.32,-5699.16,,,
4431,1024.87,2354.08,2871.37,279.68,155.54,-130.03,-2071.6,-17254.84,861.6,10810.41,-4640.58,116.65,-1098.91,-4523.94,-5622.84,,,
4441,949.57,2323.76,2877.91,281.21,149.51,-131.37,-2126.21,-17158.39,856.96,10840.8,-4752.99,116.1,-1136.25,-4636.89,-5773.13,,,
4451,1003.34,2338.55,2886.5,297.35,154.79,-149.18,-2058.98,-17098.84,866.5,10782.47,-4779.96,119.44,-977.5,-4660.53,-5638.03,,,
4461,986.5,2320.67,2855.67,280.11,162.24,-127.71,-2081.06,-17068.82,877.22,10762.83,-4755.79,117.61,-1032.35,-4638.17,-5670.53,,,
4471,978.51,2312.11,2892.76,292.24,145.71,-128.51,-2056.82,-17098.32,882.39,10754.37,-4745.45,115.57,-1025.55,-4629.88,-5655.42,,,
4481,967.23,2331.47,2888.27,282.68,143.61,-132.59,-2072.5,-17105.58,869.94,10754.76,-4686.84,116.33,-1072.72,-4570.51,-5643.22,,,
4491,1006.52,2348.59,2887.47,271.2,156.21,-140.16,-2061.12,-17205.44,836.86,10738.49,-4613.76,117.18,-1161.37,-4496.58,-5657.95,,,
4501,993.9,2297.08,2942.72,280.7,148.88,-141.55,-2049.78,-17455.64,859.03,10815.94,-4462.26,114.28,-1308.72,-4347.98,-5656.7,,,
4511,978.11,2361.47,2893.24,280.37,144.11,-151.09,-2062.44,-17234.22,855.87,10772.47,-4609.85,116.52,-1162.12,-4493.33,-5655.45,,,
4521,997.7,2303.29,2893.41,282.37,145.63,-138.42,-2105.09,-17258.68,830.42,10801.68,-4579.2,115.42,-1247.69,-4463.78,-5711.48,,,
4531,1038.91,2302.78,2931.89,281.73,173.81,-138.21,-2085.77,-17341.11,851.96,10839.74,-4511.2,115.02,-1144.27,-4396.19,-5540.45,,,
4541,979.73,2365.66,2848.86,292.5,141.7,-147.3,-2091.49,-17188.57,863.17,10788.87,-4663.52,115.05,-1146.89,-4548.47,-5695.36,,,
4551,949.88,2301.06,2893.69,275.01,155.13,-136.11,-2074.14,-17298.9,846.01,10873.96,-4603.57,116.45,-1214.43,-4487.12,-5701.55,,,
4561,1025.33,2245.45,2921.42,289.08,144.98,-142.53,-2100.72,-17283.07,868.92,10792.65,-4548.46,112.66,-1238.49,-4435.79,-5674.28,,,
4571,1003.37,2350.54,2894.76,289.09,140.04,-142,-2067,-17247.3,840.48,10903.61,-4713.27,119.69,-1034.4,-4593.58,-5627.99,,,
4581,982.63,2334.34,2891.18,288.09,153.56,-135.61,-2102.62,-17277.81,849.93,10804.9,-4606.14,116.91,-1211.4,-4489.23,-5700.63,,,
4591,968.01,2295.26,2846.19,280.03,140.26,-133.89,-2072.37,-17037.22,849.7,10868.54,-4868.69,116.19,-995.49,-4752.51,-5747.99,,,
4601,1006.99,2330.99,2909.68,290.6,149.67,-152.12,-2037.86,-17043.3,866.05,10851.7,-4892.64,118.23,-827.6,-4774.41,-5602.01,,,
4611,956.77,2321.26,2871.15,287.53,157.09,-141.26,-2096.78,-17101.06,855.6,10818.08,-4756.32,118.07,-1071.6,-4638.24,-5709.85,,,
4621,956.66,2313.7,2871.4,297.48,158.97,-140.66,-2094.14,-17101.14,858.94,10876.19,-4785.62,118.07,-1002.6,-4667.54,-5670.14,,,
4631,1006.61,2290.7,2900.34,271.08,153.27,-136.1,-2032.95,-16941.22,838.85,10782.46,-4893.28,119.18,-866.96,-4774.1,-5641.06,,,
4641,1006.5,2361.53,2881.12,277.48,138.01,-141.6,-2107.76,-16966.76,852.44,10808,-4869.46,116.53,-891.04,-4752.93,-5643.98,,,
4651,952.96,2377.11,2856.11,277.39,151.7,-140.39,-2109.45,-17089.9,847.08,10755.75,-4710.77,116.21,-1121.64,-4594.56,-5716.2,,,
4661,927.28,2265.7,2873.76,281.27,153.52,-121.86,-2095.89,-17337.76,859.38,10904.55,-4618.71,114.67,-1290.05,-4504.05,-5794.09,,,
4671,1004.16,2278.57,2890.56,287.29,146.93,-139.18,-2029.24,-17211.48,834.72,10791.94,-4657.43,114.8,-1145.72,-4542.63,-5688.36,,,
4681,1036.01,2314.24,2878.71,282.48,137.02,-143.48,-2085.96,-17040.94,847.62,10791.43,-4781.94,115.27,-982.88,-4666.67,-5649.55,,,
4691,979.06,2264.44,2887.58,282.18,163.25,-132.51,-2074.18,-17071.76,854.98,10786.57,-4797.25,118.48,-1060.38,-4678.77,-5739.16,,,
4701,956.25,2219.13,2864.27,279.72,146.59,-133.26,-2088.46,-17211.54,877.16,10985.07,-4770.44,114.28,-1105.07,-4656.16,-5761.23,,,
4711,971.29,2349.31,2860.42,287.82,150.1,-132.51,-2071.39,-16905.28,838.82,10856.54,-4943.12,117.65,-794.88,-4825.47,-5620.35,,,
4721,988.52,2349.82,2901.38,292.69,147.81,-147.35,-2088.87,-16946.19,840.33,10844.13,-4911.26,120.32,-817.73,-4790.94,-5608.67,,,
4731,952.5,2375.64,2885.04,290.09,144.04,-134.13,-2104.82,-17060.23,845.73,10783.76,-4739.74,116.11,-1022.39,-4623.62,-5646.01,,,
4741,969.77,2323.48,2877.91,287.22,142.28,-123.63,-2054.78,-17018.49,866.51,10852.29,-4850.59,117.86,-877.45,-4732.73,-5610.18,,,
4751,1047.33,2305.51,2880.64,289.9,145.09,-140.95,-2072.12,-17071.32,863.02,10811.22,-4790.84,119.62,-941.67,-4671.22,-5612.89,,,
4761,998,2296.12,2931.22,283.38,153.93,-128.92,-2059.58,-16957.52,846.09,10755.23,-4892.36,118.34,-882.06,-4774.02,-5656.08,,,
4771,967.41,2348.8,2908.34,295.63,143.85,-150.46,-2054.11,-17097.74,854.48,10810.71,-4778.03,119.58,-973.09,-4658.46,-5631.55,,,
4781,954.16,2333.61,2860.43,291.66,145.33,-128.99,-2056.33,-17024.01,861.91,10888.71,-4900.18,119.88,-873.53,-4780.3,-5653.83,,,
4791,976.84,2229.76,2911.16,279.45,138.31,-134.49,-2085.34,-17088.25,845.54,10863.45,-4801.6,117.47,-1063.55,-4684.14,-5747.69,,,
4801,971.35,2282.36,2900.95,277.16,168.08,-152.07,-2107.56,-17060.68,849.06,10818.89,-4779.29,117,-1052.47,-4662.28,-5714.75,,,
4811,982.31,2361.71,2886.14,283.47,156.86,-149.46,-2075.61,-17233.87,847.92,10770.2,-4581.85,118.31,-1170.33,-4463.54,-5633.86,,,
4821,959.68,2311.36,2915.78,278.16,137.84,-133.01,-2071.1,-17243.18,855.29,10918.16,-4721.78,117.02,-1071.01,-4604.75,-5675.76,,,
4831,995.45,2364.98,2867.22,289.69,143.26,-141.44,-2080.61,-17066.73,835.82,10800.36,-4777.62,119.6,-992.01,-4658.02,-5650.03,,,
4841,1001.22,2392.49,2892.68,290.21,142.66,-154.34,-2065.5,-16881.05,819.6,10764.67,-4934.33,119.31,-797.34,-4815.02,-5612.35,,,
4851,999.61,2311.45,2912.24,277.67,150.98,-145.45,-2036.45,-16998.72,860.53,10883.71,-4910.43,120.99,-784.42,-4789.44,-5573.86,,,
4861,1026.17,2302.88,2880.01,281.18,145.54,-167.9,-2094.11,-17113.57,841.8,10871.79,-4764.07,118.08,-1026.19,-4645.99,-5672.18,,,
4871,967.05,2353.27,2918.79,280.41,148.99,-136.99,-2068.5,-16982.97,851.81,10799.99,-4853.21,118.8,-868.14,-4734.41,-5602.55,,,
4881,992.85,2321.89,2871.76,289.72,137.16,-139.03,-2060.71,-17113.5,843.16,10906.85,-4819.05,118.48,-949.85,-4700.57,-5650.42,,,
4891,997.65,2374.55,2886.7,288.55,141.52,-132.19,-2070.51,-17039.91,862.17,10803.64,-4841.86,116.35,-887.81,-4725.5,-5613.32,,,
4901,974.71,2385.72,2882.42,288.04,147.47,-147.06,-2018.42,-16874.71,847.15,10799.16,-4978.61,121.94,-715.5,-4856.66,-5572.16,,,
4911,996.67,2306.83,2866.87,279.64,152.43,-151.81,-2056.21,-16901,845.41,10779.66,-4937.8,117.26,-881.49,-4820.55,-5702.03,,,
4921,944.65,2361.7,2880.6,291.91,155.97,-132.22,-2109.92,-17012.43,865.81,10939.52,-4927.77,116.3,-814.42,-4811.48,-5625.9,,,
4931,976.73,2317.95,2893.4,288.47,155.32,-129.8,-2064.37,-17097.38,834.68,10821.4,-4779.7,118.57,-1003.61,-4661.13,-5664.74,,,
4941,1006.01,2313.97,2862.17,282.15,143.61,-111.93,-2094.35,-17188.52,849.82,10839.35,-4690.02,116.61,-1097.72,-4573.4,-5671.12,,,
4951,994.87,2282.73,2909.5,281.11,139.32,-149.5,-2080.36,-17216.77,867.05,10888.98,-4721.86,115.48,-1083.06,-4606.38,-5689.44,,,
4961,974.44,2301.76,2903.67,285.52,145.08,-120.46,-2097.71,-17177.28,855.37,10867.45,-4712.41,116.42,-1062.16,-4595.99,-5658.14,,,
4971,992.15,2258.72,2920.37,291.7,157.04,-120.75,-2062.04,-17096.96,871.07,10778.33,-4773.48,118.04,-1010.37,-4655.44,-5665.8,,,
4981,994.61,2302.04,2915.2,283.02,151.86,-141.73,-2050.33,-17366.29,848.86,10854.17,-4557.92,115.56,-1208.59,-4442.36,-5650.95,,,
4991,983.08,2298.49,2879.9,273.88,148.33,-142.52,-2063.39,-17231.44,831.84,10878.51,-4709.92,119.54,-1143.33,-4590.37,-5733.7,,,
5001,976.15,2283.2,2873.89,261.21,155.46,-137.27,-2044.9,-17181.43,866.38,10875.31,-4758.2,116.23,-1072,-4641.97,-5713.97,,,
5011,1014.07,2303.67,2894.91,286.58,147.58,-142.53,-2061.78,-17148.25,838.3,10906.79,-4801.37,118.32,-960.67,-4683.06,-5643.73,,,
5021,970.73,2340.1,2904.44,273.03,144.83,-146.33,-2057.18,-17250.19,831.84,10870.25,-4699.54,117.25,-1118.47,-4582.3,-5700.77,,,
5031,953.6,2295.94,2871.61,295.87,148.34,-132.97,-2083.95,-16954.1,824.76,10836.86,-4941.78,118.26,-944.04,-4823.52,-5767.56,,,
5041,984.94,2360.9,2877.61,285.62,159.14,-136.42,-2086.08,-16994.34,854.79,10905.1,-4933.21,118.82,-788.73,-4814.38,-5603.11,,,
5051,964.46,2293.51,2880.98,281.7,150.39,-128.6,-2055.47,-17051.12,867.23,10917.06,-4894.04,116.43,-879.88,-4777.61,-5657.49,,,
5061,936.64,2317.78,2848.92,276.11,150.37,-143.28,-2053.2,-16927.4,844.9,10897.14,-4968.11,119.12,-852.02,-4848.99,-5701.01,,,
5071,954.62,2334.37,2880.76,286.66,146.27,-149.37,-2104.74,-16988.39,848.54,10906.46,-4922.97,115.56,-884.82,-4807.41,-5692.23,,,
5081,954.06,2306.11,2888.78,280.37,153.21,-146.35,-2091.89,-17088.18,849.74,10980.79,-4910.99,116.97,-913.36,-4794.02,-5707.37,,,
5091,989.18,2372.07,2857.43,296.82,153.64,-135.81,-2032.31,-17239.73,871.84,10884.87,-4758.76,116.17,-981.99,-4642.59,-5624.58,,,
5101,944.32,2305.89,2902.91,284.46,139.37,-157.42,-2069.72,-17124.37,845.03,10889.16,-4843.92,113.54,-1040.37,-4730.38,-5770.75,,,
5111,1000.22,2395.18,2878.34,290.08,140.97,-143.91,-2097.95,-17002.48,835.81,10876.79,-4931.2,117.38,-826.96,-4813.82,-5640.78,,,
5121,1018.99,2302.26,2899.58,279.33,161.62,-147.37,-2082.11,-17153.02,837.6,10895.79,-4809.16,119.33,-987.31,-4689.83,-5677.14,,,
5131,1001.29,2355.61,2917.33,295.22,149,-129.71,-2126.82,-17131.26,849.48,10887.97,-4783.19,116.4,-931.89,-4666.79,-5598.68,,,
5141,943.55,2374.96,2894.61,282.34,161.48,-158.59,-2040.5,-17049.04,838.82,10880.21,-4914.99,121.33,-872.15,-4793.67,-5665.81,,,
5151,1023.41,2365.99,2859.27,289.1,159.15,-151.39,-2070.31,-17089.22,841.36,10857.87,-4842.04,116.37,-914.78,-4725.67,-5640.45,,,
5161,984.96,2357.45,2917.37,294.19,146.72,-155.25,-2084.55,-16901.76,852.75,10848.12,-4973.34,118.44,-739.99,-4854.9,-5594.88,,,
5171,998.65,2397.27,2909.51,286.22,155.57,-141.91,-2064.18,-17046.13,836.79,10819.5,-4860.41,116.96,-848.71,-4743.45,-5592.16,,,
5181,978.34,2322.48,2869.16,293.81,140.75,-127,-2081.95,-16952.24,836.36,10901.17,-4921.36,115.99,-819.12,-4805.37,-5624.49,,,
5191,976.81,2353.07,2886.59,293.82,157.12,-121.76,-2080.95,-16914.22,854.69,10831.33,-4948.33,116.91,-763.51,-4831.41,-5594.92,,,
5201,952.71,2345.99,2858.34,280.31,152.32,-147.52,-2077.62,-17058.75,870.74,10883.76,-4834.8,116.74,-939.71,-4718.06,-5657.77,,,
5211,993.64,2358.73,2887.72,287.99,153.23,-147.32,-2042.46,-16945.94,830.56,10761.47,-4887.39,118.17,-862.39,-4769.22,-5631.61,,,
5221,1008.97,2319.53,2900.94,283.45,155.73,-135.78,-2068.92,-16794.67,858.81,10785.11,-5020.51,119.54,-686.83,-4900.97,-5587.8,,,
5231,969.82,2367.37,2877.65,281.13,141.01,-146.89,-2102.3,-16800.04,836.99,10794,-5026.68,115.85,-781.25,-4910.83,-5692.07,,,
5241,1000.51,2269.96,2901.08,289.69,156.32,-143.14,-2064,-16817.84,863.74,10892.85,-5069.87,119.02,-650.84,-4950.85,-5601.69,,,
5251,965.31,2249.82,2876.16,277.47,147.71,-132.4,-2048.14,-16865.1,842.3,10854.18,-4994.56,119.81,-832.7,-4874.75,-5707.45,,,
5261,1007.9,2264.39,2883.18,286.51,158.49,-139.46,-2070.8,-17130.98,855.8,10858.86,-4784.67,115.52,-1026.1,-4669.16,-5695.25,,,
5271,993.97,2328.5,2899.75,290.61,154.67,-146.7,-2108.57,-16987.92,849.24,10857.82,-4891.33,115.68,-868.63,-4775.65,-5644.28,,,
5281,937.48,2318.61,2872.7,298.48,149.61,-160.09,-2089.83,-17104.07,861.89,10861.76,-4823.01,117.11,-1053.47,-4705.89,-5759.36,,,
5291,1007.69,2353.72,2866.4,283.04,145.95,-158.27,-2069.25,-17046.88,844.07,10888.99,-4875.43,115.3,-884.55,-4760.12,-5644.68,,,
5301,972.82,2337.51,2906.63,290.45,162.26,-143.29,-2075.43,-17114.59,850.03,10785.67,-4751.43,114.97,-1027.94,-4636.46,-5664.4,,,
5311,972.95,2285.62,2872.36,276.28,140.76,-133.14,-2066.23,-17080.74,852.42,10863.13,-4799.06,116.69,-1016.59,-4682.36,-5698.96,,,
5321,993.89,2296.55,2902.47,296.08,143,-143.25,-2096.71,-17061.8,846.24,10875.23,-4843,112.59,-948.29,-4730.41,-5678.7,,,
5331,999.44,2350.65,2894.14,288.44,148.44,-136.37,-2084.03,-17065.93,844.18,10818.94,-4811.75,114.69,-942.1,-4697.06,-5639.15,,,
5341,972.78,2374.48,2871.68,286.02,152.67,-132.72,-2076.42,-17009.52,846.72,10805.89,-4858.33,116.26,-908.42,-4742.07,-5650.49,,,
5351,1000.47,2325.33,2896.35,275.12,158.92,-130.86,-2075.13,-17000.59,858.03,10844.13,-4883.49,116.68,-848.24,-4766.81,-5615.05,,,
5361,988.84,2302.52,2854.88,275.65,142.93,-126.44,-2088.98,-17143.57,848.31,10855.95,-4741.56,117.45,-1089.9,-4624.12,-5714.01,,,
5371,995.73,2332.3,2888.54,278.37,154.4,-128.85,-2031.74,-17161.45,855.43,10820.74,-4759.09,115.06,-996.53,-4644.03,-5640.56,,,
5381,961.76,2339.08,2845.86,280.88,143.4,-130.01,-2041.22,-17236.96,860.47,10877.75,-4701.54,116.12,-1098.99,-4585.41,-5684.4,,,
5391,1018.16,2342.42,2889.85,289.53,143.7,-120.72,-2058.17,-17265.97,836.12,10820.42,-4638.28,117.25,-1104.67,-4521.03,-5625.7,,,
5401,968.65,2386.92,2902.81,283.5,145.35,-133.49,-2033.54,-17247.77,858.59,10937.86,-4725.25,120.37,-931.11,-4604.88,-5535.99,,,
5411,997.95,2340.73,2923.48,279.79,143.35,-139.85,-2061.94,-17213.06,834.11,10834.8,-4704.08,120.17,-1060.65,-4583.91,-5644.55,,,
5421,983.97,2269.51,2908.62,291.9,154.09,-137.26,-2072.74,-17321.93,858.13,10927.97,-4643.69,114.7,-1137.73,-4528.99,-5666.72,,,
5431,982.1,2338.13,2895.42,277.01,136.84,-138.36,-2035.52,-17098.71,848.46,10844.35,-4853.77,118.44,-950.28,-4735.34,-5685.61,,,
5441,950.48,2365.88,2855.11,295.3,149.82,-149.08,-2085.87,-16946.6,877.19,10879.43,-4945.34,116.49,-808.34,-4828.86,-5637.19,,,
5451,1013.43,2377.26,2910.53,290.23,152.7,-158.8,-2049.04,-17184.57,831.67,10831.85,-4753.97,119.02,-984.76,-4634.96,-5619.71,,,
5461,993.92,2305.01,2868.67,292.79,140.62,-136.8,-2071.68,-17099.25,829.57,10785.49,-4764.91,119.29,-1091.65,-4645.62,-5737.27,,,
5471,1006.52,2332.9,2870.91,282.02,142.42,-130.42,-2055.37,-16988.43,848.72,10811.09,-4880.2,118.46,-879.62,-4761.74,-5641.36,,,
5481,981.47,2292.6,2911.6,272.26,159.81,-144.27,-2020.51,-17217.14,846.65,10795.4,-4667.59,119.79,-1122.11,-4547.8,-5669.91,,,
5491,1018.2,2337.04,2897.79,295.76,148.03,-149.98,-2023.53,-17108.23,849.61,10758.65,-4736.77,117.39,-976.64,-4619.39,-5596.02,,,
5501,985.57,2337.87,2874.64,292.97,139.73,-145.9,-2081.55,-17121.48,842.09,10833.13,-4706.7,119.25,-1042.94,-4587.45,-5630.39,,,
5511,1016.56,2351.67,2885.06,293.35,142.17,-136.67,-2079.85,-17118.12,839.88,10867.54,-4770.4,118.04,-938.41,-4652.37,-5590.78,,,
5521,1036.98,2335.83,2875.52,298.94,147.23,-136.99,-2038.96,-17113.62,846.1,10861.06,-4819.29,120.47,-887.91,-4698.82,-5586.73,,,
5531,1030.23,2320.28,2876.03,300.9,155.66,-143.67,-2072.68,-17132.89,842.12,10880.89,-4770.72,119.54,-943.13,-4651.17,-5594.31,,,
5541,992.69,2379.41,2873.99,281,153.75,-148.46,-2074.52,-17064.94,838.89,10812.4,-4785.38,118.56,-955.81,-4666.82,-5622.63,,,
5551,992.71,2407.56,2901.73,289.18,152.66,-143.59,-2078.4,-17261.07,840.59,10801.91,-4594.77,114.25,-1096.71,-4480.52,-5577.23,,,
5561,1025.59,2353.08,2876.01,280.26,159.99,-130.01,-2060.09,-17198.64,845.5,10866.97,-4730.23,117.35,-981.34,-4612.88,-5594.22,,,
5571,973.84,2275.38,2871,266.64,164.42,-130.87,-2070.99,-17215.22,856.26,10900.38,-4710.33,118.61,-1109.16,-4591.72,-5700.88,,,
5581,1015.58,2289.99,2862.89,279.89,161.13,-143.74,-2074.78,-17160.75,824.27,10794.6,-4736.03,119.2,-1150.91,-4616.83,-5767.74,,,
5591,1005.51,2431.08,2907.19,287.3,148.35,-133.94,-2075.68,-17022.72,846.36,10710.04,-4784,117.8,-896.49,-4666.2,-5562.69,,,
5601,989.86,2308.48,2885.66,287.41,162.69,-136.16,-2047.11,-17199.22,864.31,10802.54,-4694.73,118.78,-1081.55,-4575.95,-5657.5,,,
5611,989.91,2364.65,2910.97,291.33,151.93,-137.92,-2059.82,-17188.26,834.3,10779.48,-4686.02,117.47,-1063.42,-4568.55,-5631.97,,,
5621,999.39,2281.05,2906.68,279.27,154.47,-138.86,-2073.97,-17258.12,846.92,10807.51,-4610.84,119.27,-1195.66,-4491.57,-5687.23,,,
5631,951.33,2329.12,2870.09,282.87,145.67,-129.2,-2019.5,-17246.17,846.94,10874.49,-4696.19,120.24,-1094.35,-4575.95,-5670.3,,,
5641,984.63,2415.28,2862.13,294.2,143.69,-137.67,-2023.18,-17212.76,840.59,10767.63,-4686.13,118.62,-1065.46,-4567.52,-5632.97,,,
5651,981.42,2292.09,2884.35,277.75,173.11,-152.92,-2044,-17201.06,855.71,10918.08,-4793.42,117.4,-1015.48,-4676.01,-5691.49,,,
5661,986.06,2334.11,2862.56,284.14,148.63,-147.22,-2064.35,-17290.39,848.58,10902.58,-4674.11,115.83,-1135.31,-4558.27,-5693.58,,,
5671,1020.65,2286.95,2903.82,288.26,140.46,-140.43,-2092.31,-17247.2,854.43,10844.92,-4671.23,114.93,-1140.44,-4556.3,-5696.73,,,
5681,994.54,2305.67,2928.46,284.96,159.34,-146.61,-2047,-17011.56,844.64,10914.25,-4935.99,117.15,-773.31,-4818.85,-5592.15,,,
5691,965.3,2297.75,2883.17,276.99,135.23,-130.19,-2098.02,-16967.67,865.7,10831.46,-4896.35,118.96,-940.28,-4777.39,-5717.67,,,
5701,974.38,2257.78,2913.41,289.77,158.69,-136.91,-2034.13,-17346.04,857.55,10894.26,-4610.24,116.83,-1171.23,-4493.41,-5664.64,,,
5711,944.42,2322.32,2898.5,284.84,150.96,-136.7,-2059.13,-17088.63,865.33,10826.12,-4782.65,117.19,-991.97,-4665.47,-5657.44,,,
5721,981.82,2263.38,2912.98,281.41,136.53,-153.1,-2100.54,-17121.6,860.64,10888.78,-4787.11,115.43,-1049.7,-4671.68,-5721.38,,,
5731,965.87,2332,2877.53,295.12,147.87,-129.39,-2055.13,-17264.95,842.1,10865.04,-4681.14,117.19,-1123.93,-4563.95,-5687.88,,,
5741,1014.56,2290.15,2895.78,284.16,158.15,-144.68,-2017.29,-17286.49,865.2,10854.19,-4683.58,117.41,-1086.27,-4566.17,-5652.43,,,
5751,938.47,2291.72,2853.71,279.09,159.74,-129.86,-2036.08,-17356.66,880.45,10895.83,-4575.41,117.25,-1223.59,-4458.16,-5681.75,,,
5761,988.29,2343.44,2883.74,280.78,138.63,-125.52,-2088.5,-17244.52,829.78,10854.4,-4653.1,117.42,-1139.47,-4535.68,-5675.15,,,
5771,1016.03,2297.3,2872.91,280.35,135.24,-128.69,-2055.16,-17182.89,849.55,10876.08,-4746.14,119.47,-1039.29,-4626.67,-5665.96,,,
5781,949.95,2349.56,2898.32,278.33,167.07,-123.62,-2064.25,-17413.4,843.04,10841.87,-4529.49,116.53,-1273.12,-4412.96,-5686.08,,,
5791,973.88,2280.34,2859.45,290.18,137.37,-128.14,-2056.47,-17299.22,852.92,10905.69,-4646.92,116.38,-1184.01,-4530.55,-5714.56,,,
5801,998.55,2355.52,2867.17,288,139.71,-131.37,-2072.57,-17051.02,863.58,10868.18,-4852.44,116.45,-874.25,-4735.99,-5610.24,,,
5811,975.63,2303.48,2899.6,285.71,154.03,-135.63,-2033.82,-17302.59,851.72,10861.71,-4654.66,116.53,-1140.16,-4538.13,-5678.29,,,
5821,1032.98,2316.07,2931.57,297.42,148.52,-138.01,-2059.54,-17115.38,824.16,10783.37,-4764.48,116.19,-978.84,-4648.29,-5627.13,,,
5831,982.77,2383.78,2870.57,295.21,154.04,-151.18,-2106.17,-17041.07,830.11,10771.22,-4775.65,114.24,-1010.73,-4661.41,-5672.14,,,
5841,1000.52,2371.12,2893.45,291.16,153.08,-128.08,-2065.14,-17049.48,848.83,10796.53,-4814.15,117.4,-888.02,-4696.75,-5584.77,,,
5851,963.9,2320.43,2874.02,281.15,151.72,-134.71,-2054.73,-17241.84,891.26,10837.28,-4687.29,117.65,-1111.52,-4569.64,-5681.17,,,
5861,951.2,2381.89,2887.65,289.87,156.14,-123.44,-2077.92,-17094.09,840.22,10804.43,-4767.25,116.6,-984.04,-4650.65,-5634.69,,,
5871,982.19,2314.18,2895.39,285.79,133.73,-136.23,-2070.9,-17090.77,850.98,10838.24,-4801.77,116.77,-997.41,-4684.99,-5682.4,,,
5881,930.87,2361.98,2910.59,302.29,154.57,-138.34,-2049.45,-16981.17,860.08,10797.47,-4895.89,119.21,-851.12,-4776.67,-5627.79,,,
5891,1011.1,2333.17,2853.2,291.77,154.43,-147.34,-2070.29,-16941.18,873.03,10723.95,-4875.87,116.21,-918.15,-4759.66,-5677.81,,,
5901,1011.29,2341.43,2886.95,289.14,143.43,-143.59,-2040.06,-17072.25,845.84,10713.77,-4755.82,117.3,-1024.05,-4638.53,-5662.58,,,
5911,1011.92,2297.83,2897.09,295.38,153.83,-139.17,-2040.06,-17146.65,833.72,10805.4,-4706.54,119.68,-1030.71,-4586.87,-5617.58,,,
5921,977,2285.13,2906.67,280.62,156.53,-139.88,-2059.31,-17136.7,852.11,10645.51,-4612.29,114.06,-1232.31,-4498.23,-5730.55,,,
5931,977.57,2326.68,2894.69,282.75,158.24,-147.79,-2054.74,-17161.37,845.52,10817.93,-4698.27,117.83,-1060.53,-4580.45,-5640.97,,,
5941,970.84,2260.85,2862.78,278.26,140.06,-141.55,-2039.11,-17279.38,847.98,10765.86,-4555.86,117.8,-1333.41,-4438.06,-5771.47,,,
5951,956.79,2316.07,2903.56,275.71,134.51,-138.59,-2034.94,-17231.9,863.15,10816.99,-4622.49,117.33,-1138.63,-4505.16,-5643.79,,,
5961,984.94,2279.92,2868.96,279.49,161.13,-151.91,-2067.77,-17135.53,835.05,10813.56,-4710.31,118.74,-1132.16,-4591.57,-5723.73,,,
5971,981.12,2278.63,2869.11,284.46,145.12,-144.04,-2065.05,-17114.22,833.39,10723.85,-4682.71,116.1,-1207.63,-4566.61,-5774.24,,,
5981,976.21,2271.72,2877.14,286.17,148.89,-136.46,-2058.85,-17174.73,844.86,10772.7,-4651.51,113.72,-1192.33,-4537.79,-5730.13,,,
5991,989.84,2360.85,2902.39,286.3,161.21,-127.21,-2052.99,-17412.08,837.46,10715.32,-4445.21,117.23,-1338.92,-4327.98,-5666.9,,,
6001,979.45,2318.28,2866.99,283.86,146.37,-141.46,-2063.49,-17321.43,847.03,10875.23,-4604.78,115.04,-1209.17,-4489.74,-5698.91,,,
6011,1027.73,2302.78,2912.72,296.43,147.7,-137.87,-2031.34,-17243.18,834.85,10741.49,-4608.65,120.9,-1148.69,-4487.75,-5636.44,,,
6021,964.19,2285.03,2885.75,290.49,150.23,-137.44,-2042.43,-17405.54,857.97,10797.69,-4510.63,117.76,-1354.06,-4392.87,-5746.93,,,
6031,983.88,2277.01,2857.81,279.77,166.17,-129.32,-2068.33,-17195.36,847.63,10817.53,-4701.27,117.26,-1163.21,-4584.01,-5747.23,,,
6041,1000.68,2329.32,2889.41,274.35,165.5,-160.89,-2057.04,-17168.24,847.24,10816.69,-4701.6,115.88,-1062.99,-4585.73,-5648.71,,,
6051,959.24,2318.36,2897.32,278.98,145.23,-137.77,-2057.87,-17266.88,836.57,10835.69,-4586.35,115.71,-1191.12,-4470.64,-5661.76,,,
6061,965.89,2314.99,2871.76,291.53,151.36,-125.68,-2045.14,-17303.6,849.56,10688.66,-4497.8,115.79,-1340.67,-4382.01,-5722.68,,,
6071,994.18,2291.57,2853.42,274.11,146.54,-123.01,-2058.66,-17281.17,839.02,10728.73,-4559.44,118.41,-1335.27,-4441.03,-5776.3,,,
6081,961.75,2315.79,2910.2,279.69,141.46,-136.16,-2061.99,-17184.01,862.71,10722.98,-4656.26,119.49,-1187.58,-4536.77,-5724.35,,,
6091,973.83,2307.76,2889.17,285.23,151.69,-150.74,-2033.19,-17239.33,847.57,10704.8,-4576.62,118.43,-1263.21,-4458.18,-5721.4,,,
6101,992.01,2345.75,2884.39,287.23,149.79,-138.19,-2070.25,-17374.26,827.61,10760.27,-4467.15,118.62,-1335.65,-4348.53,-5684.19,,,
6111,927.41,2395.32,2869.73,290.84,136.32,-139,-2015.49,-17233.62,841.97,10675.52,-4575.12,118.02,-1251.02,-4457.1,-5708.12,,,
6121,997.41,2326.88,2885.49,282.07,150.56,-146.36,-2066.34,-17070.92,869.4,10683.19,-4671.37,120.67,-1088.61,-4550.7,-5639.31,,,
6131,955.97,2305.66,2887.49,279.26,146.58,-137.56,-2000.75,-17138.63,855.14,10721.55,-4705.64,119.86,-1125.29,-4585.78,-5711.07,,,
6141,972.84,2319.43,2899.66,281.97,148.46,-143.73,-2048.91,-17164.39,829.12,10698.51,-4635.3,117.11,-1207.04,-4518.19,-5725.23,,,
6151,1025.26,2288.46,2878.07,286.92,144.26,-140.1,-2068.9,-17140.09,840.99,10705.49,-4618.19,117.31,-1179.65,-4500.88,-5680.53,,,
6161,989.44,2331.91,2837.48,282.6,141.23,-138.92,-2029.45,-17187.72,842.01,10710.19,-4639.54,119.58,-1221.23,-4519.96,-5741.19,,,
6171,1001.9,2331.61,2897.47,296.7,154.43,-143.95,-2059.08,-17180.01,857.42,10766.32,-4648.57,119.57,-1077.19,-4529,-5606.19,,,
6181,1024.4,2345.86,2850.35,300.92,158.28,-154.28,-2025.56,-17256.04,822.06,10772.08,-4621.15,119.5,-1161.94,-4501.65,-5663.59,,,
6191,990.56,2361.82,2865.92,286.15,149.43,-143.78,-2056.11,-17037.67,845.45,10751.92,-4776.85,120.05,-986.31,-4656.79,-5643.11,,,
6201,967.16,2277.76,2904.25,285.15,157.2,-149.44,-2052.6,-17013.7,857.02,10691.54,-4750.08,118.97,-1075.66,-4631.11,-5706.77,,,
6211,1004.24,2385.42,2866.28,295.47,156.55,-129.36,-2048.58,-17229.42,839.86,10766.3,-4618.32,119.68,-1093.24,-4498.65,-5591.89,,,
6221,990.95,2326.73,2889.81,292.59,154.97,-154.16,-2044.23,-17216.63,876.15,10759.91,-4603.72,118.34,-1123.91,-4485.38,-5609.28,,,
6231,962.47,2343.19,2905.63,282.1,150.57,-140.98,-2032.44,-17141.92,859.67,10707.34,-4667.42,119.88,-1104.37,-4547.53,-5651.9,,,
6241,976.16,2309.89,2898.72,287.01,146.75,-124.73,-2076.78,-17189.56,852.55,10749.65,-4648.34,119.72,-1170.32,-4528.62,-5698.94,,,
6251,983.84,2277.47,2867.29,283.83,144.96,-149.73,-2069.3,-17120.77,838.17,10739.54,-4667.78,120.96,-1204.69,-4546.83,-5751.51,,,
6261,975.39,2365.41,2898.18,296.36,150.6,-161.74,-2071.77,-17194.29,844.99,10760.12,-4602,118,-1136.74,-4484,-5620.74,,,
6271,986.67,2355.05,2905.75,297.9,157.95,-149.46,-2088.64,-17173.58,835.5,10694.92,-4616.85,117.2,-1177.95,-4499.65,-5677.61,,,
6281,1002.24,2297.73,2871.36,277.18,144.25,-151.36,-2007.61,-17224.71,859.24,10730.77,-4603.04,119.11,-1200.9,-4483.93,-5684.83,,,
6291,1027.42,2319.48,2904.66,281.32,147.44,-145.7,-2044.66,-17246.61,836.16,10730.81,-4558.24,120.15,-1189.68,-4438.09,-5627.77,,,
6301,1001.15,2300.85,2893.74,283.35,152.94,-140.04,-2023.28,-17188.52,839.17,10712.88,-4626.45,119.29,-1167.78,-4507.16,-5674.95,,,
6311,1006.04,2348.28,2870.89,286.5,144.72,-144.2,-2060.99,-17202.87,827.36,10733.19,-4633.95,119.55,-1191.08,-4514.4,-5705.47,,,
6321,980.06,2353.24,2903.12,279.44,154.27,-151.57,-2003.99,-17359.91,854.01,10708.28,-4460.47,120.66,-1283.06,-4339.81,-5622.87,,,
6331,969.22,2346.28,2896.67,284.04,141.1,-149.14,-2053.72,-17200.31,835.15,10775.91,-4641.24,118.68,-1154.8,-4522.56,-5677.36,,,
6341,999.8,2338.52,2895.98,287.64,150.07,-161.48,-2081.86,-17143.97,855.46,10760.1,-4708.93,117.59,-1099.75,-4591.34,-5691.09,,,
6351,1014.16,2288.7,2880.4,276.44,160.17,-147.76,-2055.7,-17174.08,825.15,10763.74,-4663.91,119.52,-1168.78,-4544.39,-5713.17,,,
6361,1016.88,2358.52,2903.27,293.19,158,-140.67,-2038.13,-17208.06,844.88,10700.74,-4607.38,117.38,-1111.39,-4489.99,-5601.38,,,
6371,983.49,2332.6,2878.43,283.8,155.81,-127.08,-2043.78,-17253.17,862.67,10719.58,-4575.22,119.94,-1207.64,-4455.29,-5662.92,,,
6381,973.62,2357.38,2873.16,284.42,144.86,-144.63,-1988.54,-17266.72,862.36,10735.67,-4609.01,121.33,-1168.43,-4487.68,-5656.11,,,
6391,998.02,2367.38,2895.31,300.86,146.83,-138.09,-2034.78,-17157.35,839.92,10718.98,-4705.7,120.29,-1062.92,-4585.41,-5648.33,,,
6401,932.15,2320.96,2865.86,281.84,155.02,-138.57,-2044.93,-17147.28,845.41,10785.41,-4711.61,118.28,-1144.13,-4593.34,-5737.46,,,
6411,1015.32,2347.46,2883.73,295.83,145.38,-123.24,-2075.94,-17141.35,848.89,10803.54,-4696.8,116.49,-1000.4,-4580.31,-5580.71,,,
6421,1015.36,2333.84,2906.37,287.93,156.41,-138.32,-2074.96,-17139.44,840.8,10822.47,-4725.78,116.74,-989.52,-4609.04,-5598.56,,,
6431,989.7,2283.56,2879.75,265.03,140.43,-136.59,-2050.67,-17107.07,851.26,10725.19,-4706.4,116.86,-1159.42,-4589.54,-5748.95,,,
6441,1030.87,2357.73,2867.96,303.43,150.76,-153.34,-2078.89,-17110.59,834.66,10748.73,-4724.22,118.73,-1048.68,-4605.49,-5654.17,,,
6451,985.3,2349.35,2904.51,287.71,153.46,-155.82,-2037.36,-17265.12,848.96,10835.1,-4655.42,119.85,-1093.9,-4535.56,-5629.46,,,
6461,985.3,2399.63,2831.52,294.35,140.86,-129.21,-2044.8,-17204.97,884.5,10775.87,-4673.38,115.47,-1066.95,-4557.91,-5624.86,,,
6471,985.12,2267.6,2864.88,275.02,157.08,-136.33,-2065.41,-17324.04,834.51,10811.97,-4572.69,116.95,-1329.62,-4455.74,-5785.36,,,
6481,992.12,2263.83,2887.05,274.55,143.57,-144.12,-2062.84,-17285.12,855.29,10783.28,-4569.93,116.9,-1292.38,-4453.03,-5745.4,,,
6491,960.85,2332.89,2874.67,300.38,142.24,-143.4,-2020.85,-17250.15,846.21,10680.11,-4565.18,118.44,-1277.05,-4446.74,-5723.79,,,
6501,970.73,2332.45,2871.49,269.25,167.61,-165.08,-2088.28,-17149.7,847.81,10780.71,-4693.91,114.99,-1163.02,-4578.91,-5741.93,,,
6511,1000.81,2369.69,2854.7,284.71,150.76,-142.26,-2049.28,-17121,844.01,10800.16,-4752.71,117.32,-1007.68,-4635.38,-5643.06,,,
6521,966.66,2338.53,2878.74,290.71,144.54,-147.69,-2079.72,-17148.05,857.26,10782.57,-4714.35,117.09,-1116.46,-4597.25,-5713.72,,,
6531,979.04,2394.41,2870,272.98,146.87,-134.41,-2079.28,-17187.29,820.93,10808.99,-4681.39,118.29,-1107.76,-4563.1,-5670.87,,,
6541,987.97,2299.67,2873.84,293.16,161.58,-139.26,-2024.76,-17139.19,864.15,10775.55,-4764.43,119.47,-1047.29,-4644.96,-5692.25,,,
6551,1015.48,2286.65,2847.69,295.51,154.93,-148.77,-2043.71,-17136.83,854.48,10799.73,-4727.1,118.97,-1074.84,-4608.13,-5682.97,,,
6561,1013.46,2338.81,2887.12,307.94,149.78,-150.03,-2072.85,-16958.07,859.98,10746.88,-4847.74,119.74,-876.98,-4728,-5604.98,,,
6571,972.99,2343.44,2899.35,287.05,156.95,-160.32,-2020.21,-16992.1,826.9,10783.54,-4879.19,120.05,-902.4,-4759.15,-5661.54,,,
6581,992.29,2280.01,2871.45,299.58,154.13,-140.4,-2070.73,-17115.27,836.04,10818.79,-4769.43,119.19,-1074.12,-4650.25,-5724.37,,,
6591,980.02,2315.53,2942.98,278.75,150.93,-158.81,-2060.23,-17152.82,861.48,10807.67,-4685.65,117.97,-1034.51,-4567.68,-5602.19,,,
6601,971.78,2304.22,2863.56,280.47,169.52,-132.96,-2028.87,-17396.25,849.82,10868.42,-4561.55,120.61,-1250.3,-4440.94,-5691.24,,,
6611,971.77,2382.7,2878.09,289.11,145.01,-121.29,-2083.51,-17206.67,846.83,10835.2,-4684.63,117.04,-1062.76,-4567.59,-5630.35,,,
6621,962.82,2399.6,2915.62,289.98,154.15,-130.72,-2083.83,-17254.12,866.75,10876.9,-4698.77,116.76,-1002.85,-4582.01,-5584.86,,,
6631,1013.42,2338.4,2905.89,289.44,150.88,-123.24,-2068.14,-17088.61,836.68,10769.81,-4732.28,121.18,-975.47,-4611.11,-5586.57,,,
6641,953.48,2354.14,2852.49,284.89,129.07,-124.77,-2034.03,-17240.98,866.78,10792.27,-4656.89,115.28,-1166.67,-4541.61,-5708.28,,,
6651,1057.87,2338.33,2850.71,276.73,145.52,-139.37,-2067.88,-17082.61,831.9,10735.19,-4726.9,116.43,-1053.61,-4610.47,-5664.07,,,
6661,1006.31,2335.79,2847.45,282.77,154.24,-140.24,-2040.62,-17054.16,832.05,10776.91,-4813.61,118.45,-999.51,-4695.16,-5694.67,,,
6671,1019.23,2338.18,2935.65,295.58,140.34,-152.54,-2081.81,-17253.25,847.87,10794.05,-4643.69,116.05,-1116.68,-4527.64,-5644.33,,,
6681,1041.66,2320.55,2935.59,301.58,156.58,-152.34,-2040.34,-17096.59,863.35,10769.53,-4766.23,118.3,-900.42,-4647.93,-5548.35,,,
6691,972.97,2326.59,2884.12,294.25,141.48,-149.45,-2025.09,-17306.81,882.48,10804.92,-4600.43,116.87,-1174.55,-4483.56,-5658.12,,,
6701,1008.75,2275.94,2904.12,277.08,158.34,-131.11,-2019.25,-17239.68,848.17,10814.59,-4674.24,117.8,-1103.06,-4556.44,-5659.5,,,
6711,1015.72,2330.47,2887.51,291.65,154.89,-150.27,-2058.15,-17095.98,829.91,10793.53,-4750.95,119.09,-1000.72,-4631.86,-5632.57,,,
6721,968.24,2307.77,2887.89,279.99,142.23,-153.03,-2054.4,-17182.26,848.08,10894.1,-4769.02,118.51,-1061.39,-4650.51,-5711.9,,,
6731,1008.47,2390.83,2873.96,279.13,142.1,-142.68,-2057.15,-17200.59,832.91,10801.53,-4718.79,116.53,-1071.48,-4602.26,-5673.74,,,
6741,1050.39,2322.2,2886.36,301.69,142.01,-155.34,-2058.57,-17077.46,847.65,10780.05,-4760.88,118.02,-961.01,-4642.87,-5603.88,,,
6751,963.62,2402.2,2892.21,289.31,152.14,-164.81,-2087.78,-17320.24,867.85,10870.29,-4621.53,117.61,-1135.21,-4503.92,-5639.13,,,
6761,1014.35,2323.44,2914.85,286.42,139.39,-162.99,-2007.08,-17284.94,844.61,10911.42,-4715.86,120.21,-1020.52,-4595.64,-5616.17,,,
6771,996.9,2348.22,2894.15,276.83,150.76,-160.32,-2041.73,-17050.19,823.41,10838.03,-4848.85,121.2,-923.94,-4727.65,-5651.58,,,
6781,986.07,2324.53,2908.33,289.61,167.56,-161.42,-2069.93,-17179.54,850.16,10872.48,-4753.38,120.5,-1012.14,-4632.88,-5645.03,,,
6791,1009.71,2365.37,2913.44,290.75,145.3,-148.17,-2046.29,-17231.87,864.53,10801.85,-4660.65,115.81,-1035.37,-4544.84,-5580.21,,,
6801,974.06,2302.74,2864.16,290.67,150.94,-130.65,-2035.35,-17356.98,849.07,10908.97,-4598.01,116.73,-1182.36,-4481.28,-5663.64,,,
6811,1003.71,2321.2,2883.8,285.94,144.28,-149.2,-2045.35,-17260.48,835.35,10839.44,-4657.62,120.07,-1141.32,-4537.54,-5678.86,,,
6821,1015.27,2377.99,2892.57,283.07,143.22,-148.48,-2017.66,-17277.79,857.19,10763.3,-4618.51,120.07,-1111.33,-4498.44,-5609.77,,,
6831,978.8,2327.63,2869.51,277.68,144.42,-144.9,-2066.1,-17155.66,826.26,10778.16,-4733.88,121.97,-1164.2,-4611.9,-5776.1,,,
6841,970.89,2275.46,2900.73,286.31,143.5,-133.66,-2028.65,-17274.49,867.07,10857.98,-4645.72,120.03,-1134.86,-4525.69,-5660.55,,,
6851,1022.18,2336.16,2907.52,290.22,163,-153.36,-2057.63,-17296.01,851.97,10803.73,-4589.15,118.68,-1132.22,-4470.47,-5602.69,,,
6861,961.33,2365.96,2881.49,293.39,153.8,-140.17,-2060.73,-17340.51,867.01,10876.87,-4601.41,119.56,-1141.56,-4481.85,-5623.41,,,
6871,982.71,2261.62,2897.79,279.3,154.85,-137.58,-2047.72,-17394.02,850.26,10906.55,-4556.68,114.48,-1246.25,-4442.19,-5688.44,,,
6881,998.76,2356.45,2871.96,293.33,165.64,-139.08,-2082.95,-17148.67,851.57,10821.25,-4726.61,114.63,-1011.74,-4611.98,-5623.72,,,
6891,1009.96,2391.08,2899.46,307.23,153.41,-154.44,-2056.9,-17210.15,862.19,10794.53,-4676.5,114.38,-1003.64,-4562.12,-5565.76,,,
6901,989.95,2306.55,2916.13,285.02,149.77,-130.45,-2075.77,-17124.89,876.82,10860.88,-4777.72,116.93,-945.99,-4660.79,-5606.78,,,
6911,977.21,2268.65,2887.88,280.3,156.89,-141.71,-2030.97,-17584.99,848.89,10971.1,-4464.63,117.36,-1366.76,-4347.27,-5714.03,,,
6921,972.65,2353.52,2882.04,293.4,149.8,-144.76,-2056.39,-17124.73,850.79,10849.73,-4791.48,117.8,-973.95,-4673.68,-5647.63,,,
6931,1049.42,2314.26,2893.51,280.75,160.01,-138.48,-2072.32,-17033.21,814.66,10884.86,-4887.32,119.05,-846.54,-4768.28,-5614.82,,,
6941,1007.38,2338.37,2896.18,286.48,143.85,-123,-2090.64,-17135.91,853.87,10865.52,-4731.78,116.19,-957.91,-4615.59,-5573.5,,,
6951,992.6,2360.22,2870.65,289.78,149.59,-143.9,-2044.27,-17239.28,840.23,10864.03,-4668.87,116.12,-1060.36,-4552.75,-5613.11,,,
6961,965.8,2296.06,2916.96,286.93,139.37,-147.03,-2051.13,-17097.5,852.42,10900.9,-4825.73,118.91,-937.21,-4706.81,-5644.03,,,
6971,952.62,2382.79,2910.31,289.64,148.04,-142.36,-2054,-17085.93,858.21,10910.2,-4862.67,117.41,-830.48,-4745.26,-5575.74,,,
6981,1002.51,2329.46,2910.05,300.39,142.26,-145.48,-2040.97,-17100.11,852.8,10750.52,-4795.26,114.49,-998.57,-4680.77,-5679.34,,,
6991,1018.38,2397.12,2894.19,282.23,147.79,-134.95,-2043.05,-17175.17,827.31,10775.72,-4717.95,115.38,-1010.44,-4602.57,-5613.01,,,
7001,984.56,2350.15,2851.2,286.8,152.44,-120.35,-2041.56,-17140.85,840.41,10910.17,-4813.11,115.9,-927.03,-4697.21,-5624.24,,,
7011,911.93,2334.03,2872.46,282.08,147.92,-150.06,-2019.65,-16900.32,853.63,10823.57,-4975.27,122.42,-844.42,-4852.85,-5697.27,,,
7021,971.58,2326.36,2897.79,288,141.95,-142.73,-2061.68,-17015.05,869.95,10835.39,-4885.49,114.93,-888.43,-4770.56,-5658.99,,,
7031,983.87,2297.15,2855.98,297.79,143.14,-141.79,-2092.09,-16953.86,851.69,10763.98,-4886.47,118.89,-994.16,-4767.58,-5761.73,,,
7041,1005.22,2399.5,2900.66,282.01,152.67,-145.24,-2041.6,-16979.17,849.36,10801.47,-4878.37,121.32,-775.12,-4757.06,-5532.18,,,
7051,990.81,2379.34,2866.79,292.94,157.16,-147.06,-2051.04,-17044.22,823.93,10796.11,-4836.67,122.7,-935.24,-4713.97,-5649.21,,,
7061,974.37,2356.93,2888.1,295.86,134.94,-122.21,-2038.38,-16915.19,864.27,10804.19,-4979.39,122.17,-757.12,-4857.22,-5614.34,,,
7071,1004.2,2273.9,2856.95,289.56,130.83,-129.74,-2109.5,-16877.09,847.62,10841.67,-4975.74,121.99,-871.59,-4853.75,-5725.34,,,
7081,967.99,2298.66,2873.87,273.09,147.95,-126.41,-2047.36,-17017.47,848.38,10785.06,-4814.87,118.78,-996.24,-4696.09,-5692.33,,,
7091,995.18,2319.55,2867.58,295.87,147.95,-129.63,-2048.68,-16919.2,844.88,10822.35,-4925.16,123.15,-804.16,-4802.01,-5606.17,,,
7101,1019.7,2350.03,2866.39,289.34,157.24,-152.57,-2061.84,-16896.76,828.75,10793.24,-4955.22,121.31,-806.48,-4833.92,-5640.4,,,
7111,967.97,2312.53,2880.25,293.79,160.4,-127.79,-2080.51,-16991.76,861.16,10778.74,-4830.62,118.82,-945.22,-4711.79,-5657.01,,,
7121,978.11,2303.64,2912.68,277.81,160.42,-132.84,-2041.77,-16921,858.45,10824.35,-4943.19,119.4,-780.15,-4823.79,-5603.94,,,
7131,1025.09,2321.59,2855.02,275.43,144.4,-124.74,-2045.04,-17110.29,828.47,10786.58,-4771.05,121.07,-1043.49,-4649.97,-5693.46,,,
7141,1001.31,2267.42,2892.18,293.04,143.77,-138.48,-2043.46,-17185.16,839.95,10891.58,-4779.33,121.47,-1037.87,-4657.87,-5695.73,,,
7151,1008.7,2333.4,2903.02,295.48,164.93,-137.66,-2031.06,-17058.43,841.23,10832.23,-4863.78,121.19,-848.15,-4742.59,-5590.74,,,
7161,981.02,2341.23,2914.93,288.37,135.84,-136.33,-2020.56,-17061.23,838.77,10864.08,-4862.12,118.38,-853.88,-4743.73,-5597.61,,,
7171,1010.21,2293.56,2897.78,290,152.22,-140.98,-2047.85,-17047.47,836.26,10907.38,-4902.42,122.86,-848.9,-4779.57,-5628.47,,,
7181,996.45,2321.26,2848.66,276.3,146.72,-129.18,-2062.22,-17069.44,847.36,10852.95,-4844.23,119.56,-971.15,-4724.67,-5695.81,,,
7191,959.36,2300.56,2920.87,291.77,144.08,-133.51,-2059.34,-16982.99,858.55,10818.96,-4892.65,115.96,-881.69,-4776.7,-5658.38,,,
7201,956.38,2323.99,2863.69,298.96,137.91,-144.66,-2060.69,-17332.22,855.74,10861.12,-4605.44,116.76,-1239.79,-4488.68,-5728.47,,,
7211,932.72,2356.79,2879.01,282.64,160.09,-129.72,-2040.11,-17079.92,838.35,10861.66,-4836.71,121.23,-938.48,-4715.48,-5653.97,,,
7221,953.53,2305.86,2862.74,272.48,133.94,-142.1,-2103.56,-17075.24,850.28,10858.76,-4804.96,119.43,-1083.32,-4685.53,-5768.84,,,
7231,967.84,2299.31,2888.72,290.44,158.38,-130.39,-2096.17,-16958.47,860.71,10775.59,-4885.91,116.73,-944.04,-4769.18,-5713.22,,,
7241,1011.04,2301.55,2844.01,287.6,140.38,-140.07,-2061.49,-17215.57,828.81,10890.34,-4731.94,117.29,-1113.4,-4614.65,-5728.05,,,
7251,999.49,2318.31,2893.44,290.57,141.89,-130.74,-2082.35,-17057.05,848.45,10812.08,-4792.79,115.18,-965.93,-4677.61,-5643.54,,,
7261,1012.84,2345.2,2865.91,290.56,150.26,-126.78,-2014.86,-17110.28,863.78,10766.01,-4798.3,116.38,-957.35,-4681.92,-5639.27,,,
7271,996.16,2326.63,2903.04,289.01,156.08,-137.69,-2085.39,-16917.44,835.73,10826.07,-4970.13,115.55,-807.81,-4854.58,-5662.39,,,
7281,987.3,2346.61,2870.94,276.74,158.02,-123.71,-2082.36,-17002.9,863.25,10846.47,-4867.03,111.75,-859.64,-4755.28,-5614.92,,,
7291,1021.9,2336.97,2869.09,299.84,157.95,-115.08,-2041.6,-17043.85,867.09,10830.35,-4865.49,116.53,-817.36,-4748.96,-5566.32,,,
7301,1001.31,2316.33,2859.6,292.11,139.3,-134.1,-2090.38,-16985.27,850.55,10761.06,-4848.06,117.27,-989.48,-4730.78,-5720.26,,,
7311,985.25,2328.74,2877.5,300.8,144.1,-151.69,-2090.55,-17025.3,857,10880.58,-4914.02,116.05,-893.55,-4797.97,-5691.52,,,
7321,992.23,2336.5,2882.36,280.86,155.81,-142.19,-2064.72,-17120.2,849.74,10835.48,-4762.77,117.67,-994.13,-4645.1,-5639.23,,,
7331,967.09,2330.38,2904.62,259.22,133.95,-135.29,-2080.16,-17025.63,860.97,10868.31,-4853.35,114.59,-916.55,-4738.75,-5655.31,,,
7341,922.68,2356.7,2901.02,289.17,138.84,-142.66,-2104.34,-17033.31,852.27,10884.99,-4861.38,117.15,-934.63,-4744.23,-5678.86,,,
7351,977.44,2277.44,2882.97,284.77,150.67,-120.84,-2065.02,-16980.56,863.88,10890.47,-4925.31,117.67,-838.8,-4807.64,-5646.44,,,
7361,947.26,2301.35,2917.66,281.18,146.96,-139.02,-2066.02,-17042.51,836.38,10821.35,-4813.16,119.97,-995.4,-4693.18,-5688.58,,,
7371,1021.67,2404.57,2891.26,299.59,146.02,-139.63,-2067.2,-17243.25,820.42,10808.95,-4646.31,118.19,-1057.59,-4528.12,-5585.71,,,
7381,1005.96,2299.01,2863.26,290.25,146.72,-143.67,-2050.89,-17124.87,852.75,10785.27,-4755.5,117.03,-1076.2,-4638.47,-5714.68,,,
7391,1004.74,2338.49,2888.16,295.38,140.05,-123.15,-2082.41,-17182.44,834.47,10801.95,-4700.49,119.67,-1084.76,-4580.82,-5665.58,,,
7401,951.81,2337.16,2916.46,283.55,159.88,-139.26,-2088.49,-17150.87,863.11,10877.55,-4733.35,117.21,-989.09,-4616.14,-5605.23,,,
7411,975.46,2306.24,2892.98,287.31,139.21,-130.52,-2097.12,-16922.73,821.76,10848.29,-4959.72,122.31,-879.13,-4837.41,-5716.53,,,
7421,990.54,2323.3,2873.7,281.13,143.18,-110.27,-2069.3,-16938.08,825.67,10796.3,-4928.67,119.67,-883.83,-4809,-5692.83,,,
7431,1007.19,2343.27,2877.65,298,148.15,-114.93,-2035.99,-16925.69,826.17,10734.72,-4906.03,123.21,-841.45,-4782.82,-5624.27,,,
7441,974.85,2343.21,2880.23,287.31,168.61,-128.06,-2069.7,-17080.94,881.13,10910.32,-4830.05,119.04,-833.03,-4711.01,-5544.04,,,
7451,959.61,2288.52,2858.77,284.37,151.29,-128.55,-2069.15,-16902.45,851.29,10857.28,-4909.14,116.7,-849.01,-4792.44,-5641.45,,,
7461,985.83,2279.91,2894.63,275.18,148.94,-136.08,-2045.32,-16973.01,876.12,10811.88,-4880.73,119.58,-881.93,-4761.15,-5643.08,,,
7471,980.08,2333.47,2876.4,286.24,159.8,-134.65,-2059.14,-17077.05,850.08,10728.77,-4717.06,118.93,-1056,-4598.13,-5654.13,,,
7481,983.18,2393.98,2864.98,295.86,148.39,-144.76,-2041.74,-16981.53,870.05,10664.11,-4797.99,118.98,-947.48,-4679.02,-5626.49,,,
7491,958.5,2304.29,2891.52,288.33,159.28,-143.99,-2051.94,-17012.34,853.83,10707.78,-4774.23,119.16,-1044.74,-4655.08,-5699.81,,,
7501,979.74,2288.26,2903.41,288.09,158.66,-130.41,-2087.16,-16969.08,857.42,10761.97,-4832.16,120.23,-949.09,-4711.93,-5661.03,,,
7511,991.58,2291.02,2874.21,267.8,153.61,-124.91,-2055.43,-16989.41,849.94,10782.53,-4875.47,120.9,-959.06,-4754.57,-5713.62,,,
7521,973.38,2329.82,2887.6,297.28,155.26,-134.59,-2101.05,-16906.18,841.99,10768.67,-4920.8,118.55,-887.8,-4802.25,-5690.05,,,
7531,1020.52,2336.81,2891.28,286.12,145.23,-120.32,-2091.45,-16789.23,840.68,10769.91,-5006.27,120.09,-710.45,-4886.18,-5596.62,,,
7541,982.76,2368.07,2894.61,288.23,162.87,-138.49,-2098.03,-17027.08,868.95,10802.29,-4826.86,115.45,-895.82,-4711.41,-5607.23,,,
7551,1012.38,2325.08,2893.77,292.75,134.33,-105.18,-2052.26,-16988.52,861.4,10674.42,-4821.05,118.83,-951.83,-4702.22,-5654.05,,,
7561,911.58,2338.97,2915.94,284.63,157.15,-133.79,-2072.81,-16856.45,878.46,10779.87,-4939.97,115.99,-796.46,-4823.98,-5620.44,,,
7571,986.07,2281.1,2908.22,295.57,158.6,-119.28,-2076.68,-16990.98,855.9,10787.16,-4860.86,118.19,-914.33,-4742.67,-5657,,,
7581,962.25,2272.56,2880.2,285.15,144.97,-123.01,-2073.46,-16969.97,857.97,10790.4,-4881.03,120.69,-972.94,-4760.35,-5733.28,,,
7591,983.24,2260.22,2899.78,289.33,152.95,-113.76,-2064.08,-16878.8,830.32,10800.46,-4978.51,120.11,-840.34,-4858.4,-5698.74,,,
7601,973.7,2284.06,2908.4,281.82,170.75,-118.99,-2083.28,-16865.6,857.24,10706.57,-4864.82,117.86,-885.34,-4746.96,-5632.29,,,
7611,973.29,2339.97,2885.47,286.61,159.27,-149.88,-2069.28,-16890.07,855.34,10814.45,-4947.14,120.49,-794.83,-4826.66,-5621.48,,,
7621,1028,2348.51,2906,294.89,153.47,-144.63,-2060.93,-16767.16,842.12,10677.79,-4998.59,121.98,-721.95,-4876.61,-5598.56,,,
7631,1012.79,2359.65,2889.52,291.95,144.6,-139.25,-2061.34,-17049.67,860.74,10758.54,-4773.33,117.84,-932.48,-4655.48,-5587.97,,,
7641,970.64,2317.19,2867.59,275.83,159.14,-148.83,-2026.7,-16911.84,838.28,10753.55,-4879.19,120.13,-905.15,-4759.06,-5664.21,,,
7651,1026.21,2311.91,2898.71,290.23,151.9,-139.73,-2052.01,-16907.21,829.97,10741.52,-4907.61,118.21,-848.49,-4789.4,-5637.89,,,
7661,975.57,2326.51,2925.54,282.46,144.01,-128.18,-2026.37,-17028.81,834.49,10727.96,-4778.52,117.97,-966.83,-4660.55,-5627.38,,,
7671,976.8,2331.74,2899.13,279.96,144.42,-128.73,-2030.25,-17091.73,839.32,10749.96,-4776.84,122.07,-1029.39,-4654.77,-5684.16,,,
7681,972.57,2292.14,2870.98,289.12,148.79,-142.77,-2046.94,-17041.39,865.73,10827.28,-4816.15,119.75,-964.49,-4696.41,-5660.89,,,
7691,1001.23,2357.6,2873.06,266.98,142.43,-128.84,-2049.88,-17143.92,852.85,10749.1,-4662.11,119.94,-1079.39,-4542.17,-5621.56,,,
7701,1010.44,2392.52,2885.6,297.36,148.1,-138.83,-2059.14,-16990.75,838.71,10728.35,-4838.8,119.71,-887.64,-4719.08,-5606.73,,,
7711,991.98,2256.41,2868.02,285.11,143.87,-126.91,-2059.61,-17128.8,847.39,10883.16,-4762.35,120.63,-1039.38,-4641.71,-5681.09,,,
7721,969.43,2272.71,2899.03,280.85,140.88,-136.13,-2069.59,-17116.34,875,10894.91,-4782.15,120.94,-989.25,-4661.21,-5650.47,,,
7731,996.96,2238.67,2879.37,279.36,144.01,-138.53,-2061.59,-17024.88,862,10818.79,-4852.17,119.78,-1005.85,-4732.39,-5738.24,,,
7741,930.82,2320.79,2848.76,287.32,137.05,-131.64,-2043.44,-16850.1,857.4,10798.28,-4982.69,119.08,-844.76,-4863.61,-5708.37,,,
7751,964.7,2340.91,2846.26,277.81,148.6,-127.08,-2040.09,-16895.95,840.46,10799.09,-4953.3,118.18,-845.29,-4835.12,-5680.41,,,
7761,1012.07,2323.41,2924.7,280.06,162.64,-149.02,-2054.43,-16935.88,832.85,10789,-4904.19,117.97,-814.6,-4786.23,-5600.83,,,
7771,977.22,2320.9,2877.68,297.68,154.58,-151.23,-2043.72,-16980.48,848.67,10797.41,-4912.67,118.72,-901.28,-4793.95,-5695.23,,,
7781,984.73,2268.77,2875.7,282.54,151.32,-130.78,-2045.03,-17157.03,847.94,10736.67,-4707.04,118.33,-1185.19,-4588.7,-5773.89,,,
7791,998.24,2269.86,2911.88,282.24,151.64,-125.83,-2012.02,-17122.8,867.93,10834.77,-4767.85,119.97,-944.09,-4647.87,-5591.96,,,
7801,970.02,2323.13,2898.79,277.99,149.14,-137.14,-2041.29,-16857.65,854.56,10710.45,-4924.31,119.33,-852.01,-4804.98,-5656.99,,,
7811,982.8,2315.19,2907.77,288.13,153.61,-136.38,-2070.39,-17075.23,839.41,10895.93,-4837.58,119.26,-899.15,-4718.31,-5617.46,,,
7821,984.33,2330,2889.92,283.24,154.17,-120.8,-2057.96,-16876.11,853.17,10730.79,-4938.62,118.62,-829.24,-4820.01,-5649.25,,,
7831,971.31,2288.82,2899.49,281.54,139.31,-118.68,-2073.1,-16914.7,860.76,10764.98,-4941.23,116.37,-900.27,-4824.85,-5725.12,,,
7841,1001.43,2286.11,2884.86,294.07,152.48,-132.04,-2086.77,-17038.1,843.42,10823.45,-4845.33,116.13,-971.1,-4729.21,-5700.3,,,
7851,1003.26,2341.64,2910.37,298.98,160.62,-142.45,-2059.64,-17052.86,853.46,10867.67,-4868.3,116.86,-818.97,-4751.44,-5570.41,,,
7861,992.88,2349.08,2868.17,283.62,144.65,-152.51,-2053.87,-17011.3,843.86,10817.06,-4899.54,119.7,-918.38,-4779.83,-5698.22,,,
7871,983.58,2316.73,2876.67,286.02,153.72,-126.81,-2070.19,-17202.03,831.99,10910.53,-4757.63,118.38,-1039.78,-4639.25,-5679.03,,,
7881,997.54,2340.38,2903.58,290.92,144.24,-129.42,-2032.55,-17084.13,847.91,10864.68,-4863.12,120.02,-856.83,-4743.1,-5599.93,,,
7891,969.79,2342.03,2880.2,295.7,158.22,-150.72,-2050.63,-17166.93,860.08,10898.97,-4779.88,123.49,-963.29,-4656.39,-5619.67,,,
7901,1017.11,2268.69,2919.07,286.57,148.98,-129.93,-2066.11,-17103.45,856.77,10936.58,-4859.23,118.36,-865.71,-4740.88,-5606.59,,,
7911,955.66,2320.91,2902.58,288.87,160.43,-145.44,-2091.67,-17068.26,868.17,10990.2,-4912.13,119.62,-818.55,-4792.51,-5611.06,,,
7921,1004.32,2317.61,2882.92,283.46,160.9,-131.6,-2036.5,-17006.38,845.1,10886.67,-4941.5,119.92,-793.5,-4821.58,-5615.08,,,
7931,992.82,2332.42,2872.76,281.7,137.25,-140.72,-2042.98,-16964.27,858.53,10804.37,-4924.29,120.34,-868.12,-4803.96,-5672.08,,,
7941,992.81,2391.96,2864.24,296.41,138.84,-130.83,-2068.66,-17162.11,844.8,10804.45,-4719.79,118.14,-1028.08,-4601.65,-5629.74,,,
7951,982.72,2256.34,2887.31,282.04,146.09,-119.54,-2066.67,-17015.57,836.85,10839.08,-4859.97,119.4,-971.34,-4740.57,-5711.92,,,
7961,974.62,2374.8,2912.75,287.15,150.73,-148.78,-2079.32,-17061.12,844.26,10856.3,-4862.72,118.47,-888.59,-4744.25,-5632.84,,,
7971,976.39,2361.41,2903.82,287.42,147.92,-145.26,-2025.61,-17277.52,852.97,10872.41,-4688.43,120.44,-1046.05,-4567.99,-5614.04,,,
7981,973.62,2377.74,2869.98,291.77,151.6,-145.22,-2043.63,-17148.65,846.84,10830.15,-4743.49,119.82,-995.8,-4623.67,-5619.47,,,
7991,1021.97,2336.79,2862.85,279.23,143.46,-151.11,-2068.52,-17352.51,829.69,10784.62,-4527.89,116.08,-1313.53,-4411.81,-5725.34,,,
8001,953.15,2295.91,2886.24,279.42,145.43,-124.66,-2079.56,-17352.26,813.67,10817.55,-4534.97,116.88,-1365.11,-4418.09,-5783.21,,,
8011,969.25,2333.72,2886.84,287.08,147.66,-161.49,-2098.07,-17263.68,853.08,10896.86,-4644.33,117.29,-1148.74,-4527.04,-5675.77,,,
8021,985.69,2357.01,2880.55,297.02,151.76,-135.98,-2026.24,-17204.79,850.99,10766.77,-4632.99,120.3,-1077.23,-4512.69,-5589.92,,,
8031,1013.81,2397.78,2861.54,293.96,161.18,-135.3,-2072.88,-17205.24,842.1,10781.11,-4662.16,120.54,-1061.95,-4541.62,-5603.57,,,
8041,974.11,2333.87,2876.1,288.52,136.25,-118.82,-2125.41,-17125.21,836.07,10808.99,-4693.5,117.95,-1115.53,-4575.55,-5691.08,,,
8051,964.75,2301.99,2884.59,283.96,161.33,-128.03,-2038.54,-17159.65,865.55,10901.61,-4776.48,120.63,-962.43,-4655.85,-5618.28,,,
8061,961.13,2379.12,2858.19,285.11,150.03,-125.37,-2034.05,-16963.49,856.3,10813.07,-4912.07,120.14,-819.95,-4791.93,-5611.89,,,
8071,980.49,2312.15,2885.72,290.56,136.25,-139.7,-2062.35,-16974.26,855.69,10838.69,-4872.63,115.58,-876.75,-4757.06,-5633.81,,,
8081,987.49,2309.29,2838.87,281.82,149.96,-125.6,-2085.19,-17077.39,834.81,10923.8,-4837.47,116.16,-962.14,-4721.31,-5683.45,,,
8091,1015.72,2285.19,2893.46,281.21,140.08,-127.26,-2042.7,-16935.39,838.3,10802.82,-4836.59,120.68,-848.59,-4715.91,-5564.5,,,
8101,983.96,2270.74,2887.2,278.64,146.85,-122.08,-2063.95,-17091.63,857.17,10760.93,-4750.1,119.41,-1092.18,-4630.69,-5722.86,,,
8111,953.44,2301.01,2874.97,280.33,153.76,-133.31,-2025.24,-17246.32,875.68,10884.98,-4692.14,118.29,-1080.7,-4573.85,-5654.55,,,
8121,1001.42,2277.05,2880.98,272.3,152.89,-134.76,-2064.14,-17084.45,847.95,10923.08,-4837.95,120.41,-927.7,-4717.54,-5645.24,,,
8131,950.56,2340.35,2889.85,294.12,157.13,-130.17,-2068.39,-17017.95,854.27,10855.31,-4852.15,117.37,-874.9,-4734.77,-5609.68,,,
8141,963.1,2283.78,2844.64,275.56,148.45,-142.9,-2102.83,-16985.58,832.45,10829.59,-4856.02,117.7,-1053.77,-4738.32,-5792.09,,,
8151,1023.75,2245.06,2856.59,276,142.59,-139.96,-2044.03,-16955.78,853.79,10862.68,-4928.96,117.78,-879.3,-4811.17,-5690.47,,,
8161,980.06,2274.06,2901.12,278.9,145.45,-125.33,-2115.7,-16857.97,821.79,10801.55,-4933.68,119.9,-896.07,-4813.78,-5709.85,,,
8171,997.39,2288.77,2910.52,280.76,170.17,-132.98,-2081.89,-16735.72,868.19,10761.89,-5052.63,117.77,-672.9,-4934.86,-5607.76,,,
8181,992.71,2311.19,2903.52,279.5,146.99,-126.66,-2061.74,-16921.56,843.86,10740.53,-4882.7,119.34,-891.65,-4763.36,-5655.01,,,
8191,1008.18,2209.73,2892.45,287.81,162.35,-143.74,-2050.14,-17159.14,852.93,10918.72,-4808.77,119.86,-1020.85,-4688.91,-5709.76,,,
8201,1008.39,2247.24,2889.45,283.13,164.53,-131,-2051.58,-16900.11,836.85,10714.47,-4865.54,120.56,-938.64,-4744.98,-5683.62,,,
8211,990.12,2326.14,2896.99,276.5,156.13,-142.52,-2034.96,-17099.73,835.31,10778.04,-4760.75,120.13,-1017.98,-4640.62,-5658.6,,,
8221,972.13,2262.57,2884.15,275.93,171.23,-131.32,-2040.54,-17121.64,841.8,10867.99,-4764.98,117.9,-1017.68,-4647.08,-5664.76,,,
8231,954.13,2317.8,2887.27,276.7,143.69,-139.9,-2070.28,-16946.85,875.9,10856.42,-4877.38,116.4,-845.13,-4760.97,-5606.1,,,
8241,1004.58,2321.91,2891.73,292.15,147.69,-133.26,-2076.87,-16962.72,860.09,10875.05,-4914.93,117.49,-779.65,-4797.44,-5577.09,,,
8251,955.33,2366.32,2900.84,286.5,153.73,-129.12,-2070.56,-16841.66,858.94,10824.9,-5004.88,119.63,-694.78,-4885.25,-5580.03,,,
8261,1017.26,2297.25,2859.92,280.69,149.13,-127.07,-2076.57,-17040.64,840.84,10852.63,-4835.53,116.39,-946.55,-4719.15,-5665.7,,,
8271,961.66,2263.34,2893.79,280.23,140.44,-135.46,-2020.72,-16951.21,865.95,10813.43,-4911.62,123.37,-888.55,-4788.25,-5676.8,,,
8281,1012.9,2337.37,2875.05,289.78,147.11,-143.29,-2095.8,-17014,846.43,10863.26,-4880.75,120.07,-881.2,-4760.68,-5641.88,,,
8291,980.89,2332.04,2885.54,290.38,141.89,-133.02,-2068.1,-16984.33,851.78,10799.24,-4872.08,119.94,-903.68,-4752.14,-5655.82,,,
8301,969.58,2359.55,2901.24,280.54,148.66,-129.84,-2076.07,-16869.96,834.82,10783.48,-4958.28,121.32,-798.01,-4836.97,-5634.98,,,
8311,964.93,2218.49,2872.68,273.53,143.4,-133.38,-2048.58,-16874.6,873.53,10771.05,-4923.19,118.45,-938.94,-4804.74,-5743.68,,,
8321,1002.58,2283.8,2912.18,286.05,166.62,-133.88,-2088.14,-16929.62,861.54,10816.57,-4909.65,119.3,-822.3,-4790.35,-5612.65,,,
8331,985.45,2291.05,2897.88,282.52,162.28,-115.9,-2086.08,-17094.99,845.11,10970.52,-4871.1,119.82,-862.17,-4751.27,-5613.44,,,
8341,991.15,2317.96,2857.19,280.24,155.48,-136.11,-2078.11,-16836.96,845.7,10824.23,-5022.92,119.71,-779.23,-4903.21,-5682.44,,,
8351,987.5,2341.16,2886.06,283.24,152.18,-117.05,-2102.1,-17037.65,855.4,10799.74,-4821.64,117.18,-951.52,-4704.45,-5655.97,,,
8361,995.37,2338.2,2851.74,294.35,170.67,-119.07,-2061.91,-17011.91,858.3,10792.68,-4819.57,116.38,-891.57,-4703.19,-5594.76,,,
8371,935.62,2328.6,2895.92,296.92,142.23,-138.34,-2038.98,-17078.31,840.09,10781.55,-4770.08,117.88,-1034.71,-4652.21,-5686.92,,,
8381,998.71,2299.61,2900.05,295.75,149.42,-127.74,-2062.8,-17126.45,840.84,10833.03,-4777.33,119.7,-999.58,-4657.63,-5657.21,,,
8391,975.3,2277.28,2848.31,273.04,123.02,-127.39,-2059.74,-17177.43,849.6,10861.19,-4751.24,118.19,-1156.82,-4633.05,-5789.87,,,
8401,994.96,2351.96,2856.16,286.97,168.3,-139.18,-2032.79,-17036.21,822.44,10791.29,-4821.65,122.97,-936.1,-4698.67,-5634.77,,,
8411,970.74,2271.7,2904.16,290,141.3,-127.57,-2077.64,-17137.85,860.89,10879.17,-4777.19,117.37,-1025.09,-4659.81,-5684.91,,,
8421,967.92,2324.08,2866.16,274.27,154.18,-122.87,-2020.22,-17373.72,839.51,10785.77,-4525.73,117.3,-1304.93,-4408.43,-5713.36,,,
8431,962.59,2337.96,2884.3,287.85,151.51,-122.77,-2059.88,-17158.52,862.02,10869.54,-4755.25,117.43,-985.42,-4637.82,-5623.24,,,
8441,1014.84,2366.06,2884.98,292.68,158.4,-131.6,-2051.26,-17124.31,850.49,10774.94,-4739.32,118.69,-964.79,-4620.63,-5585.42,,,
8451,932.66,2347.07,2878.56,287.44,146.33,-130.71,-2077.96,-17083.03,862.81,10884.78,-4814.7,118.96,-952.06,-4695.75,-5647.81,,,
8461,990.09,2338.9,2848.66,290.93,145.66,-125.35,-2006.31,-17192.11,852,10891.71,-4765.25,123.27,-965.81,-4641.99,-5607.8,,,
8471,995.28,2285.55,2894.2,283.95,150.07,-130.98,-2031.96,-17274.87,830.57,10873.53,-4638.12,119.26,-1124.65,-4518.85,-5643.5,,,
8481,1005.07,2365.52,2888.23,291.35,154.73,-140.44,-2047.75,-17235.11,837.35,10809.53,-4657.89,119.94,-1071.53,-4537.95,-5609.48,,,
8491,985.99,2373.71,2918.85,281.83,143.98,-127.47,-2019.24,-17127.22,829,10762.68,-4719.5,118.68,-977.89,-4600.83,-5578.72,,,
8501,1001.7,2290.4,2917.34,274.4,163.95,-141.04,-2033.33,-17204.78,849.43,10814.77,-4706.13,117.7,-1067.16,-4588.42,-5655.59,,,
8511,964.55,2324.63,2865.97,283.13,132.15,-127.52,-2046.42,-17023.35,837.96,10876.09,-4884.56,118.75,-912.81,-4765.81,-5678.62,,,
8521,944.35,2349.12,2912.72,282.55,151.51,-146.71,-2032.44,-16937.55,859.44,10796.4,-4891.72,120.76,-820.62,-4770.97,-5591.58,,,
8531,1006.59,2373.72,2857.58,299.98,150.99,-144.34,-2069.6,-17135.51,840.65,10733.53,-4705.9,119.47,-1086.41,-4586.43,-5672.84,,,
8541,980.85,2306.51,2890.22,285.94,148.68,-124.28,-2049.8,-17049.9,825.4,10798.48,-4784.24,118.49,-987.89,-4665.75,-5653.64,,,
8551,982.7,2345.89,2918.12,280.68,134.83,-136.92,-2054.74,-17040.18,831.33,10815.59,-4833.81,117.44,-922.7,-4716.37,-5639.07,,,
8561,994.96,2352.05,2869.71,285.1,157.91,-117.02,-2045.87,-17193.38,845.43,10754.72,-4647.87,118.23,-1096.39,-4529.64,-5626.03,,,
8571,970.5,2306.64,2883.56,277.11,138.85,-127.39,-2013.33,-17208.77,848.49,10781.28,-4664.86,121.6,-1143.05,-4543.26,-5686.31,,,
8581,952.27,2282.04,2874.24,286.2,151.4,-127.54,-2024.5,-17113,870.65,10776.85,-4717.25,119.32,-1071.39,-4597.92,-5669.31,,,
8591,966.87,2289.76,2862.38,269.56,153.26,-118.34,-2050.94,-17328.33,848.68,10846.69,-4536.56,118.58,-1260.4,-4417.98,-5678.38,,,
8601,998.65,2315,2852.99,287.86,144.83,-124.46,-2031.42,-17176.95,859.28,10864.98,-4734.05,123.49,-1009.23,-4610.56,-5619.79,,,
8611,1025.7,2362.75,2864.3,293.66,138.38,-132.23,-2050.77,-17156.41,870.57,10754.53,-4696.56,121.25,-1029.51,-4575.31,-5604.82,,,
8621,984.65,2337.79,2850.43,292.52,150.96,-118.63,-2040.05,-17157.7,853.78,10844.65,-4759.14,119.64,-1001.59,-4639.5,-5641.1,,,
8631,953.88,2250.53,2932.27,280.62,166.2,-125.49,-1992.8,-17121.78,876.23,10779.06,-4757.39,120.24,-1001.28,-4637.15,-5638.42,,,
8641,977.41,2320.9,2845.69,285.69,160.06,-123.34,-2038.08,-17041.91,830.75,10739.42,-4798.68,117.71,-1043.42,-4680.98,-5724.39,,,
8651,987.36,2346.6,2888.94,287.42,143.02,-117.71,-2029.25,-17049.1,868.92,10765.27,-4779.69,121.08,-908.52,-4658.61,-5567.14,,,
8661,924.99,2384.27,2861.48,288.74,152.9,-107.69,-2096.45,-17051.57,827.65,10808.72,-4798.94,117.98,-1006.97,-4680.96,-5687.93,,,
8671,991.95,2260.8,2893.91,275.64,150.89,-117.08,-2047.91,-16690.29,840.3,10746.66,-5084.71,123.14,-695.12,-4961.57,-5656.7,,,
8681,965.37,2307.61,2844.22,285.76,155.37,-127.86,-2090.48,-16800.08,862.44,10794.39,-4991.59,119.99,-803.27,-4871.6,-5674.86,,,
8691,1000.69,2293.13,2898.61,289.41,150.17,-135.97,-2099.58,-16783.28,849.37,10843.1,-5041.89,117.59,-694.34,-4924.29,-5618.63,,,
8701,997.96,2332.23,2902.97,284.62,144.19,-127.16,-2053.26,-16862.53,846.18,10838.7,-4993.84,120.38,-696.1,-4873.46,-5569.56,,,
8711,963.79,2304.97,2882.6,288.8,154.13,-114.41,-2050.88,-17004.31,847.2,10776.83,-4833.21,122.07,-951.28,-4711.14,-5662.41,,,
8721,948.24,2267.87,2892.55,294.49,154.11,-133.94,-2056.37,-17183.5,869.86,10911.31,-4755.34,116.25,-1035.39,-4639.09,-5674.48,,,
8731,1016.09,2284.09,2868.04,288.92,148.44,-137.22,-2054.53,-17027.09,845.23,10776.98,-4837.21,118.31,-991.06,-4718.9,-5709.96,,,
8741,971.57,2336.83,2889.86,296.91,136.41,-123.32,-2071.62,-17067.07,847.1,10803.31,-4806.24,118.54,-980.02,-4687.69,-5667.71,,,
8751,980.28,2297.75,2888.38,278.55,161.97,-123.16,-2065.94,-17155.1,851.44,10885.08,-4767.76,118.5,-1000.77,-4649.25,-5650.02,,,
8761,1003.34,2250.01,2849.05,289.03,156.94,-112.68,-2112.45,-17062.17,843.96,10875.62,-4770.65,116.37,-1019.34,-4654.28,-5673.62,,,
8771,997.53,2334.24,2858.54,274.91,152.83,-124.44,-2097.27,-16836.78,864.43,10824.61,-5018.05,119.15,-751.4,-4898.91,-5650.31,,,
8781,994.59,2279.95,2877.42,282.5,160.38,-101.3,-2065.53,-16909.02,849.04,10736.21,-4899.36,119.47,-895.77,-4779.89,-5675.66,,,
8791,977.94,2310.09,2920.38,292.56,145.13,-124.03,-2065.64,-16677.37,851.62,10722.4,-5133.77,123.22,-646.92,-5010.55,-5657.46,,,
8801,996.52,2322.55,2867.93,283.43,150.37,-117.74,-2073,-16753.29,838.59,10797.42,-5132.88,124.35,-687.21,-5008.53,-5695.74,,,
8811,994.21,2304.2,2879.1,288.21,165.13,-126.67,-2058.86,-16870.66,846.66,10843.67,-4993.94,121.87,-735.02,-4872.07,-5607.09,,,
8821,919.1,2262.03,2896.93,278.25,166.29,-126.61,-2077.08,-16912.03,874.34,10934.55,-5014.99,125.15,-784.23,-4889.85,-5674.08,,,
8831,1012.22,2273.73,2904.9,272.07,154.88,-120.99,-2069.35,-16674.23,837.28,10761.09,-5102.3,120.25,-648.4,-4982.04,-5630.44,,,
8841,978.29,2287.41,2874.9,277,149.04,-122.58,-2052.75,-16907.49,876.65,10893.86,-4979.67,120.84,-745.68,-4858.82,-5604.5,,,
8851,967.5,2263.81,2884.88,294.18,148.45,-110.55,-2053.01,-16997.73,873,10939.71,-4961.16,122.47,-789.76,-4838.7,-5628.45,,,
8861,1049.43,2317.84,2890.15,281.47,151.48,-128.94,-2056.8,-16705.67,821.55,10799.48,-5137.86,123.34,-580.01,-5014.53,-5594.53,,,
8871,958.97,2308.89,2891.27,275.25,151.33,-124.42,-2056.84,-16844.15,857.37,10832.01,-5011.53,121.2,-750.34,-4890.33,-5640.67,,,
8881,979.53,2351.58,2889.68,293.31,153.74,-128.42,-2038.82,-16834.95,861.68,10714.66,-4982.23,121.75,-758.02,-4860.48,-5618.5,,,
8891,972.85,2317.12,2866.01,291.09,145.84,-135.53,-2038.71,-16812.21,856.1,10805.97,-5068.22,122.85,-731.47,-4945.37,-5676.84,,,
8901,1006.17,2326.5,2895.07,290.12,153.41,-152.06,-2025.61,-16857.4,880.38,10828.83,-5014.17,123.51,-654.59,-4890.66,-5545.25,,,
8911,977.38,2346.66,2827.41,301.81,146.04,-131.49,-2045.25,-16880.61,850.11,10853.48,-5021.76,119.71,-754.45,-4902.05,-5656.5,,,
8921,934.7,2309.91,2891.91,276.83,149.29,-116.12,-2081.51,-17014.22,829.41,10927.95,-4924.5,124.01,-891.86,-4800.49,-5692.35,,,
8931,981.34,2383.44,2856.15,286.26,157.65,-126.86,-2083.63,-16898.87,830.16,10813.42,-4944.78,123.28,-800.94,-4821.51,-5622.44,,,
8941,1009.92,2322.34,2881.01,290.57,146.56,-130.88,-2058.47,-16950.53,876.54,10841.97,-4894.1,122.33,-770.97,-4771.77,-5542.74,,,
8951,969.85,2329.69,2880.68,288.08,141.33,-143.44,-2050.36,-16778.62,857.97,10780.49,-5025.6,122.95,-724.33,-4902.65,-5626.98,,,
8961,1000,2335.59,2892.82,297.63,157.6,-138.63,-2048.4,-16973.04,866.58,10785.86,-4852.37,121,-823.99,-4731.37,-5555.36,,,
8971,994.14,2308.87,2884.69,291.98,147.03,-134.82,-2069.33,-16905.23,857.9,10802.72,-4917.11,121.16,-822.04,-4795.95,-5617.99,,,
8981,975.23,2350.86,2860.6,282.69,152.65,-113.25,-2069.44,-16828.58,827,10832.64,-5030.56,123.08,-729.61,-4907.49,-5637.09,,,
8991,1003.85,2346.42,2853.57,286.5,140.52,-108.32,-2039.66,-16750.34,840.15,10791.34,-5072.64,124.92,-635.96,-4947.72,-5583.68,,,
9001,976.67,2337.35,2881.07,279.62,154.04,-134.45,-2074.24,-16803.15,865.48,10819.49,-5049.1,122.25,-698.11,-4926.85,-5624.96,,,
9011,1024,2361.98,2893.71,290.89,150.17,-128.6,-2072.67,-16881.41,848.63,10791.83,-4938.47,120.78,-721.46,-4817.68,-5539.15,,,
9021,981.05,2272.08,2882.5,285.19,145.9,-143.14,-2074.89,-16824.37,823.2,10846.54,-5000.32,120.09,-805.95,-4880.23,-5686.17,,,
9031,975.72,2302.94,2861.63,267.89,140.61,-110.75,-2060.39,-17020.69,841.66,10866.24,-4873.37,119.45,-935.12,-4753.92,-5689.05,,,
9041,977.05,2334.61,2825.42,291.53,150.07,-125.16,-2071.36,-16918.96,849.08,10788.29,-4917.56,121.81,-899.44,-4795.75,-5695.19,,,
9051,1003.71,2257.92,2883.53,290.52,153.36,-137.16,-2039.28,-16744.52,845.1,10867.66,-5122.22,122.59,-619.17,-4999.63,-5618.8,,,
9061,1030.51,2279.9,2880.68,292.3,149.46,-141.35,-2045.44,-16993.23,853.52,10803.78,-4869.27,118.65,-889.87,-4750.62,-5640.49,,,
9071,1014.74,2336.45,2868.46,288.1,147.69,-130.4,-2066.15,-17195.6,834.08,10829.46,-4706.63,119.47,-1073.16,-4587.16,-5660.32,,,
9081,960.64,2342.47,2901.41,281.98,150.3,-153.17,-2057,-17022.69,852.79,10814.87,-4845.93,118.57,-928.4,-4727.37,-5655.77,,,
9091,984.18,2316.34,2873.15,290.07,143.41,-145.14,-2061.72,-17255.52,849.79,10834.57,-4624.38,116.82,-1170.87,-4507.56,-5678.44,,,
9101,1032.05,2285.47,2897.15,295.38,150.93,-133.59,-2030.6,-17187.27,867.93,10800.06,-4695.11,118.34,-1022.49,-4576.77,-5599.26,,,
9111,986.25,2326.71,2886.86,280.79,142.66,-166.58,-2066.79,-17102.74,835.87,10800.52,-4741.05,118.81,-1076.44,-4622.24,-5698.68,,,
9121,1039.02,2249.09,2914.27,288.36,153.46,-142.62,-2030.69,-16774.65,862.76,10772.84,-5028.5,122.71,-668.16,-4905.8,-5573.96,,,
9131,947.32,2337.18,2873.37,288.12,156.74,-147.32,-2033.2,-17036.22,873.57,10866.55,-4884.72,119.53,-873.87,-4765.18,-5639.06,,,
9141,985.44,2337.78,2851.9,279.01,150.13,-140.91,-2048.73,-16995.47,854.26,10803.61,-4853.02,121.7,-922.99,-4731.32,-5654.3,,,
9151,935.59,2319.91,2901.02,283.59,148.85,-118.98,-2060.42,-16923.24,863.27,10764.83,-4868.48,120.4,-885.59,-4748.07,-5633.66,,,
9161,987.78,2339.41,2869.39,275.22,153.49,-120.25,-2047.59,-16954.1,845.38,10806.7,-4898.11,120.66,-844.59,-4777.45,-5622.03,,,
9171,991.23,2304.33,2905.47,290.87,135.62,-133.37,-2087.45,-17059.36,821.77,10828.3,-4837.51,117.36,-1002.59,-4720.15,-5722.74,,,
9181,949.5,2346.13,2893.96,271.38,156.65,-135.8,-2063.26,-16871.2,873.55,10800.72,-4980.57,119.98,-778.36,-4860.59,-5638.95,,,
9191,1050.47,2324.99,2866.55,296.25,159.24,-133.74,-2073.84,-16751.21,813.6,10726.73,-5036.87,120.02,-720.97,-4916.84,-5637.81,,,
9201,983.32,2350.77,2886.97,292.03,167.3,-116.18,-2049.69,-16882.83,847.96,10839.11,-4958.75,116.54,-681.25,-4842.21,-5523.46,,,
9211,981.76,2361.15,2854.54,295.68,147.56,-118.33,-2043.8,-17055.44,861.8,10795.7,-4813.95,118.56,-919.38,-4695.39,-5614.77,,,
9221,994.03,2358.99,2847.18,296.98,164.31,-125.58,-2065.45,-16953.59,828.1,10856.71,-4908.91,122.61,-798.31,-4786.3,-5584.61,,,
9231,969.76,2290.79,2869.39,284.88,170.66,-114.03,-2071.32,-17000.54,872.93,10864.44,-4882.74,115.62,-863.04,-4767.12,-5630.16,,,
9241,965.65,2263.81,2866.85,285.16,153.03,-131.32,-2048.69,-16935.11,857.76,10873.34,-4976.24,120.2,-849.52,-4856.04,-5705.56,,,
9251,997.77,2308.64,2877.67,290.7,144.73,-126.76,-2069.1,-16930.71,887.37,10745.75,-4852.52,117.37,-873.94,-4735.15,-5609.09,,,
9261,1007.42,2336.84,2880.21,276.1,151.42,-114.56,-2056.76,-17069.58,849.98,10796.41,-4784.53,118.34,-942.52,-4666.19,-5608.71,,,
9271,1000.92,2289.13,2879.88,274.94,161.21,-149.69,-2095.45,-17085.43,840.75,10786.14,-4727.82,119.69,-1097.6,-4608.12,-5705.72,,,
9281,966.98,2266.96,2861.47,280.54,149.34,-130.33,-2082.42,-16908.54,852.63,10965.87,-5021.27,119.95,-777.5,-4901.32,-5678.82,,,
9291,933.39,2308.62,2858.1,280.03,141.46,-106.09,-2059.01,-17012.85,865.94,10883.94,-4885.85,117.72,-906.46,-4768.13,-5674.59,,,
9301,1014.28,2346.07,2852.08,293.53,168.75,-118.69,-2045.29,-16886.19,852.77,10755.17,-4946.07,120.29,-767.5,-4825.78,-5593.28,,,
9311,937.26,2339.71,2881.01,288.09,136.08,-135.63,-2055.42,-17075.97,828.74,10870.63,-4837.72,117.53,-985.5,-4720.19,-5705.69,,,
9321,1006.92,2350.71,2909.47,286.99,138.25,-133.65,-2069.03,-16874.99,868.67,10765.41,-4948.91,120.5,-751.26,-4828.41,-5579.67,,,
9331,922.76,2295.26,2868.8,283.87,152.52,-119.79,-2074.44,-16869.47,860.15,10846.51,-4933.03,120.04,-833.84,-4812.99,-5646.83,,,
9341,978.42,2320.55,2870.24,281.82,166.57,-137.97,-2062.94,-16907.38,851.83,10805.25,-4957.92,121.26,-833.59,-4836.66,-5670.25,,,
9351,992.05,2276.96,2906.77,282.16,143.66,-141.9,-2081.9,-16823.48,848.86,10737.34,-4940.32,119.54,-859.47,-4820.78,-5680.26,,,
9361,977.18,2273.68,2891.37,270.43,144.55,-116.62,-2073.11,-17037.89,857.95,10849.85,-4870.57,120.82,-962.61,-4749.75,-5712.36,,,
9371,1005.63,2314.99,2854.76,290.21,155.26,-112.47,-2076.59,-16965.35,831.89,10759.19,-4834.23,118.46,-942.49,-4715.77,-5658.26,,,
9381,996.74,2291.04,2893.69,273.03,145.7,-134.11,-2070.72,-16971.1,833.58,10772.77,-4832.38,118.93,-969.37,-4713.45,-5682.81,,,
9391,953.41,2272.79,2861.56,280.31,151.71,-111.67,-2074.08,-16999.75,832.95,10773.23,-4828.98,117.68,-1059.55,-4711.3,-5770.85,,,
9401,993.69,2284.74,2875.32,282.86,145.39,-145.71,-2061.97,-17077.36,818.18,10811.25,-4779.16,119.17,-1073.61,-4660,-5733.61,,,
9411,1018.67,2298.9,2890.33,281.98,149.59,-152.34,-2076.43,-17043.32,819.65,10748.8,-4776.69,118.55,-1064.18,-4658.14,-5722.32,,,
9421,1003.72,2342.61,2906.85,278.61,149.44,-135.38,-2074.89,-17164.06,826.96,10813.71,-4696.67,118.7,-1052.43,-4577.97,-5630.4,,,
9431,988.23,2355.24,2866.94,287.32,154.57,-145.72,-2078.84,-17083.54,828.71,10794.48,-4770.7,116.48,-1032.6,-4654.23,-5686.83,,,
9441,995.94,2336.31,2876.18,285.61,137.69,-128,-2094.05,-17084.41,843.78,10913.9,-4854.77,117.05,-917.05,-4737.72,-5654.77,,,
9451,929.56,2285.07,2891.56,281.47,148.98,-107.65,-2054.51,-17234.12,858.12,10894.16,-4701.38,117.62,-1107.37,-4583.76,-5691.13,,,
9461,936.76,2316.07,2899.54,280.51,146.75,-126.33,-2093.53,-17024.39,868,10811.28,-4829.9,119.87,-985.34,-4710.04,-5695.37,,,
9471,997.02,2319.48,2875.05,291.85,142.35,-133.93,-2060.99,-17016.32,869.11,10803.23,-4820.64,119.8,-913.14,-4700.84,-5613.98,,,
9481,968.92,2278.21,2859.66,271.49,139.53,-115.88,-2074.17,-16975.87,851.39,10838.64,-4893.09,120.12,-958.08,-4772.96,-5731.05,,,
9491,958.14,2334.72,2908.48,294.58,166.82,-136.75,-2087.1,-17171.16,837.7,10779.41,-4641.59,116.28,-1115.16,-4525.31,-5640.47,,,
9501,996.11,2378.84,2904.77,294.48,146.8,-131.56,-2093.09,-16977.25,831.92,10691.87,-4754.64,117.97,-957.11,-4636.67,-5593.78,,,
9511,980.68,2322.61,2889.91,293.66,142.99,-130.82,-2034.25,-17113.34,870.14,10829.68,-4784.16,120.66,-948.75,-4663.5,-5612.25,,,
9521,945.1,2314.1,2884.76,292.95,144.04,-137.76,-2078.85,-17082.59,843.93,10798.64,-4720.97,116.12,-1075.67,-4604.85,-5680.53,,,
9531,1020.01,2355.61,2861.71,302.46,146.22,-125.29,-2080.51,-17134.33,828.33,10777.23,-4668.46,118.35,-1048.56,-4550.11,-5598.67,,,
9541,972.59,2357.9,2879.22,299.05,169.14,-119.6,-2034.41,-17230.66,875.08,10847.97,-4660.43,121.82,-983.71,-4538.61,-5522.32,,,
9551,987.35,2316.21,2892.65,279.14,152.79,-127.26,-2112.46,-16973.49,861.19,10853.26,-4848.54,118.82,-870.63,-4729.72,-5600.34,,,
9561,953.53,2307.92,2890.5,288.14,156.94,-134.37,-2095.1,-17022.92,885.31,10839.56,-4802.76,118.9,-930.46,-4683.86,-5614.32,,,
9571,932.37,2305.73,2879.76,269.64,155.47,-144.89,-2068.48,-16885.99,875.78,10695.57,-4897.6,119.09,-985.02,-4778.51,-5763.53,,,
9581,980.97,2383.51,2871.48,283.37,140.21,-135.89,-2073.42,-17099.91,838.99,10811.22,-4744.81,117.37,-999.46,-4627.44,-5626.9,,,
9591,999.85,2397.07,2855.95,281.93,148.16,-129.32,-2012.38,-17053.02,841.03,10706.84,-4770.53,118.67,-963.89,-4651.86,-5615.75,,,
9601,992.2,2317.69,2888.92,282.18,156.9,-116.39,-2056.59,-17137.65,842.06,10774.34,-4708.54,114.98,-1056.34,-4593.56,-5649.9,,,
9611,937.5,2274.94,2877.27,268.1,139.35,-139.78,-2056.23,-17009.22,853.3,10790.95,-4802.28,118.36,-1063.84,-4683.93,-5747.77,,,
9621,961.2,2287.67,2910.05,283.31,132.35,-129.61,-2061.93,-16876.75,847.61,10731.58,-4922.59,119.94,-914.53,-4802.65,-5717.18,,,
9631,1010.43,2386.65,2876.37,295.05,144.07,-150.41,-2041.14,-16998.61,817.41,10792.01,-4835.61,121.7,-868.18,-4713.91,-5582.09,,,
9641,940.24,2371.03,2887.21,286.45,171.3,-132.34,-2031.45,-16971.44,842.53,10720.02,-4843.13,119.99,-916.46,-4723.14,-5639.61,,,
9651,989.37,2265.54,2905.84,284.58,143.57,-152.91,-2047.78,-16994.54,858.89,10801.07,-4871.59,117.76,-946.37,-4753.83,-5700.2,,,
9661,984.84,2254.1,2886.42,281.16,135.75,-143.35,-2051.1,-17020.42,865.77,10802.08,-4850.44,118.63,-1004.73,-4731.8,-5736.53,,,
9671,967.13,2313.45,2875.46,291.67,156.87,-139.45,-2053.88,-17001.12,862.37,10817.31,-4860.37,118.91,-910.2,-4741.46,-5651.65,,,
9681,996.11,2321.99,2889.27,284.11,169.64,-133.08,-2086.74,-17026.52,821.39,10667.19,-4744.68,117.75,-1096.64,-4626.92,-5723.56,,,
9691,964.02,2319.43,2907.04,296.97,153.35,-143.99,-2030.45,-17071.3,866.25,10803.14,-4797.87,115,-935.54,-4682.86,-5618.4,,,
9701,990.29,2293.91,2909.08,282.78,151.93,-130.09,-2084.61,-16935.34,845.88,10679.87,-4811.1,116.79,-996.3,-4694.31,-5690.61,,,
9711,997.25,2354.05,2904.58,286.99,143.85,-138.84,-2081.11,-16928.33,831.95,10708.22,-4861.02,119.38,-921.4,-4741.64,-5663.04,,,
9721,986.73,2354.3,2865.83,282.97,149.8,-139.5,-2058.45,-17231.84,846.83,10752.46,-4608.82,115.58,-1190.86,-4493.24,-5684.1,,,
9731,986.86,2326.2,2883.06,286.67,155.33,-137.42,-2065.98,-17088.96,835.32,10787.73,-4756.27,116.29,-1031.2,-4639.98,-5671.18,,,
9741,986.28,2288.04,2878.45,279.54,141.13,-127.83,-2089.12,-17078.87,855.79,10758.01,-4729.72,118.65,-1108.58,-4611.07,-5719.65,,,
9751,1001.16,2315.6,2888.25,291.65,155.34,-127.24,-2048.42,-17201.34,858.54,10749.61,-4641.09,114.22,-1116.87,-4526.88,-5643.75,,,
9761,968.07,2288.55,2866.54,289.94,144.8,-152.72,-2084.83,-16897.93,844.85,10809.39,-4931.14,115.08,-923.36,-4816.06,-5739.42,,,
9771,1031.49,2287.96,2891.66,274.02,167.07,-115.43,-2074.99,-16796.36,842.12,10644.14,-4931.43,118.85,-848.32,-4812.59,-5660.91,,,
9781,995.17,2345.95,2931.61,293.97,148.28,-156.95,-2083.12,-16732.34,855.49,10682.52,-4991.1,117.31,-719.43,-4873.78,-5593.21,,,
9791,983.76,2294.42,2940.7,274.31,142.72,-143.43,-2081.68,-16977.88,841.71,10772.42,-4857.38,116.48,-952.93,-4740.9,-5693.83,,,
9801,963.67,2245.16,2903.41,272.94,149.58,-121.62,-2020.74,-17038.77,845.1,10786.17,-4815.24,116.51,-1015.11,-4698.73,-5713.83,,,
9811,1004.42,2255.13,2926.17,278.18,144.66,-143.85,-2061.5,-17128.44,848.06,10751.02,-4695.92,113.93,-1126.15,-4581.99,-5708.14,,,
9821,1009.82,2287.25,2884.93,295.56,145.18,-126.52,-2034.41,-17195.29,859.46,10672.86,-4619.06,118.11,-1201.16,-4500.95,-5702.11,,,
9831,962.9,2284.44,2878.96,289.46,144.9,-127.07,-2042.62,-17325.9,863.48,10824.62,-4586.74,115.32,-1246.82,-4471.42,-5718.24,,,
9841,1024.44,2349.74,2896.41,291.99,155.56,-139.2,-2059.93,-17282.07,834.42,10762.86,-4622.94,113.6,-1165.79,-4509.34,-5675.13,,,
9851,1003.28,2358.31,2909.71,301.49,157.44,-140.9,-2130.72,-16924.55,846,10707.64,-4854.47,113.38,-912.29,-4741.09,-5653.38,,,
9861,1000.28,2330.31,2911.74,286.65,148.11,-132.45,-2080.87,-17117.83,828.01,10836.13,-4769.68,117.68,-989.9,-4652,-5641.9,,,
9871,966.74,2274.42,2884.61,274.35,160.87,-135.02,-2102.49,-17164.92,869.75,10834.11,-4656.78,112.02,-1137.58,-4544.76,-5682.35,,,
9881,957.77,2289.46,2877.82,290.37,154.01,-133.2,-2107.09,-17135,832.21,10783.22,-4676.97,113.31,-1190.43,-4563.67,-5754.09,,,
9891,976.73,2402.82,2892.02,288.1,158,-152.6,-2056.4,-17124.18,845.65,10747.44,-4722.14,115.04,-1022.41,-4607.1,-5629.51,,,
9901,1000.42,2348.73,2886.67,294.9,151.82,-134.36,-2065.4,-17176.52,836.18,10800.06,-4704.89,114.77,-1057.5,-4590.12,-5647.61,,,
9911,1010.68,2289.34,2912.48,284.48,149.91,-139.16,-2052.52,-17200.96,825.81,10745.52,-4644.55,117.03,-1174.42,-4527.52,-5701.94,,,
9921,940.68,2297.1,2901.65,279.74,155.35,-131.39,-2075.03,-17110.76,838.94,10866.89,-4790.66,115.33,-1036.83,-4675.34,-5712.17,,,
9931,1010.5,2312.37,2898.31,291.44,137.94,-140.11,-2057.58,-16962.01,855.42,10736.44,-4828.99,117.25,-917.28,-4711.74,-5629.02,,,
9941,987.12,2336.87,2879.05,287.08,152.87,-128.31,-2070.5,-17258.5,847.94,10854.26,-4652.01,115.48,-1112.12,-4536.53,-5648.65,,,
9951,972.1,2320.89,2884.84,291.56,140.5,-151.3,-2063.72,-17161.82,832.27,10860.48,-4772.69,117.85,-1074.2,-4654.84,-5729.04,,,
9961,949.14,2326.34,2908.88,286.98,152.94,-148.83,-2049.63,-17098,851.14,10810.46,-4796.37,118.6,-1010.56,-4677.77,-5688.33,,,
9971,954.64,2291.86,2897.09,281.26,153.68,-120.59,-2113.59,-16938.61,842.94,10914,-4963.9,119.16,-837.32,-4844.73,-5682.06,,,
9981,970.14,2358.63,2855.69,293.39,145.51,-119.71,-2075.14,-16997.7,835.74,10736.77,-4806.31,115.26,-996.69,-4691.05,-5687.74,,,
9991,971.89,2364.98,2876.9,275.15,150.27,-138.25,-2087.47,-16966.18,832.59,10828.43,-4881.25,116.91,-891.69,-4764.35,-5656.03,,,
10001,975.73,2318.99,2889.83,281.49,132.63,-154.73,-2059.16,-17026.18,883.16,10760.83,-4816.63,114.48,-997.41,-4702.15,-5699.56,,,
,,,,,,,,,,,,,,,,,,
Receptor Energy Terms,,,,,,,,,,,,,,,,,,
Frame #,BOND,ANGLE,DIHED,UB,IMP,CMAP,VDWAALS,EEL,1-4 VDW,1-4 EEL,EGB,ESURF,GGAS,GSOLV,TOTAL,,,
1,916.32,2165.58,2963.54,286.5,140.07,-122.22,-2154.35,-17631.26,849.49,10944.65,-4356.26,97.98,-1641.67,-4258.27,-5899.94,,,
11,936.25,2237.1,2933.14,274.46,156.03,-114.49,-2074.49,-17419.79,857.27,10905.02,-4558.58,113.3,-1309.51,-4445.28,-5754.79,,,
21,984.85,2285.64,2963.31,277.68,152.49,-109.49,-2101.71,-17559.26,833.14,10909.2,-4444.26,111.68,-1364.14,-4332.58,-5696.73,,,
31,1004.6,2295.65,2929.82,291.61,162.41,-110.34,-2063.03,-17432.57,833.49,10857.53,-4541.9,111.35,-1230.84,-4430.55,-5661.39,,,
41,984.85,2241.68,2923.06,295.42,150.33,-106.83,-2066.76,-17516.82,842.16,10831.59,-4431.96,111.99,-1421.32,-4319.97,-5741.29,,,
51,1014.1,2250.14,2948.63,277.61,147.23,-103.87,-2043.53,-17692.17,843.61,10863.67,-4327.64,109.75,-1494.58,-4217.89,-5712.47,,,
61,978.07,2314.35,2922.24,294.57,161.68,-93.98,-2073.72,-17485.72,837.6,10804.89,-4414.57,110.2,-1340.03,-4304.36,-5644.39,,,
71,990.01,2261.54,2926.69,278.11,154.82,-112.52,-2077.22,-17558.52,800.26,10808.14,-4363.47,110.83,-1528.68,-4252.64,-5781.33,,,
81,975.36,2244.46,2937.15,297.14,162.48,-101.88,-2061.9,-17504.3,846.31,10827.97,-4401.3,112.36,-1377.21,-4288.94,-5666.15,,,
91,986.79,2277.11,2966.33,287,165.91,-124.54,-2076.11,-17532.87,826.06,10782.94,-4346.86,110.9,-1441.38,-4235.96,-5677.34,,,
101,987.95,2236.01,2924.71,286.39,164.67,-133.83,-2025.5,-17394.99,843.47,10815.09,-4528.55,115.08,-1296.03,-4413.47,-5709.5,,,
111,1005.4,2247.56,2915.83,303.66,144.71,-126.65,-2066.91,-17491.23,822.3,10818.16,-4436.85,111.16,-1427.17,-4325.69,-5752.86,,,
121,956.28,2252.09,2925.12,278.66,155.31,-136.13,-2058.81,-17332.11,841.05,10762.85,-4533.39,110.67,-1355.69,-4422.71,-5778.4,,,
131,930.5,2265.09,2910.45,269.61,145.09,-134.53,-2055.81,-17571.4,874.91,10855.52,-4379.78,110.76,-1510.58,-4269.02,-5779.6,,,
141,956.57,2181.39,2904.5,275.01,160.44,-149.18,-2053.46,-17459.83,853,10903.06,-4490.39,113.63,-1428.5,-4376.76,-5805.26,,,
151,967.47,2261.91,2920.1,286.22,163.68,-137.54,-2070.42,-17499.17,834.93,10854.35,-4458.16,111.5,-1418.45,-4346.65,-5765.1,,,
161,995,2263.32,2937.03,286.04,150.11,-133.38,-2023.36,-17438.05,832.02,10831.55,-4514.19,114.47,-1299.73,-4399.72,-5699.45,,,
171,979.32,2270.75,2869.11,293.44,152.9,-138.61,-2027.16,-17454.46,842.94,10840.88,-4482.07,114.55,-1370.9,-4367.51,-5738.42,,,
181,990.9,2237.09,2898.58,296.67,146.07,-132.78,-2009.5,-17400.64,858.91,10900.55,-4586.02,115.64,-1214.14,-4470.38,-5684.53,,,
191,1014.68,2256.75,2880.57,285.76,138.3,-146.24,-2041.49,-17262.65,835,10855.17,-4661.46,112.6,-1184.15,-4548.86,-5733.01,,,
201,966.94,2236.6,2919.14,284.06,155.45,-130.55,-2072.67,-17222.11,842.1,10780.73,-4634.1,113.22,-1240.3,-4520.88,-5761.18,,,
211,941.65,2255.53,2898.62,280.53,151.19,-130.15,-2023.91,-17557.09,844.06,10891.45,-4450.62,112.23,-1448.12,-4338.39,-5786.51,,,
221,955.36,2302.5,2911.17,308.63,135.27,-130.98,-2056.33,-17333.41,880.4,10814.44,-4602.34,111.26,-1212.96,-4491.08,-5704.04,,,
231,970.34,2246,2882.24,276.83,141.34,-127.46,-2085.94,-17245.82,850.12,10869.69,-4666.93,113.82,-1222.67,-4553.12,-5775.79,,,
241,980.51,2293.67,2891.89,282.01,151.67,-128.02,-2052.23,-17430.18,836.61,10909.91,-4571.83,114.55,-1264.17,-4457.29,-5721.45,,,
251,962.6,2235.79,2908.98,286.49,146.24,-130.7,-2060.82,-17293.24,845.42,10944.43,-4715.1,113.82,-1154.81,-4601.28,-5756.09,,,
261,965.88,2246.32,2903.86,277.88,143.71,-130.34,-2067.42,-17475.98,847.38,10836.89,-4444.78,110.45,-1451.84,-4334.32,-5786.17,,,
271,1020.06,2265.22,2918.68,294.74,154.61,-132.33,-2061.23,-17528.79,824.26,10959.84,-4499.17,110.26,-1284.95,-4388.91,-5673.86,,,
281,996.86,2229.8,2899.66,295.08,163.02,-136.42,-2005.95,-17570.19,838.39,10892.65,-4456.42,114.3,-1397.09,-4342.12,-5739.21,,,
291,1021.79,2203.3,2904.92,283.23,157.29,-132.08,-2018.13,-17512.95,826.78,10877.6,-4477.11,111.29,-1388.24,-4365.83,-5754.07,,,
301,1000.82,2261.77,2904.35,275.68,140.42,-137.77,-2045.17,-17356.96,828.23,10879.36,-4642.58,112.39,-1249.27,-4530.19,-5779.46,,,
311,989.54,2237.32,2882.49,281.52,162.81,-126.77,-2027.67,-17646.02,828.91,10984.08,-4434.02,117.08,-1433.78,-4316.94,-5750.72,,,
321,968.3,2218.05,2890.94,281.09,154.02,-121.17,-2045.69,-17361.27,838.25,10914.44,-4615.14,116.44,-1263.03,-4498.71,-5761.74,,,
331,968.65,2270.05,2878.43,270.89,152.31,-123.87,-2072.13,-17387.92,819.8,10911.58,-4576.81,114.76,-1312.2,-4462.05,-5774.25,,,
341,995.95,2286.23,2904.85,292.35,143.64,-128.91,-2034.31,-17403.6,833.81,10877.05,-4572.89,112.08,-1232.93,-4460.81,-5693.74,,,
351,958.77,2291.11,2882.67,285.4,168.15,-122.92,-2062.34,-17294.89,844.09,10869.32,-4645.43,113.69,-1180.64,-4531.74,-5712.38,,,
361,1033.44,2214.4,2890.65,294.62,156.18,-117.29,-2064.28,-17378.31,816.46,10903.18,-4592.57,116.86,-1250.95,-4475.71,-5726.66,,,
371,981.54,2279.36,2903.77,287.55,138.77,-127.01,-2074.86,-17387.07,837.45,10867.17,-4547.97,114.5,-1293.32,-4433.46,-5726.78,,,
381,921.13,2281.03,2904.58,287.26,135.46,-118.68,-2076.33,-17229.75,837.67,10826.32,-4674.81,115.18,-1231.3,-4559.64,-5790.94,,,
391,938.06,2234.02,2914.33,275.28,154.26,-136.42,-2071.45,-17308.42,835.05,10884.69,-4644.08,113.84,-1280.61,-4530.24,-5810.86,,,
401,959.05,2288.6,2888.94,295.8,157.97,-125.17,-2039.88,-17137.29,841.94,10780.33,-4746.29,117.23,-1089.71,-4629.06,-5718.77,,,
411,1030.18,2261.62,2881.3,282.82,140.47,-119.32,-2047.7,-17007.95,832.8,10809.2,-4878.28,114.46,-936.57,-4763.82,-5700.39,,,
421,955.01,2276.26,2895.8,282.28,175.71,-121.14,-2041.42,-17121.2,838.79,10884.06,-4815.16,117.85,-975.84,-4697.31,-5673.15,,,
431,989.35,2302.29,2900.21,280.34,150.39,-115.31,-2057.49,-17157.53,837.77,10780.47,-4713.93,116.6,-1089.5,-4597.33,-5686.83,,,
441,970.74,2257.3,2894.81,272.67,156.33,-129.48,-2063.35,-17269.65,810.17,10852.99,-4675.23,116.71,-1247.48,-4558.52,-5806,,,
451,977.63,2246.47,2863.9,284.77,144.57,-120.41,-2004.89,-17500.32,840.55,10888.45,-4499.22,118.06,-1379.29,-4381.16,-5760.46,,,
461,954.88,2298.32,2894.22,286.58,168.35,-114.62,-2067.36,-17273.24,817.06,10850.53,-4623.96,114.4,-1185.28,-4509.56,-5694.84,,,
471,956.09,2283.33,2863.34,281.39,147.49,-118.35,-2048.99,-17113.75,823.16,10864,-4808.51,117.48,-1062.31,-4691.03,-5753.33,,,
481,946.97,2266.98,2861.21,286.27,157.12,-118.19,-2071.03,-17200.09,842.21,10879.23,-4705.31,117.17,-1149.33,-4588.14,-5737.47,,,
491,946.57,2184.52,2903.82,272.74,164.27,-121.82,-2044.04,-17385.74,854.62,10917.69,-4563.27,113.94,-1307.36,-4449.33,-5756.69,,,
501,988.15,2247.21,2929.41,287.6,167.42,-105.52,-2062.62,-17279.41,819.32,10814.51,-4609.58,113.53,-1193.94,-4496.05,-5689.99,,,
511,958.69,2241.84,2887.79,282.55,161.73,-117.65,-2045.46,-17379.58,828.52,10834.26,-4561.92,114.06,-1347.31,-4447.86,-5795.16,,,
521,914.03,2263.47,2911.82,285.62,156.47,-122.55,-2027.77,-17492.31,846.37,10851.81,-4453.38,112.26,-1413.04,-4341.12,-5754.16,,,
531,972.45,2306.3,2900.83,310.39,149.49,-124.1,-2090.78,-17256.59,817.08,10799.72,-4623.9,113.18,-1215.22,-4510.72,-5725.94,,,
541,971.03,2245.12,2914.57,288.12,153.2,-128.95,-2073.46,-17254.69,855.86,10824.84,-4652.54,112.71,-1204.38,-4539.82,-5744.2,,,
551,975.97,2252.87,2926.1,289.22,164.89,-132.75,-2046.34,-17375.27,860.14,10845.21,-4588.16,113.58,-1239.97,-4474.59,-5714.55,,,
561,976.64,2303.27,2894.52,291.59,137.07,-137.43,-2088.75,-17192.65,803.9,10774.36,-4683.62,114.47,-1237.48,-4569.14,-5806.62,,,
571,985.76,2248.26,2905.42,303,146.55,-130.73,-2065.13,-17387.68,844.53,10861.65,-4599.23,114.41,-1288.35,-4484.82,-5773.17,,,
581,952.41,2235.89,2908.34,280.11,153.51,-132.77,-2067.79,-17345.5,838.25,10854.83,-4601.09,114.3,-1322.71,-4486.78,-5809.49,,,
591,1046.95,2223.78,2920.03,296.83,160.24,-119.39,-2018.88,-17116.32,831.22,10779.43,-4798.31,116.74,-996.12,-4681.57,-5677.69,,,
601,995.96,2214.91,2897.46,287,148.24,-106.08,-2053.74,-17330.5,821.88,10937.69,-4680.49,112.35,-1187.19,-4568.14,-5755.33,,,
611,998.38,2327.04,2915.21,293.29,147.91,-118.13,-2056.29,-17241.25,841.52,10844.31,-4717.14,115.57,-1048.01,-4601.57,-5649.58,,,
621,955.34,2306.49,2885.63,287.26,171.44,-114.24,-2037.21,-17255.88,808.89,10906.47,-4705.52,114.56,-1085.81,-4590.95,-5676.76,,,
631,966.55,2275.98,2876.78,279.72,154.97,-121.91,-2083.14,-17270,829.22,10797.63,-4637.76,111.68,-1294.21,-4526.08,-5820.28,,,
641,961.87,2306.17,2889.52,286.34,155.64,-129.1,-2068.16,-17202.45,830.3,10764.52,-4653.37,112.36,-1205.35,-4541.02,-5746.37,,,
651,958.25,2258.78,2867.02,276.44,146.71,-119.07,-2061.71,-17302.4,820.96,10871.34,-4666.84,114.55,-1283.68,-4552.3,-5835.98,,,
661,941.16,2294.16,2863.94,284.75,144.15,-101.6,-2086.75,-17425.39,837.26,10876.56,-4533.15,114.96,-1371.77,-4418.19,-5789.96,,,
671,938.66,2227.32,2866.99,292.49,156.37,-105.67,-2080.29,-17254.02,850.79,10807.8,-4650.23,110.14,-1299.57,-4540.09,-5839.66,,,
681,993.7,2306.9,2921.78,281.48,169.97,-123.39,-2065.9,-17390.35,852.64,10797.15,-4552.66,112.36,-1256.01,-4440.3,-5696.32,,,
691,978.79,2309.41,2859.76,289.65,156.9,-114.34,-2076.64,-17361.44,850.16,10808.73,-4585.05,112.76,-1299.01,-4472.29,-5771.3,,,
701,995.68,2286.12,2869.42,293.31,170.82,-111.67,-2119.6,-17184.98,809.6,10821.48,-4708.6,111.13,-1169.81,-4597.47,-5767.28,,,
711,999.4,2285.28,2899.47,280.71,160.61,-117.8,-2042.38,-17498.66,856.8,10868.11,-4516.62,111.47,-1308.46,-4405.15,-5713.6,,,
721,1000.42,2234.29,2906.12,284.88,138.13,-119.24,-2065.77,-17370.93,824.79,10949.73,-4659.72,110.1,-1217.57,-4549.62,-5767.19,,,
731,946.12,2243.25,2890.93,282.49,145.05,-114.99,-2054.84,-17407.66,839.4,10924.72,-4609.58,110.15,-1305.52,-4499.43,-5804.95,,,
741,1008.38,2266.39,2904.2,291.72,152.11,-126.6,-2103.69,-17352.47,838.43,10900.26,-4664.17,111.84,-1221.26,-4552.32,-5773.58,,,
751,963.51,2291.89,2921.42,284.15,157.92,-113.99,-2123.7,-17421.42,840.26,10855.28,-4543.84,108.98,-1344.69,-4434.86,-5779.55,,,
761,965.25,2240.9,2905.46,287.34,160.42,-102.98,-2088.51,-17346.7,831,10780.48,-4565.06,110.8,-1367.36,-4454.26,-5821.62,,,
771,973.51,2274.83,2902.68,286.3,136.17,-120.51,-2070.89,-17298.27,866.28,10868.56,-4672.36,110.77,-1181.32,-4561.6,-5742.92,,,
781,946.44,2268.41,2913.27,274.3,152.57,-112.48,-2032.7,-17364.32,820.36,10830.63,-4625.73,112.65,-1303.53,-4513.08,-5816.61,,,
791,975.54,2327.22,2898.14,288.14,163.76,-130.8,-2142.2,-17245.16,830.27,10858.92,-4660.63,107.63,-1176.16,-4553,-5729.16,,,
801,982.65,2292.98,2866.51,276.62,145.93,-125.39,-2056.74,-17173.08,831.95,10765.9,-4688.59,112.5,-1192.67,-4576.09,-5768.76,,,
811,973.38,2313.31,2913.7,284.61,147.07,-132.76,-2078.14,-17254.02,825.29,10877.29,-4699.84,111.15,-1130.28,-4588.69,-5718.97,,,
821,1021.42,2228.88,2898.77,296.21,158.89,-125.38,-2073.65,-17184.54,834.52,10822.68,-4761.91,112.42,-1122.2,-4649.5,-5771.7,,,
831,992.74,2325.16,2898.25,291.32,148.97,-107.88,-2074.85,-17417.51,853.85,10892.84,-4597.39,112.84,-1197.12,-4484.55,-5681.67,,,
841,963.89,2308.19,2899.13,288.97,154.59,-118.53,-2117.71,-17327.73,813.36,10830.29,-4575.51,110.71,-1305.55,-4464.8,-5770.36,,,
851,949.07,2278.12,2896.21,277.89,152.35,-128.77,-2030.91,-17245.36,837.49,10801.04,-4692.2,112.21,-1212.88,-4579.99,-5792.87,,,
861,976.06,2270.97,2886.84,291.77,161.22,-113.54,-2084.2,-17255.02,846.77,10838.04,-4705.95,111.67,-1181.09,-4594.28,-5775.37,,,
871,1015.9,2203.53,2896.32,286.67,139.46,-122.29,-2048.56,-17384.56,846.63,10875.33,-4597.47,111.75,-1291.56,-4485.72,-5777.28,,,
881,970.23,2297.49,2875.74,306.71,158.15,-121.11,-2080.69,-17489.16,836.67,10936.91,-4497.45,110.11,-1309.05,-4387.34,-5696.4,,,
891,1032.65,2314.75,2886.14,289.99,157.63,-115.11,-2097.16,-17345.07,825.88,10850.46,-4624.93,110.6,-1199.84,-4514.33,-5714.18,,,
901,968.52,2212.36,2887.99,297.09,156.36,-113.36,-2098.62,-17289.68,863.47,10888.2,-4624.82,112.29,-1227.67,-4512.53,-5740.2,,,
911,977.97,2157.87,2912.08,264.29,148.43,-113.04,-2095.76,-17382.82,831.84,10939.99,-4612.28,114.09,-1359.14,-4498.19,-5857.33,,,
921,1008.03,2275.11,2869.54,291.05,144.93,-145.52,-2093.64,-17476.17,853.54,10948.79,-4557.69,109.06,-1324.36,-4448.63,-5772.99,,,
931,974.07,2229.37,2906,289.18,142.87,-129.98,-2081.69,-17347.65,827.9,10839.03,-4599.82,113.03,-1350.91,-4486.79,-5837.7,,,
941,977.28,2275.21,2935.33,279.34,148.9,-123.23,-2098.37,-17473.63,848.49,10863.61,-4459.91,111.34,-1367.07,-4348.57,-5715.64,,,
951,971.46,2264.71,2896.6,287.88,156.04,-139.31,-2081.74,-17332.59,835.75,10813.87,-4607.47,110.71,-1327.34,-4496.76,-5824.1,,,
961,990.02,2140.75,2911.26,272.28,145.18,-122.07,-2113.9,-17419.61,836.71,10891.42,-4527.39,107.1,-1467.95,-4420.29,-5888.24,,,
971,971.68,2304.13,2887.89,291.52,150.34,-101.3,-2082.12,-17308.88,800.95,10771.86,-4596.19,112.88,-1313.92,-4483.31,-5797.24,,,
981,993.53,2210.51,2899.59,280.85,149.67,-120.1,-2088.16,-17401.09,821.51,10931.6,-4644.95,111.22,-1322.11,-4533.73,-5855.84,,,
991,970.94,2154.27,2918.43,271.86,146.5,-122.15,-2066.78,-17341.24,867.48,10912.23,-4644.95,109.03,-1288.45,-4535.92,-5824.38,,,
1001,931.35,2235.25,2879.11,276.98,151.12,-116.15,-2077.02,-17446.54,853.99,10901.82,-4567.68,111.23,-1410.09,-4456.44,-5866.54,,,
1011,1046.91,2225.3,2865.13,291.77,151.89,-128.17,-2076.46,-17340.47,811.55,10846.75,-4634.2,110.49,-1305.81,-4523.7,-5829.51,,,
1021,1011.33,2236.31,2899.47,281.67,169.26,-136.78,-2081.71,-17332.7,838.09,10916.98,-4681.75,111.2,-1198.09,-4570.55,-5768.64,,,
1031,985.28,2237.16,2867.68,283.35,145.27,-131.08,-2120.32,-17269.49,844.68,10922.31,-4706.74,112.38,-1235.15,-4594.36,-5829.52,,,
1041,991,2253.36,2875.8,287.64,148.41,-123.2,-2036.14,-17384.94,851.97,10947.48,-4686.33,112.35,-1188.63,-4573.97,-5762.61,,,
1051,981.16,2275.94,2910.05,288.09,158.79,-135.91,-2103.6,-17225.67,826.29,10893.44,-4750.37,111.52,-1131.42,-4638.85,-5770.27,,,
1061,993.53,2265.11,2891.01,290.45,163.04,-112.08,-2074.66,-17292.64,834.64,10813.51,-4626.07,110.21,-1228.09,-4515.85,-5743.94,,,
1071,975.26,2264.79,2895.71,293.18,146.57,-131.25,-2067.8,-17336.49,835.94,10912.37,-4655.67,112.29,-1211.72,-4543.39,-5755.11,,,
1081,971.25,2242.04,2910.03,285.64,158.53,-131.85,-2058.91,-17232.65,831.04,10813.2,-4691.86,112.51,-1211.68,-4579.35,-5791.04,,,
1091,973.22,2276.08,2900.91,301.48,155.53,-121.42,-2062.86,-17373.36,824.08,10940.34,-4674.34,111.72,-1186,-4562.62,-5748.62,,,
1101,994.18,2297.03,2888.06,276.51,154.76,-113.08,-2085.9,-17341.49,847.73,10877.02,-4638.38,110.03,-1205.18,-4528.35,-5733.52,,,
1111,972.89,2285.22,2901.83,289.19,146.56,-119.62,-2098.11,-17348.59,816.36,10884.98,-4621.51,110.68,-1269.28,-4510.83,-5780.12,,,
1121,969.68,2207.09,2902.63,273.27,146.92,-132.39,-2107.76,-17284.53,812.14,10877.28,-4684.87,109.57,-1335.67,-4575.29,-5910.97,,,
1131,1023.67,2248.65,2843.42,282.54,154.19,-126.14,-2126.51,-17307.17,820.23,10840.4,-4601.03,109.52,-1346.72,-4491.51,-5838.23,,,
1141,983.8,2233.44,2876.57,284.07,158.68,-132.16,-2123.07,-17205.59,822.93,10873.88,-4725.68,110.62,-1227.46,-4615.06,-5842.53,,,
1151,1001.48,2203.74,2922.39,286.06,167.41,-123.97,-2089.77,-17147.73,842.23,10854.38,-4775.62,111.49,-1083.79,-4664.13,-5747.92,,,
1161,974.56,2260.92,2890.76,297.3,149.19,-138.66,-2051.84,-17175.35,814.85,10857.76,-4811.65,116.96,-1120.53,-4694.69,-5815.21,,,
1171,961.06,2208.9,2890.66,277.78,135.98,-117.83,-2062.34,-17093.67,854.91,10917.47,-4911.27,112.59,-1027.08,-4798.68,-5825.76,,,
1181,928,2315.79,2905.22,277.47,159.37,-120.33,-2038.65,-16985.36,842.31,10919.77,-4987.65,116.75,-796.4,-4870.9,-5667.3,,,
1191,939.62,2328.11,2900.38,288.98,174.95,-120.16,-2095.24,-17090.18,831.01,10891.36,-4857.56,116.38,-951.15,-4741.18,-5692.34,,,
1201,954.74,2257.84,2863.26,288.86,151.73,-133.91,-2059.52,-17054.15,845.81,10932.49,-4957.12,114.68,-952.86,-4842.44,-5795.3,,,
1211,955.44,2231.43,2894.71,285.48,149.62,-119.07,-2118.37,-17121.61,862.16,10967.88,-4855.42,112.05,-1012.32,-4743.37,-5755.69,,,
1221,964.84,2248.53,2949.84,279.93,160.5,-140.4,-2090.82,-17290.44,864.03,10917.34,-4683.56,111.66,-1136.64,-4571.9,-5708.53,,,
1231,949.78,2251.19,2870.92,283.18,146.36,-121.6,-2085.12,-17213.67,861.06,10961.85,-4799.25,110.79,-1096.05,-4688.47,-5784.52,,,
1241,998.62,2281.98,2919.94,288.48,144.65,-128.07,-2074.63,-17332.59,829.45,10871.06,-4648.21,110.21,-1201.1,-4538.01,-5739.11,,,
1251,995.62,2302.59,2861,296.26,156.29,-134.42,-2115.32,-17367.73,842.5,10873.41,-4565.46,110.74,-1289.79,-4454.73,-5744.52,,,
1261,939.25,2209.18,2866.05,290.41,158.75,-141.3,-2085.82,-17210.86,862.9,10966.3,-4793.2,110.53,-1145.15,-4682.67,-5827.81,,,
1271,949.57,2266.62,2887.97,283.63,156.96,-119.66,-2044.95,-17494.55,836.52,11002.02,-4600.97,114.05,-1275.86,-4486.92,-5762.78,,,
1281,993.74,2244.36,2900.37,291.24,147.54,-130.41,-2048.12,-17332.64,845.7,10919.26,-4670.25,110.38,-1168.97,-4559.87,-5728.85,,,
1291,997.51,2298.24,2901.16,289.59,163.68,-142.11,-2089.19,-17503.47,840.52,10942.55,-4518.36,108.78,-1301.52,-4409.58,-5711.1,,,
1301,968.95,2263.77,2895.88,289.05,149.42,-129.1,-2072.16,-17555.09,838.06,10947.46,-4480.42,111.28,-1403.76,-4369.14,-5772.9,,,
1311,951.09,2280.47,2898.71,281.38,147.02,-110.69,-2108.48,-17389.63,824.26,10857.18,-4578.25,112.24,-1368.69,-4466.01,-5834.7,,,
1321,946.36,2256.87,2929.35,277.81,160.31,-161.25,-2092.78,-17341.37,837.28,10977.35,-4671.19,113.36,-1210.07,-4557.83,-5767.9,,,
1331,982.89,2276.87,2922.38,297.66,166.74,-119.52,-2089.02,-17456.29,848.76,10867.72,-4541.37,111.43,-1301.81,-4429.94,-5731.75,,,
1341,981.97,2314.8,2875.14,293.12,160.21,-134.71,-2069.03,-17242.87,826.1,10892.09,-4730.02,115.61,-1103.17,-4614.42,-5717.59,,,
1351,970.33,2243.72,2880.86,289.02,156.33,-137.86,-2042.82,-17254.09,829.35,10895.79,-4731.48,114.92,-1169.37,-4616.57,-5785.94,,,
1361,943.67,2251.94,2896.34,276.11,145.78,-122.91,-2064.88,-17334.03,828.39,10886.99,-4646.7,111.88,-1292.6,-4534.81,-5827.41,,,
1371,973.57,2278.59,2888.69,290.23,159.96,-134.8,-2060.07,-17303.22,843.14,10936.01,-4670.35,113.32,-1127.9,-4557.03,-5684.93,,,
1381,1006.46,2264.48,2893.51,279.58,136.49,-129.03,-2070.53,-17486.28,842.38,11003.59,-4565.85,109.77,-1259.36,-4456.07,-5715.43,,,
1391,970.87,2224.29,2865.28,277.54,152.92,-124.35,-2087.4,-17494.82,846.98,10859.14,-4473.28,110.85,-1509.54,-4362.44,-5871.98,,,
1401,966.5,2261.24,2917.22,287.38,151.27,-158.17,-2086.71,-17408.28,848.25,10949.3,-4618.44,110.02,-1272,-4508.42,-5780.43,,,
1411,1003.86,2275.72,2911.02,279.39,161.62,-143.32,-2065.26,-17535.48,835.14,10924.97,-4468.7,112.13,-1352.34,-4356.57,-5708.91,,,
1421,982.91,2269.99,2908.53,279.66,154.95,-119.2,-2077.68,-17200.98,836.36,10943.44,-4752.95,109.99,-1022.01,-4642.95,-5664.97,,,
1431,991.22,2303.57,2891.22,295.9,139.67,-145.01,-2108.53,-17346.62,857.08,10841.26,-4599.52,110.93,-1280.23,-4488.6,-5768.83,,,
1441,1016.12,2288.03,2886.44,292.26,146.9,-136.49,-2028.56,-17452.92,821.37,10909.9,-4578.21,114.25,-1256.96,-4463.96,-5720.93,,,
1451,1020.87,2257.23,2890.91,280.3,149.08,-135.07,-2091.43,-16994.73,815.58,10845.11,-4883.76,114.1,-962.17,-4769.65,-5731.82,,,
1461,940.22,2265.22,2869.42,284.45,146.8,-130.55,-2053.11,-17434.92,849.44,10949.87,-4622.59,113.63,-1313.16,-4508.96,-5822.12,,,
1471,978.28,2237.17,2896.61,273.71,151.17,-147.86,-2019.75,-17403.41,830.43,10992.89,-4690.64,113.29,-1210.76,-4577.35,-5788.1,,,
1481,941.43,2267.51,2905.94,287.99,158.26,-109.34,-2086.89,-17179.04,832.86,10887.07,-4782.12,112.38,-1094.2,-4669.73,-5763.94,,,
1491,949.25,2201.44,2874.87,274.17,143.64,-144.44,-2071.34,-17446.98,844.01,10947.17,-4547.03,111.08,-1428.22,-4435.94,-5864.16,,,
1501,939.83,2281.99,2898.41,278.19,164.29,-147.88,-2031.63,-17349.33,846.08,10932.22,-4690.62,111.93,-1187.85,-4578.69,-5766.53,,,
1511,989.26,2285.17,2873.27,278.16,149.98,-124.06,-2076.32,-17439.36,840.02,10892.26,-4545.82,111.52,-1331.62,-4434.3,-5765.93,,,
1521,936.41,2226.95,2897.17,291.91,154.06,-126.07,-2075.41,-17426.27,848.96,10913.89,-4553.35,111.22,-1358.4,-4442.13,-5800.53,,,
1531,952.02,2197.31,2895.8,291.47,158.67,-130.69,-2096.11,-17253.42,821.23,10853.03,-4674.79,111.77,-1310.68,-4563.03,-5873.7,,,
1541,962.77,2305.51,2864.57,291.44,163.25,-116.24,-2076.52,-17230.18,838.59,10853.91,-4721.71,114.24,-1142.89,-4607.47,-5750.36,,,
1551,952.07,2278.74,2887.88,296.56,145.9,-134.87,-2086.69,-17326.28,823.54,10828.01,-4609.43,111.69,-1335.14,-4497.74,-5832.88,,,
1561,953.31,2308.72,2900.89,289.21,145.3,-121.58,-2083.02,-17229.29,832.48,10893.16,-4726.72,112.3,-1110.83,-4614.42,-5725.25,,,
1571,977.22,2276.08,2904.96,276.22,149.52,-122.18,-2015.99,-17202.26,832.53,10797.89,-4737.8,111.66,-1126.01,-4626.14,-5752.15,,,
1581,958.43,2259.03,2891.25,296.36,142,-129.76,-2081.89,-17131.17,841.36,10892.12,-4800.65,112.22,-1062.27,-4688.43,-5750.7,,,
1591,945.64,2295.35,2890.46,286.41,149.36,-129.96,-2088.02,-17073.44,825.36,10812.06,-4811.71,113.17,-1086.77,-4698.55,-5785.32,,,
1601,975.73,2278.88,2908.33,282.33,151.32,-124.08,-2069.08,-17072.74,839.77,10819.04,-4849.62,114.13,-1010.5,-4735.5,-5746,,,
1611,966.76,2289.73,2871.62,286.8,141.91,-121.05,-2045.88,-17234.56,851.69,10903.78,-4733.01,112.28,-1089.2,-4620.73,-5709.93,,,
1621,978.06,2268.05,2865.85,285.08,151.33,-125.16,-2070.58,-17114.71,814.06,10870.4,-4828.09,114.43,-1077.61,-4713.66,-5791.28,,,
1631,961.39,2290.55,2894.39,276.51,138.85,-113.51,-2015.37,-17341.52,828.28,10903.39,-4653.04,115.63,-1177.04,-4537.4,-5714.44,,,
1641,969.87,2295.65,2886.37,294.67,156.44,-133.36,-2045.05,-17239.02,825.43,10870.39,-4724.53,114.3,-1118.6,-4610.23,-5728.83,,,
1651,985.72,2246.74,2881.16,294.28,136.93,-111.25,-2065.97,-17114.94,836.9,10776.74,-4761.27,113.3,-1133.7,-4647.98,-5781.68,,,
1661,934.81,2266.09,2874.57,282.12,156.96,-123.94,-2016.69,-17258.69,853.24,10884.54,-4721.77,112.34,-1146.99,-4609.42,-5756.42,,,
1671,970.55,2270.58,2882.87,290.08,141.07,-142.57,-2045.76,-17320.31,854.31,10783.18,-4570.47,111.56,-1316,-4458.91,-5774.91,,,
1681,995.03,2311.7,2902.11,286.52,161.13,-110.67,-2086.64,-17317.32,833.36,10819,-4652.07,111.05,-1205.77,-4541.01,-5746.79,,,
1691,987.55,2274,2881.25,284.96,160.43,-112.32,-2003.66,-17135.36,820.8,10852.41,-4845.81,114.56,-989.93,-4731.25,-5721.19,,,
1701,963.55,2218.85,2893.46,273.65,160.98,-113.87,-2105.51,-17081.21,839.36,10881.28,-4830.08,111.3,-1069.46,-4718.78,-5788.24,,,
1711,953.88,2317.37,2886.12,298.93,145.21,-141.64,-2046.95,-17141.7,852.49,10869.44,-4818.4,112.94,-1006.87,-4705.45,-5712.32,,,
1721,950.26,2254.59,2884.09,275.05,139.34,-134.67,-2060.16,-17188.13,853.62,10863.69,-4760.06,110.09,-1162.31,-4649.97,-5812.29,,,
1731,950.97,2298.53,2864.31,276.87,135.97,-129.24,-2066.26,-17388.65,867.45,10882.55,-4607.58,111.66,-1307.49,-4495.93,-5803.41,,,
1741,1032.86,2294.76,2867.98,284.77,152.61,-123.78,-2088.14,-17459.56,818.95,10814.58,-4491.48,110.58,-1404.97,-4380.9,-5785.87,,,
1751,963.88,2264.91,2867.74,292.92,156.28,-125.15,-2088.86,-17304.61,843.9,10842.07,-4616.95,109.19,-1286.89,-4507.76,-5794.65,,,
1761,963.32,2306.78,2845.4,288.55,158.04,-121.66,-2101.23,-17377.64,831.88,10815.78,-4511.32,107.19,-1390.79,-4404.12,-5794.91,,,
1771,962.83,2282.44,2880.27,288.64,160.21,-95.14,-2101.24,-17437.18,829.83,10862.23,-4527.99,109.42,-1367.12,-4418.57,-5785.69,,,
1781,999.82,2232.01,2870.36,291.47,140.31,-104.88,-2080.53,-17473.47,833.94,10926,-4538.49,112.34,-1364.98,-4426.15,-5791.13,,,
1791,1013.61,2295.76,2909.93,294.24,158.51,-128.14,-2089.63,-17335.78,852.37,10827.06,-4597.27,112.47,-1202.07,-4484.8,-5686.87,,,
1801,947.2,2297.76,2878.37,288.15,143.49,-119.78,-2075.56,-17502.65,832.74,10898.24,-4480.74,110.64,-1412.05,-4370.1,-5782.15,,,
1811,985.54,2207.18,2878.68,282.01,168.96,-113.67,-2090.96,-17555.86,819.57,10881.79,-4396.56,109.32,-1536.75,-4287.24,-5823.99,,,
1821,898.03,2213.45,2875.88,278.56,158.58,-133.43,-2044.25,-17505.6,858.79,10974.79,-4519.85,112.85,-1425.19,-4407,-5832.19,,,
1831,940.58,2250.69,2889.11,286.5,146.02,-116,-2089.07,-17566.94,845.86,10899.17,-4415.54,110.57,-1514.07,-4304.97,-5819.04,,,
1841,953.6,2330.74,2891.85,282.68,154.06,-145.29,-2056.32,-17565.92,840.98,10845.75,-4415.34,113.27,-1467.88,-4302.07,-5769.96,,,
1851,976.91,2212.41,2899.77,287.29,152.97,-116.01,-2054.58,-17447.93,870.21,10816.73,-4461.07,111.84,-1402.23,-4349.22,-5751.45,,,
1861,1002.27,2283.18,2921.09,290.43,152.61,-107.42,-2095.93,-17493.49,854.49,10857.94,-4465.5,111.49,-1334.81,-4354.01,-5688.82,,,
1871,1014.44,2213.66,2881.56,276.04,125.43,-124.9,-2065.43,-17567.06,816.44,10821.48,-4390.14,107.33,-1608.33,-4282.81,-5891.14,,,
1881,957.74,2283.27,2896,285.9,158.75,-131.39,-2073.88,-17431.84,825.66,10893.36,-4556.48,112.71,-1336.44,-4443.77,-5780.21,,,
1891,988.02,2246.8,2878.24,278.94,146.14,-132.28,-2082.36,-17450.88,850.42,10944.76,-4567.05,111.59,-1332.2,-4455.45,-5787.65,,,
1901,993.14,2259.79,2892.76,290.14,162.31,-123.8,-2102.03,-17480.08,845.48,10927.41,-4528.11,111.63,-1334.88,-4416.48,-5751.36,,,
1911,947.09,2266.57,2842.8,288.66,151.12,-105.2,-2100,-17453.08,818.14,10904.92,-4542.81,109.37,-1438.98,-4433.44,-5872.41,,,
1921,952.89,2281.92,2894.78,290.47,152.65,-129.18,-2075.1,-17588.34,829.3,10910.91,-4394.72,110.21,-1479.7,-4284.51,-5764.21,,,
1931,988.99,2256.04,2916.94,289.34,151.42,-120.51,-2086,-17491.44,824.05,10822.52,-4455.94,111.11,-1448.65,-4344.82,-5793.48,,,
1941,981.28,2307.68,2894.99,294.52,146.95,-107.09,-2073.28,-17587.37,843.7,10822.82,-4352.16,109.33,-1475.79,-4242.83,-5718.62,,,
1951,990.14,2294.98,2912.32,286.8,151.57,-120.53,-2061.73,-17444.53,850.93,10786.35,-4473.75,110.45,-1353.69,-4363.3,-5717,,,
1961,979.66,2295.42,2868.22,287.33,142.49,-121.73,-2067.52,-17494.46,833.17,10869.9,-4476.93,111.9,-1407.52,-4365.03,-5772.55,,,
1971,976.27,2267.98,2874.19,283.47,156.7,-124.49,-2049.49,-17476.02,841.64,10765.67,-4443.38,113.96,-1484.09,-4329.42,-5813.51,,,
1981,983.13,2269.02,2896.31,286.24,156.53,-127.71,-2054.26,-17431.66,806.31,10809.5,-4510.14,111.63,-1406.58,-4398.52,-5805.1,,,
1991,959.84,2270.15,2905.94,268.82,143.96,-139.89,-2064.66,-17330.47,838.69,10830.55,-4580.01,113.14,-1317.08,-4466.86,-5783.94,,,
2001,978.2,2258.75,2926.02,283.62,167.97,-126.42,-2102.51,-17471.01,832.81,10865.74,-4481.38,112.99,-1386.82,-4368.39,-5755.21,,,
2011,953.56,2259.41,2880.84,290.34,152.65,-118.85,-2081.02,-17408.18,818.49,10838.75,-4547.34,110.96,-1414.01,-4436.38,-5850.39,,,
2021,977.08,2309.44,2854.81,297.25,149.75,-109.16,-2049.18,-17437.31,824.82,10744.11,-4478.6,111.78,-1438.39,-4366.82,-5805.21,,,
2031,970.71,2265.32,2929.92,283.53,155.5,-131.51,-2017.78,-17409.02,843.53,10825.15,-4549.54,112.37,-1284.65,-4437.17,-5721.82,,,
2041,972.9,2343.21,2866.31,280.07,142.75,-129.23,-2045.31,-17385.49,830.91,10791.11,-4596.11,112.83,-1332.77,-4483.28,-5816.05,,,
2051,993.25,2261.75,2902.79,288.64,147.64,-148.72,-2038.27,-17480.95,827.71,10828.8,-4499.23,112.82,-1417.36,-4386.41,-5803.77,,,
2061,953.8,2218.04,2895.58,295.42,167.84,-129.95,-2032.52,-17432.09,853.65,10887.84,-4568.97,111.99,-1322.39,-4456.98,-5779.37,,,
2071,949.71,2286.99,2843.56,286.59,145.7,-103.03,-2040.52,-17366.67,852.81,10840.55,-4595.32,111.06,-1304.31,-4484.27,-5788.58,,,
2081,1031.59,2253.23,2910.66,285.86,153.12,-151.69,-2050.18,-17306.77,813.44,10829.06,-4639.11,114.66,-1231.68,-4524.45,-5756.13,,,
2091,1020.12,2288.69,2872.7,302.15,142.24,-119.1,-2059.67,-17519.62,843.65,10898.23,-4483.28,113.66,-1330.6,-4369.62,-5700.23,,,
2101,945.35,2235.51,2899.09,288.52,158.28,-116.85,-2050.13,-17483.2,822.7,10822.58,-4450.96,112.56,-1478.14,-4338.4,-5816.55,,,
2111,1007.27,2270.74,2858.42,285.4,146.72,-126.92,-2054.46,-17563.78,845.04,10809.81,-4385.3,111.48,-1521.76,-4273.82,-5795.58,,,
2121,931.75,2315.48,2857.22,281.31,145.55,-113.81,-2053.47,-17493.19,839.61,10851.92,-4503.12,113.77,-1437.63,-4389.35,-5826.98,,,
2131,971.74,2271.51,2883.54,292.58,147,-129.53,-2048.52,-17540.68,847.95,10869.23,-4509.01,113.1,-1435.17,-4395.91,-5831.08,,,
2141,987,2362.48,2884.36,279.42,145.58,-125.67,-2078.72,-17520.32,849.99,10848.61,-4462.87,112.21,-1367.26,-4350.66,-5717.92,,,
2151,1000.96,2265.7,2901.52,284.08,147.45,-122.3,-2061.14,-17519.33,854.05,10863.01,-4450.53,111.4,-1385.99,-4339.14,-5725.13,,,
2161,966.41,2182.5,2895.67,272.85,150.48,-126.81,-2039.41,-17391.71,843.72,10872.72,-4569.99,112.38,-1373.58,-4457.61,-5831.19,,,
2171,938.13,2254.49,2917.69,292.36,154.21,-123.33,-2069.18,-17308.27,820.25,10973.64,-4710.72,112.45,-1150.01,-4598.27,-5748.28,,,
2181,999.62,2223.6,2866.24,277.48,136.4,-113,-2066.96,-17258.59,825.44,10853.87,-4726.3,114.73,-1255.9,-4611.58,-5867.47,,,
2191,987.76,2309.45,2887.26,298.37,162.24,-122.27,-2067.79,-17213.62,829.75,10761.74,-4667.78,117.62,-1167.1,-4550.16,-5717.26,,,
2201,970.9,2280.93,2889.07,277.23,155.51,-127.82,-2072.36,-17180.42,857.55,10839.99,-4708.5,112.65,-1109.43,-4595.85,-5705.28,,,
2211,963.16,2269.76,2840.07,296.64,142.89,-100.88,-2074.62,-17233.33,838.59,10724.67,-4618,113.84,-1333.05,-4504.16,-5837.21,,,
2221,956.31,2269.56,2893.06,280.1,160.78,-125.22,-2070.51,-17220.72,814.43,10716.2,-4619.62,114.03,-1326.01,-4505.59,-5831.6,,,
2231,973.09,2270.61,2897.56,282.28,141.04,-118.93,-2105.76,-17295.48,846.99,10800.24,-4582.41,111.44,-1308.36,-4470.97,-5779.33,,,
2241,993.29,2234.02,2896.41,281.32,149.15,-136.4,-2047.49,-17454.73,819.43,10829.36,-4478.26,115.39,-1435.64,-4362.87,-5798.51,,,
2251,989.04,2263.8,2886.76,286.27,148.49,-136.61,-2005.02,-17288.66,834.69,10707.37,-4557.65,117.72,-1313.88,-4439.94,-5753.82,,,
2261,990.46,2280.02,2887.75,274.3,148,-117.03,-2068.36,-17199.63,844.85,10718.2,-4606.48,113.32,-1241.45,-4493.15,-5734.6,,,
2271,976.8,2297.73,2896.78,282.37,167.76,-120.03,-2029.56,-17153.07,837.13,10810.18,-4787.33,117.14,-1033.9,-4670.19,-5704.1,,,
2281,917.64,2261.64,2885.06,295.32,146.38,-126.11,-2083.57,-17053.6,860.03,10818.44,-4811.52,114.65,-1078.77,-4696.87,-5775.64,,,
2291,987.32,2282.86,2917.69,289.11,155.28,-141.91,-2074.43,-17181.52,841.36,10783.78,-4676.88,112.27,-1140.44,-4564.61,-5705.05,,,
2301,963.42,2221.39,2884.51,282.02,163.61,-137.96,-2029.55,-17174.73,859.73,10798.02,-4743.57,114.53,-1169.53,-4629.05,-5798.58,,,
2311,948.69,2267.26,2903.61,283.35,146.81,-127.37,-2059.76,-17316.06,850.43,10804.36,-4585.77,117.06,-1298.68,-4468.71,-5767.39,,,
2321,969.08,2266.91,2910.51,290.19,130.88,-134.71,-2102.56,-17143.05,846.45,10743.58,-4651.9,113.13,-1222.72,-4538.77,-5761.49,,,
2331,1016.86,2276.03,2870.38,288.77,150.68,-137.23,-2029.05,-17222.99,842.52,10735.07,-4613.14,117.3,-1208.96,-4495.84,-5704.8,,,
2341,933.73,2282.44,2880.42,278.62,152.61,-134.53,-2074.15,-17223.96,843.98,10785.74,-4623.58,113.44,-1275.09,-4510.13,-5785.23,,,
2351,975.33,2283,2866.54,276.23,142.2,-121.82,-2069.05,-17204.74,842.99,10703.61,-4629.98,114.6,-1305.71,-4515.38,-5821.09,,,
2361,943.77,2217.19,2909.33,269.15,159.11,-140.93,-2035.36,-17380.89,830.63,10770.27,-4492.52,115.14,-1457.71,-4377.39,-5835.1,,,
2371,985.76,2310.67,2904.71,288.01,141.7,-152.09,-2063.24,-17232.06,841.06,10737.94,-4590.97,116.04,-1237.57,-4474.94,-5712.51,,,
2381,968.96,2264.56,2865.44,274.46,158.7,-144.59,-2048.9,-17086.67,859.75,10766.85,-4705.42,116.61,-1121.43,-4588.81,-5710.24,,,
2391,995.36,2299.91,2906.43,285.02,136.72,-130.56,-2064.47,-17028.69,816.54,10708.77,-4754.92,118.13,-1074.97,-4636.78,-5711.75,,,
2401,956.07,2278.31,2875.26,280.89,141.56,-145.23,-2071.06,-17073.13,836.93,10677.82,-4694.56,117.42,-1242.56,-4577.14,-5819.69,,,
2411,1031.71,2251.62,2888.12,292.64,147.29,-122.64,-2056.12,-16986.06,824.17,10748.5,-4789.84,118.76,-980.75,-4671.07,-5651.83,,,
2421,959.62,2269.18,2882.6,285.52,155.31,-139.69,-2050.85,-16936.88,866.98,10708.82,-4814.02,119.6,-999.4,-4694.42,-5693.82,,,
2431,974.78,2332.32,2901.15,292.09,147.25,-129.17,-2066.22,-17239.58,824.19,10667.1,-4557.16,113.74,-1296.11,-4443.42,-5739.53,,,
2441,962.54,2191.46,2864.98,274.77,170.48,-127.79,-2097.22,-17441.12,856.92,10836.32,-4414.7,112.87,-1508.66,-4301.83,-5810.49,,,
2451,992.29,2260.58,2881.67,288.97,146.88,-137.28,-2033,-17311.05,829,10765.57,-4565.63,116.39,-1316.37,-4449.24,-5765.62,,,
2461,1009.8,2300.17,2887.63,293.36,163.53,-140.37,-2047.97,-17493.4,835.22,10696.13,-4362.48,114.77,-1495.9,-4247.7,-5743.6,,,
2471,965.02,2240.07,2883.47,304.49,138.06,-133.83,-2049.49,-17385.24,828.4,10840.32,-4498.85,112.59,-1368.71,-4386.26,-5754.97,,,
2481,952.81,2279.2,2895.82,287.18,158.97,-134.88,-2027.25,-17532.13,859.52,10784.84,-4381.5,112.79,-1475.91,-4268.72,-5744.62,,,
2491,963.84,2232.55,2919.56,279.69,146.64,-134.89,-2055.48,-17453.68,854.49,10746.29,-4345.59,113.37,-1500.97,-4232.23,-5733.2,,,
2501,981.5,2309.44,2883.17,290.17,150.61,-130.89,-2059.95,-17332.83,838.89,10710.45,-4497.93,112.67,-1359.44,-4385.26,-5744.7,,,
2511,922.81,2312.19,2886.49,284.63,155.96,-130.46,-2017.5,-17415.19,846.07,10765,-4441.51,115.15,-1390,-4326.36,-5716.36,,,
2521,1013.71,2253.74,2871.99,289.18,156.85,-114.24,-2061.55,-17270.89,839.14,10715.97,-4526.48,112.88,-1306.09,-4413.6,-5719.69,,,
2531,948.84,2346.91,2850.07,284.47,150.2,-119.33,-2050,-17295.42,842.18,10677.88,-4501.49,115.54,-1364.21,-4385.96,-5750.17,,,
2541,974.71,2326.11,2867.11,285.11,165.52,-151.76,-2047.55,-17289.15,832.97,10750.01,-4523.63,115.26,-1286.93,-4408.37,-5695.3,,,
2551,959,2268.42,2875.67,282.12,172.48,-128.85,-2068.47,-17239.93,844.11,10738.6,-4576.03,112.99,-1296.86,-4463.05,-5759.91,,,
2561,966.06,2257.63,2887.77,284.41,140.16,-130.01,-2060.65,-17278.73,842.02,10807.77,-4548.29,112.62,-1283.57,-4435.67,-5719.25,,,
2571,959.68,2235.59,2882.69,285.85,142.39,-118.5,-2036.64,-17276.73,833.5,10771.23,-4561.5,116.71,-1320.95,-4444.78,-5765.73,,,
2581,948.95,2269.94,2881.36,283.8,151.31,-129.96,-2084.52,-17220.59,834.56,10756.09,-4587.78,113.85,-1309.05,-4473.93,-5782.98,,,
2591,944.47,2268.09,2878.06,277.54,147.81,-120.16,-2039.28,-17394.06,838.36,10789.57,-4510.74,114.47,-1409.6,-4396.27,-5805.87,,,
2601,1001.96,2253.73,2880.91,293.16,159.2,-113.09,-2034.05,-17230.5,830.15,10798.27,-4636.4,116.3,-1160.26,-4520.11,-5680.36,,,
2611,992.56,2354.37,2856.09,299.64,140.29,-127.8,-2040.63,-17332.74,842.21,10822.73,-4578.69,114.93,-1193.27,-4463.76,-5657.03,,,
2621,981.86,2288.2,2903.56,275.83,159.43,-133.76,-2064.65,-17121.42,818.55,10800.35,-4715.5,116.15,-1092.04,-4599.36,-5691.4,,,
2631,963.06,2303.83,2894.28,271.45,147.29,-107.62,-2060.03,-17358.16,824.9,10840.13,-4547.07,114.06,-1280.87,-4433,-5713.87,,,
2641,981.05,2328.88,2869,289.72,157.25,-129.24,-2083.75,-17057.25,817.48,10758.86,-4720.89,116.65,-1067.99,-4604.24,-5672.23,,,
2651,969.5,2268.18,2865.9,285.07,165.12,-126.22,-2026.49,-17283.63,836.02,10808.07,-4617.47,116.67,-1238.47,-4500.8,-5739.27,,,
2661,1004.11,2256.67,2891.79,281.05,156.9,-118.95,-2057.63,-17093.05,833.42,10752.93,-4733.52,114.72,-1092.76,-4618.79,-5711.55,,,
2671,1017.08,2230.95,2895.81,287.76,147.09,-132.82,-2059.63,-17155.49,831.72,10791.21,-4696.23,115.92,-1146.3,-4580.31,-5726.62,,,
2681,938.22,2245.14,2892.14,287.11,151.13,-122.66,-2040.49,-17223.05,828.46,10820.95,-4647.41,115.58,-1223.06,-4531.83,-5754.89,,,
2691,958.07,2353.04,2929.56,290.12,148.82,-163.23,-2061.02,-17158.15,855.34,10800.08,-4738.77,114.02,-1047.36,-4624.75,-5672.11,,,
2701,992.76,2249.7,2883.38,275.61,140.5,-136.5,-2003.16,-17308.98,849.61,10707.75,-4542.26,116.5,-1349.33,-4425.76,-5775.09,,,
2711,963.65,2332.2,2902.58,291.18,155.56,-132.81,-2059.67,-17315.92,826.27,10709.75,-4518.57,115.67,-1327.21,-4402.91,-5730.12,,,
2721,959.7,2190.84,2895.48,283.42,146.71,-127.51,-2062.88,-17249.25,841.06,10726.98,-4553.68,114.97,-1395.44,-4438.71,-5834.14,,,
2731,971.71,2298.93,2883.22,287.91,167.02,-141.76,-2055.75,-17334.89,803.83,10742.8,-4518.67,115.46,-1376.99,-4403.21,-5780.21,,,
2741,968.8,2313.62,2878.96,286.7,162.72,-125.65,-2029,-17325.89,819.52,10679.45,-4490.74,114.93,-1370.78,-4375.81,-5746.59,,,
2751,936.6,2334.74,2888.13,277.88,156.87,-164.36,-2037.87,-17358.65,828.32,10722.46,-4509.65,115.15,-1415.88,-4394.5,-5810.38,,,
2761,932.62,2285.07,2872.14,288.8,155.65,-143.45,-2046.28,-17351.38,847.38,10706.33,-4438.1,114.02,-1453.13,-4324.07,-5777.2,,,
2771,989.49,2186.77,2893.68,283.75,144.34,-139.12,-2003.91,-17226.73,821.31,10670.5,-4558.44,117.96,-1379.92,-4440.47,-5820.39,,,
2781,965.58,2234.81,2880.57,289.22,161.2,-128.11,-2025.15,-17298.9,821.25,10690.79,-4512.42,112.68,-1408.72,-4399.74,-5808.47,,,
2791,971.44,2262.94,2895.76,282.94,152.72,-136.33,-2036.36,-17145.52,861.01,10697.32,-4651.5,116.75,-1194.08,-4534.75,-5728.82,,,
2801,1015.07,2306.39,2908.66,280.6,163.26,-144.51,-2042.31,-17214.16,817.64,10675.42,-4601.03,117.03,-1233.94,-4484.01,-5717.94,,,
2811,951.02,2247.26,2898.22,285.92,157.46,-149.86,-2020.13,-17362.34,828.33,10748.31,-4483.64,116.98,-1415.81,-4366.65,-5782.46,,,
2821,1006.23,2239.52,2880.57,298.2,149.29,-140.19,-2021.82,-17300.99,858.4,10728.43,-4525.05,115.14,-1302.36,-4409.92,-5712.28,,,
2831,966.49,2258.03,2880.73,290.74,136.69,-139.77,-2022.79,-17180.94,831.23,10791.13,-4686.78,118.22,-1188.47,-4568.56,-5757.03,,,
2841,993.05,2237.79,2933.22,285.11,150.5,-129.64,-2031.48,-17248.34,831.71,10767.15,-4577.92,117.02,-1210.93,-4460.9,-5671.83,,,
2851,976.31,2245.53,2921.2,289.12,133.33,-146.59,-2020.24,-17191.23,834.67,10727.98,-4593.55,116.93,-1229.93,-4476.62,-5706.55,,,
2861,966,2216.71,2910.43,280.89,139.44,-145.28,-2068.89,-16992.23,824.73,10677.55,-4754.31,115.57,-1190.63,-4638.74,-5829.37,,,
2871,1011.41,2318.39,2901.56,302.8,146.11,-154.32,-2070.92,-17059.78,836.7,10687.42,-4691.52,117.12,-1080.62,-4574.41,-5655.03,,,
2881,954.53,2305.27,2896.24,297.33,150.53,-130.33,-2045.66,-17262.31,834.06,10732.11,-4576.9,119.23,-1268.23,-4457.67,-5725.91,,,
2891,918.18,2261.89,2874.84,294.45,146.29,-156.04,-2038.16,-17311.05,859.26,10859.84,-4553.48,115.11,-1290.5,-4438.37,-5728.87,,,
2901,964.24,2263.64,2888.52,287.64,153.54,-121.19,-2023.54,-17263.05,842.87,10767.64,-4582.36,118.03,-1239.7,-4464.33,-5704.03,,,
2911,955.55,2253.11,2876.29,282.97,155.81,-139.35,-2055.31,-17193.7,828.57,10748.28,-4610.08,117.97,-1287.78,-4492.11,-5779.89,,,
2921,991.55,2269.54,2858.75,276.74,164.25,-132.28,-2063.25,-17182.88,843.83,10732.67,-4625.45,116.64,-1241.08,-4508.81,-5749.88,,,
2931,961.7,2281.29,2879.35,274.13,159.23,-136.27,-2025.96,-17349.64,853.46,10679.04,-4504.45,117.57,-1423.67,-4386.88,-5810.55,,,
2941,943.76,2263.65,2893,272.82,131.18,-138.13,-2077.03,-17595.72,860.81,10775.18,-4288.6,111.66,-1670.48,-4176.94,-5847.42,,,
2951,1002.75,2268.85,2909.43,288.52,161.62,-158.88,-2047.85,-17202.49,834.62,10750.66,-4620.54,117.68,-1192.78,-4502.87,-5695.64,,,
2961,1000.76,2216.23,2930.59,276.4,146.74,-172.97,-2028.67,-17283.87,839.1,10729.52,-4559.36,118.62,-1346.18,-4440.73,-5786.92,,,
2971,1003.82,2267.97,2886.43,281.72,150.02,-133.94,-2059.96,-17319.95,839.37,10724.1,-4490.74,113.69,-1360.43,-4377.04,-5737.47,,,
2981,945.4,2237.34,2917.8,291.47,165.92,-158.9,-2054.98,-17246.32,827.66,10612.38,-4523.48,116.56,-1462.24,-4406.93,-5869.17,,,
2991,977.63,2263.56,2907.21,289.42,146.88,-116.66,-2047.56,-17348.09,817.51,10678.07,-4441.18,114.02,-1432.03,-4327.15,-5759.19,,,
3001,1002.29,2254.99,2918.44,281.37,157.89,-133.52,-2064.75,-17301.65,837.73,10742.12,-4493.97,114.16,-1305.08,-4379.82,-5684.9,,,
3011,1017.23,2240.94,2915.72,292.66,148.2,-125.92,-2041.48,-17211.29,850.82,10612.91,-4551.09,115.56,-1300.22,-4435.53,-5735.75,,,
3021,1005.4,2252.84,2927.57,279.91,148.3,-146.34,-2046.79,-17052.04,824.46,10614.49,-4676.73,114.24,-1192.2,-4562.49,-5754.7,,,
3031,987.27,2277.05,2932,280.31,161.54,-147.48,-2030.98,-17289.78,827.35,10778.07,-4613,115.87,-1224.65,-4497.13,-5721.78,,,
3041,941.38,2264.82,2924.08,279.67,162.93,-131.47,-2049.85,-17160.37,861.78,10663.24,-4634.99,116.62,-1243.8,-4518.37,-5762.17,,,
3051,987.32,2237.57,2886.06,277.65,154.5,-138.34,-2040.16,-17125.79,874.88,10637.51,-4626.93,113.66,-1248.81,-4513.28,-5762.09,,,
3061,1003.04,2303.18,2905.7,281.88,148.2,-146.27,-2025.6,-17113.06,813.15,10655.38,-4637.55,117.11,-1174.4,-4520.44,-5694.84,,,
3071,959.7,2281.7,2891.09,286.85,164.29,-139.21,-2014.96,-17363.52,841.79,10673.49,-4437.16,117.53,-1418.79,-4319.62,-5738.42,,,
3081,948.09,2352.85,2879.15,286.05,139.21,-129.97,-2013.91,-17337.17,838.46,10709.57,-4482.21,117.49,-1327.67,-4364.72,-5692.39,,,
3091,968.61,2246.7,2890.46,294.46,148.28,-139.83,-2049.17,-17299.62,848.68,10703.93,-4484.61,115.02,-1387.49,-4369.59,-5757.08,,,
3101,980.79,2296.53,2893.07,281.34,157.16,-143.78,-2054.28,-17393.18,835.42,10654.79,-4381.26,113.19,-1492.14,-4268.06,-5760.2,,,
3111,951.55,2318.87,2888.64,289.82,169.6,-161.59,-1993.19,-17383.14,840.75,10728.51,-4491.21,114.52,-1350.17,-4376.69,-5726.86,,,
3121,940.49,2268.48,2928.83,283.31,152.46,-146.87,-2063.23,-17225.66,835.4,10666.01,-4532.7,115.86,-1360.79,-4416.84,-5777.63,,,
3131,968.62,2261.4,2909.51,286.7,158.6,-148.21,-2064.73,-17401.83,845.51,10786.44,-4468.38,115.44,-1398.01,-4352.95,-5750.96,,,
3141,964.88,2254.59,2870.4,279.89,160.27,-154.21,-2015.08,-17323.07,841.58,10741.84,-4572.89,117.82,-1378.92,-4455.07,-5833.99,,,
3151,1021.76,2265.91,2866.17,288.23,178.97,-118.65,-2003.45,-17344.19,833.85,10706.73,-4506.92,117.82,-1304.68,-4389.09,-5693.77,,,
3161,965.7,2286.66,2889.66,285.85,153.84,-147.62,-2062.1,-17259.25,839.53,10702.06,-4554.09,115.72,-1345.66,-4438.37,-5784.03,,,
3171,1015.92,2258.67,2917.8,284.71,151.4,-141.4,-2060.54,-17335.7,831.01,10751.14,-4552.51,114.45,-1326.99,-4438.05,-5765.04,,,
3181,964.67,2266.38,2878.39,280.74,142.11,-147.93,-2041.47,-17301.11,837.64,10810.56,-4624.59,117.15,-1310.02,-4507.44,-5817.45,,,
3191,1004.24,2243.86,2886.77,285.67,151.32,-113.13,-2033.34,-17258.23,833.02,10808.41,-4668.23,116.02,-1191.42,-4552.21,-5743.63,,,
3201,935,2307.45,2895.78,291.94,162.84,-143.54,-2015.85,-17514.34,834.39,10698.76,-4371.66,113.26,-1547.56,-4258.41,-5805.97,,,
3211,1018.74,2298.42,2863.2,294.45,136.2,-126.12,-2033.57,-17432.1,836.28,10773.21,-4451.11,116.76,-1371.29,-4334.35,-5705.64,,,
3221,981.1,2265,2891.55,279.36,148.76,-140.91,-2042.86,-17309.37,814.7,10707.17,-4568.4,116.97,-1405.5,-4451.43,-5856.93,,,
3231,969.2,2293.05,2886.04,293.23,168.29,-144.53,-2012.7,-17501.46,850.2,10763.89,-4416.3,114.22,-1434.78,-4302.07,-5736.86,,,
3241,975.48,2361.81,2890.33,294.31,145.38,-155.65,-2037.78,-17329.11,846.79,10750.93,-4515.16,116.74,-1257.52,-4398.42,-5655.95,,,
3251,975.32,2198.35,2846.08,285.5,157.4,-127.43,-2048.97,-17344.37,834.57,10797.3,-4550.98,116.61,-1426.25,-4434.37,-5860.62,,,
3261,1000.83,2277.83,2863.87,284.07,145.18,-144.22,-2070.63,-17298.07,825.92,10709.04,-4514.1,116.93,-1406.18,-4397.18,-5803.36,,,
3271,997.61,2280.64,2898.84,293.51,152.19,-143.5,-2040.96,-17343.39,837.11,10643.82,-4488.8,118.04,-1424.13,-4370.76,-5794.9,,,
3281,966.1,2275.05,2847.46,282.22,161.54,-145.56,-1999.53,-17443.92,822.85,10824.29,-4491.34,118.7,-1409.5,-4372.64,-5782.14,,,
3291,1000.08,2276.85,2877.38,287.08,162.5,-149.76,-2105.38,-17392.93,816,10774.93,-4477.23,114.65,-1453.26,-4362.57,-5815.83,,,
3301,950.79,2305.31,2895.43,285.31,151.24,-132.61,-2034.51,-17453.8,843.84,10737.18,-4437.94,116.16,-1451.84,-4321.78,-5773.62,,,
3311,988.69,2315.52,2902.71,286.28,124.78,-141.01,-2046.36,-17474.73,803.2,10787.7,-4447.99,115.36,-1453.21,-4332.64,-5785.85,,,
3321,996,2179.03,2907.13,284.44,145.23,-152.77,-2028.01,-17357.89,879.08,10792.27,-4530.52,115.63,-1355.48,-4414.89,-5770.37,,,
3331,1027.21,2279.6,2898.06,279.9,147.54,-142.12,-2012.62,-17310.6,812.6,10730.89,-4593.57,118.57,-1289.54,-4474.99,-5764.53,,,
3341,987.71,2265.48,2868.92,280.35,154.33,-136.97,-1994.67,-17244.47,821.67,10783.33,-4668.64,120.33,-1214.32,-4548.32,-5762.64,,,
3351,1019.38,2274.67,2873.72,274.73,155.28,-156.28,-2056.74,-17196.3,813.21,10688.99,-4620.99,118.59,-1309.33,-4502.4,-5811.73,,,
3361,966.14,2314.41,2896.68,280.09,151.78,-151.33,-2021.16,-17316.83,811.05,10771.71,-4585.3,117.73,-1297.47,-4467.57,-5765.03,,,
3371,980.57,2248.94,2893.92,281.08,163,-147.83,-2028.72,-17497.73,836.08,10851.17,-4475.48,118.65,-1419.53,-4356.83,-5776.36,,,
3381,1002.47,2302.23,2887.49,276.33,148,-142.31,-1983.92,-17484.62,840.11,10770.39,-4458.2,117.53,-1383.83,-4340.67,-5724.5,,,
3391,961.31,2315.14,2900.01,285.59,154.96,-131.96,-2058.24,-17151.26,849.52,10771.29,-4709.45,116.32,-1103.65,-4593.13,-5696.78,,,
3401,966.25,2233.07,2909.16,285.62,152.33,-132.66,-2014.94,-17314.36,833.26,10799.26,-4649.91,117.74,-1283.01,-4532.17,-5815.18,,,
3411,962.36,2310.69,2888.57,292.34,151.47,-154.43,-2042.44,-17162.52,850.29,10817.15,-4739.93,114.26,-1086.52,-4625.67,-5712.2,,,
3421,1013.71,2296.37,2881.18,280.16,148.95,-139.21,-2051.45,-17282.9,833.28,10833.94,-4617.94,114.89,-1185.97,-4503.05,-5689.02,,,
3431,960.68,2276.37,2906.68,284.25,156.95,-156.41,-2078.36,-17239.75,819.35,10840.26,-4664.18,116.07,-1229.97,-4548.11,-5778.08,,,
3441,977.72,2274.2,2883.58,292.05,145.69,-161.11,-2022.71,-17301.25,846.02,10867.02,-4645.45,116.94,-1198.78,-4528.52,-5727.3,,,
3451,943,2277.91,2889.5,288.47,149.77,-123.98,-2039.33,-17263.73,837.9,10740.99,-4620.16,116.81,-1299.48,-4503.35,-5802.84,,,
3461,993.69,2267.27,2868.7,285.11,148.71,-141.83,-2059.79,-17127.79,837.62,10749.3,-4709.51,116.17,-1179.01,-4593.34,-5772.35,,,
3471,977.1,2296.39,2914.98,279.29,144.27,-141.9,-2028.84,-17269.44,841.25,10798.32,-4639.83,118.08,-1188.59,-4521.75,-5710.34,,,
3481,1009.08,2229.36,2880.17,288.4,159.52,-151.05,-2043.8,-17275.11,840.39,10828.68,-4616.56,118.91,-1234.37,-4497.65,-5732.02,,,
3491,1002.02,2260.49,2898.28,291.51,151.97,-152.5,-2006.02,-17280.66,835.95,10717.23,-4538.46,119.24,-1281.72,-4419.22,-5700.94,,,
3501,941.68,2233.63,2886.63,281.28,144.69,-124.76,-2060.74,-17186.14,838.52,10724.47,-4647.62,117.06,-1320.73,-4530.56,-5851.28,,,
3511,992.96,2234.5,2895.91,272.18,147.2,-157.7,-1992.91,-17395.87,837.24,10773.53,-4530.55,119.16,-1392.95,-4411.39,-5804.34,,,
3521,929.61,2320.87,2893.88,285.27,146.81,-163.94,-2032.81,-17398.64,852.73,10760.93,-4507.06,117.84,-1405.28,-4389.22,-5794.5,,,
3531,1018.71,2277.85,2906.53,281.39,145.17,-159,-2019.13,-17389.01,844.24,10760.12,-4521.48,117.15,-1333.13,-4404.33,-5737.46,,,
3541,999.84,2291.91,2886.02,288.36,150.71,-157.08,-2002.95,-17264.83,834.48,10646.92,-4538.51,116.38,-1326.61,-4422.13,-5748.74,,,
3551,976.34,2204.69,2893.21,283.33,161.32,-145.18,-2005.3,-17444.03,867.93,10796.12,-4493.06,115.82,-1411.58,-4377.25,-5788.83,,,
3561,931.32,2252.23,2905.08,282.43,150.03,-141.73,-2025.5,-17283.47,845.8,10697.91,-4590.89,117.65,-1385.88,-4473.24,-5859.13,,,
3571,984.87,2270.05,2855.37,272.16,139.55,-146.62,-2030.59,-17321.56,810.41,10759.68,-4544.85,115.91,-1406.66,-4428.94,-5835.6,,,
3581,935.22,2253.87,2871.27,281.57,153.13,-139.81,-2012.61,-17352.74,841.15,10808.33,-4614.45,119.04,-1360.62,-4495.41,-5856.03,,,
3591,951.16,2322.19,2897.37,282.52,161.1,-145.16,-2058.87,-17148.16,868.92,10772.33,-4705.68,116.95,-1096.6,-4588.73,-5685.33,,,
3601,952.45,2299.64,2837.29,284.73,152.05,-146.09,-2011.34,-17219.87,839.98,10740.64,-4649.46,117.33,-1270.52,-4532.13,-5802.65,,,
3611,966.09,2251.74,2856.77,279.76,155.09,-149.46,-2015.87,-17257.08,846.54,10746.7,-4630.63,120.11,-1319.72,-4510.52,-5830.24,,,
3621,999.83,2275.72,2871,268.2,159.08,-152.2,-2056.71,-17234.13,835.92,10780.21,-4660.53,118.74,-1253.08,-4541.79,-5794.87,,,
3631,926.26,2283.27,2910.79,292.73,163.21,-150.76,-1994.46,-17343.7,838.8,10794.78,-4588.34,122.26,-1279.08,-4466.08,-5745.16,,,
3641,973.69,2287.66,2938.7,297.9,151.74,-144.04,-2073.1,-17307.14,823.76,10748.93,-4549.88,116.33,-1301.89,-4433.55,-5735.45,,,
3651,1028.41,2201.09,2916.9,285.79,161.79,-148.2,-2006.62,-17378.41,841.19,10855.89,-4572.98,121.52,-1242.16,-4451.45,-5693.61,,,
3661,942.5,2299.95,2868.39,295.41,151.11,-135.17,-2043.55,-17284.34,844.52,10720.63,-4565.18,118.67,-1340.54,-4446.5,-5787.04,,,
3671,959.65,2267.42,2859.11,275.15,148.68,-137.93,-2009.09,-17427.5,863.19,10810.09,-4516.19,119.03,-1391.25,-4397.16,-5788.41,,,
3681,977.95,2268.86,2882.11,279.58,152.22,-159.36,-2022.93,-17330.66,856.43,10781.8,-4581.94,117.47,-1313.99,-4464.46,-5778.45,,,
3691,1006.69,2276.66,2907.39,297.74,150,-147.3,-2017.75,-17306.37,817.67,10797.37,-4629.26,117.9,-1217.89,-4511.36,-5729.25,,,
3701,1019.26,2250.46,2881.47,285.01,154.65,-134.27,-2064.65,-17100.79,842.06,10765.44,-4758.37,118.56,-1101.35,-4639.81,-5741.16,,,
3711,967.02,2239.86,2901.12,296.72,161.74,-134.82,-2034.43,-17295.89,846.73,10854.97,-4624.82,117.01,-1196.99,-4507.81,-5704.8,,,
3721,965.79,2256.73,2879.41,278.58,156.71,-107,-2039.75,-17219.9,840.08,10812.2,-4699.34,120.17,-1177.15,-4579.17,-5756.32,,,
3731,999.32,2275.18,2852.17,288.78,151.6,-128.91,-2007.67,-17255.24,822.42,10807.11,-4626.02,119.9,-1195.24,-4506.12,-5701.36,,,
3741,948.17,2275.68,2912.87,280.9,153.64,-126.15,-2002.51,-17214.09,826.54,10749.12,-4673.02,120.25,-1195.84,-4552.78,-5748.61,,,
3751,1022.89,2318.55,2882.61,282.35,141.42,-163.05,-2027.1,-17338.7,795.7,10820.32,-4574.06,118.86,-1264.99,-4455.2,-5720.19,,,
3761,994.27,2252.68,2878.29,276.66,151.71,-134.05,-2017.74,-17384.49,823.97,10775.69,-4510.76,117.76,-1383.01,-4392.99,-5776,,,
3771,984.06,2254.89,2871.16,280.89,158.04,-125.53,-2031.76,-17292.2,825.81,10777.7,-4595.23,119.26,-1296.95,-4475.97,-5772.92,,,
3781,984.24,2300.4,2869.25,285.42,145.68,-135.38,-2018,-17392.83,839.81,10746.51,-4503.13,118.4,-1374.9,-4384.73,-5759.62,,,
3791,1022.09,2325.11,2891.53,298.8,152.5,-146.89,-1991.55,-17360.65,829.58,10734.52,-4546.18,119.26,-1244.96,-4426.92,-5671.88,,,
3801,978.31,2217.34,2908.23,282.03,161.18,-129.35,-1996.98,-17386.93,848.8,10851.88,-4581.66,117.78,-1265.48,-4463.88,-5729.36,,,
3811,983.1,2406.01,2860.27,296.87,157.02,-143.65,-2019.09,-17224.82,815.12,10745.04,-4633.57,118.32,-1124.13,-4515.25,-5639.38,,,
3821,982.1,2315.24,2875.67,276.31,158.12,-136.96,-2045.26,-17364.61,813.04,10788.31,-4523.46,118.04,-1338.05,-4405.41,-5743.47,,,
3831,956.88,2255.81,2905.21,288.41,153.34,-148.83,-2023.74,-17312.91,859.32,10796.19,-4594.42,116.48,-1270.32,-4477.94,-5748.26,,,
3841,959.72,2280.99,2863.33,298.33,135.62,-125.21,-2002.2,-17280.31,833.18,10786.78,-4635.2,120.81,-1249.77,-4514.39,-5764.15,,,
3851,949.05,2259.95,2884.63,288.13,154,-124.81,-2047.28,-17074.85,850.47,10884.66,-4851.48,118.35,-976.05,-4733.14,-5709.19,,,
3861,965.58,2291.58,2882.11,285.98,141.16,-146.47,-2057.16,-17144.9,849.85,10866.33,-4771.97,116.8,-1065.94,-4655.17,-5721.12,,,
3871,929.84,2353.78,2856.18,287.16,153.23,-154.24,-2045,-17195.25,835.9,10785.18,-4665.91,118.83,-1193.22,-4547.08,-5740.3,,,
3881,967.8,2319.18,2849.76,284.89,143.35,-124.9,-2048.52,-17192.04,825.88,10767.47,-4676.3,115.2,-1207.12,-4561.1,-5768.22,,,
3891,967.23,2258.58,2896.12,278.81,140.85,-141.04,-2019.63,-17361.46,861.34,10890.13,-4625.4,115.86,-1229.09,-4509.54,-5738.63,,,
3901,1014.66,2301.42,2872.69,293.75,152.53,-125.58,-2004.3,-17407.92,826.85,10815.66,-4569.66,117.04,-1260.23,-4452.62,-5712.85,,,
3911,965.73,2227.14,2882.77,280.68,143.95,-126.61,-2030.92,-17215.94,829.07,10773.99,-4697.25,118.67,-1270.13,-4578.57,-5848.7,,,
3921,1001.49,2185.34,2908.89,279.28,144.21,-152.19,-2028.74,-17410.74,846.52,10927.98,-4602.13,119.31,-1297.97,-4482.82,-5780.79,,,
3931,939.19,2298.74,2941.22,292.8,154.64,-138.52,-2015.51,-17273.86,844.04,10723.62,-4622.48,119.62,-1233.64,-4502.86,-5736.5,,,
3941,974.21,2274.75,2846.73,288.88,155.51,-134.65,-2009.49,-17313.96,893.21,10841.57,-4674.18,119.34,-1183.25,-4554.84,-5738.09,,,
3951,997.5,2216.93,2897,299.4,154.98,-133.05,-2046.21,-17305.23,817.36,10772.26,-4617.57,118.04,-1329.07,-4499.53,-5828.6,,,
3961,948.6,2308.2,2872.78,276.72,145.6,-116.24,-1998.74,-17326.3,842.69,10758.71,-4617.14,117.57,-1287.96,-4499.57,-5787.53,,,
3971,979.97,2260.22,2900.17,289.47,151.06,-140.98,-2006.2,-17381.64,823.51,10740.74,-4509.74,115.16,-1383.69,-4394.58,-5778.28,,,
3981,1003.42,2233.54,2898.45,273.07,138.85,-151.53,-2028.3,-17250.69,847.23,10746.91,-4606.35,118.14,-1289.06,-4488.21,-5777.27,,,
3991,955.1,2304.98,2892.91,273.66,145.13,-127.56,-2041.28,-17126.24,832.06,10708.57,-4680.22,117.74,-1182.65,-4562.48,-5745.13,,,
4001,996.85,2233.82,2884.24,273.46,153.45,-118.03,-2022.12,-17103.41,846.35,10582.93,-4651.76,117.48,-1272.48,-4534.28,-5806.76,,,
4011,944.09,2232.01,2885.2,279.52,150.45,-136.19,-2018.92,-17285.35,832.12,10731.22,-4542.41,120.03,-1385.86,-4422.38,-5808.24,,,
4021,1018.21,2293.39,2878.98,293.47,144.18,-125.81,-2025.76,-17228.17,806.64,10672.55,-4582.98,116.55,-1272.32,-4466.43,-5738.75,,,
4031,911.13,2285.4,2895.74,286.08,137.7,-147.9,-2001.44,-17363.6,842.65,10671.47,-4487.8,119.98,-1482.75,-4367.82,-5850.57,,,
4041,965.46,2269.83,2916.41,291.01,156.85,-134.66,-2028.69,-17284.91,849.4,10755.06,-4575.74,118.29,-1244.25,-4457.44,-5701.69,,,
4051,925.3,2246.28,2877.78,283.12,145.17,-131.95,-2030.7,-17089.71,875.45,10750.77,-4785.27,118.32,-1148.5,-4666.95,-5815.45,,,
4061,1038.08,2253.11,2906.42,299.43,133.18,-144.33,-1986.11,-17128.44,843.45,10638.71,-4663.35,119.95,-1146.49,-4543.4,-5689.9,,,
4071,946.95,2248.06,2895.71,282.37,143.22,-137.91,-2024.46,-17125.99,841.94,10721.18,-4698.04,117.99,-1208.94,-4580.05,-5788.99,,,
4081,924.07,2249,2855.28,278.72,131.26,-126.09,-2068.72,-17057.28,829.36,10701.35,-4729.24,117.98,-1283.06,-4611.26,-5894.32,,,
4091,929.97,2311.32,2892.7,270.78,161.64,-139.59,-2065.65,-17173.21,853.66,10663.41,-4623.67,118.06,-1294.96,-4505.61,-5800.58,,,
4101,979.35,2221.63,2915.33,283.42,156.1,-140.61,-2050.29,-17076.51,845.64,10659.92,-4738.88,119.32,-1206.02,-4619.56,-5825.58,,,
4111,1014.89,2329.74,2864.32,286.75,155.58,-128.56,-2053.61,-17213.64,830.47,10738.66,-4639.81,116.49,-1175.39,-4523.32,-5698.7,,,
4121,995.56,2315.4,2887.42,294.61,149.64,-136.13,-2037.69,-17124.77,839.39,10731.79,-4737.42,118.93,-1084.78,-4618.5,-5703.28,,,
4131,948.55,2241.68,2886.31,286.2,154.64,-139.69,-2005.13,-17246.53,838.38,10724.79,-4649.41,117.9,-1310.8,-4531.51,-5842.31,,,
4141,1036.18,2202.69,2844.88,280.43,169.53,-144.42,-2020.91,-17137.14,837.38,10767.7,-4733.15,117.66,-1163.68,-4615.49,-5779.17,,,
4151,1006.17,2286.96,2876.53,298.4,144.17,-123.88,-2052.06,-17110.28,839.93,10735.98,-4711.5,115.27,-1098.09,-4596.23,-5694.32,,,
4161,988.58,2247,2894.54,283.41,150.55,-127.98,-2042.34,-17198.73,837.21,10756.82,-4682.09,117.45,-1210.95,-4564.64,-5775.59,,,
4171,978.36,2301.46,2869.88,299.94,147.84,-132.58,-2018.11,-17101.45,840.84,10771.92,-4781.2,117.26,-1041.91,-4663.94,-5705.85,,,
4181,1021.32,2319.91,2933.53,297.02,139.37,-133.65,-2020.33,-17217.87,825.43,10676.12,-4632.09,118.27,-1159.16,-4513.82,-5672.98,,,
4191,965.19,2244.63,2878.81,295.15,152.17,-137.21,-2036.23,-17179.96,825.67,10720.47,-4631.06,116.86,-1271.32,-4514.2,-5785.52,,,
4201,990.63,2228.87,2885.98,282.04,140.25,-149.55,-2023.79,-17344.46,848.38,10848.28,-4589.79,118.41,-1293.37,-4471.39,-5764.76,,,
4211,944.53,2236.36,2890.07,277.58,155.82,-160.29,-2031.26,-17285.54,816.65,10758.73,-4590.36,117.25,-1397.35,-4473.11,-5870.46,,,
4221,963.97,2233.69,2926.34,294.35,140.62,-143.01,-2039.77,-17454.74,837.18,10833,-4467.58,117.07,-1408.37,-4350.51,-5758.88,,,
4231,959.95,2253.86,2882.19,287.12,147.38,-142.43,-2028.11,-17302.11,867.84,10727.92,-4584.35,115.22,-1346.39,-4469.14,-5815.52,,,
4241,951.06,2285.16,2912.98,284.7,146.21,-116.01,-2030.45,-17046.22,834.53,10793.28,-4839.13,118.61,-984.75,-4720.53,-5705.28,,,
4251,967.25,2227.86,2898.51,290.4,156.56,-130.29,-2033.02,-17142.92,839.48,10855.52,-4788.13,119.8,-1070.64,-4668.32,-5738.96,,,
4261,926.57,2292.94,2892.25,282.18,153.22,-131.34,-2018.18,-17208.76,841.71,10733.02,-4639.96,118.53,-1236.4,-4521.43,-5757.83,,,
4271,919.74,2265.31,2922.13,277.24,165.59,-150.72,-2046.16,-17250.04,846.84,10795.61,-4691.35,117.97,-1254.47,-4573.38,-5827.85,,,
4281,969.32,2241.9,2876.88,288.63,147.08,-149.77,-2014.49,-17007.34,828.45,10707.9,-4795.19,118.85,-1111.43,-4676.35,-5787.77,,,
4291,993.24,2216.75,2913.31,267.57,147.44,-142.43,-2015.5,-16909.69,832.46,10700.47,-4929.51,116.42,-996.38,-4813.08,-5809.46,,,
4301,1010.92,2290.38,2896.31,296.99,142.89,-149.87,-2045.85,-17261.55,827.76,10729.37,-4600.94,117.38,-1262.66,-4483.55,-5746.22,,,
4311,973.06,2252.47,2919.53,295.32,136.96,-144.54,-2063.69,-17213.35,844.33,10700.67,-4621.63,114.28,-1299.24,-4507.35,-5806.59,,,
4321,963.82,2285.89,2896.34,285.3,153.58,-123.17,-2026.48,-17231.66,838.24,10737.46,-4638.05,115.7,-1220.69,-4522.35,-5743.03,,,
4331,1011.98,2294.99,2890.41,284.89,139.76,-134.95,-2043.47,-17208.89,818.39,10802.22,-4675.03,115.02,-1144.65,-4560.02,-5704.66,,,
4341,988.62,2185.83,2889.91,277.34,147.48,-131.04,-2055.98,-17134.28,838.35,10750.2,-4708.29,112.27,-1243.56,-4596.02,-5839.58,,,
4351,984.58,2244.25,2904.63,280.03,159.48,-120.72,-2043.56,-17159.68,830.5,10770.2,-4742.65,115.08,-1150.29,-4627.58,-5777.86,,,
4361,993.83,2320.06,2882.63,289.57,162.65,-143.27,-2031.65,-16820.06,849.28,10752.19,-5021.61,117.62,-744.77,-4903.99,-5648.76,,,
4371,961.02,2264.16,2868.87,281.99,142.37,-142.32,-2046.28,-17271.85,847.19,10816.34,-4633.99,115.43,-1278.51,-4518.56,-5797.07,,,
4381,998.36,2295.64,2898.03,290.53,152.34,-148.3,-2026.35,-17097.43,821.71,10715.95,-4710.45,115.75,-1099.53,-4594.71,-5694.24,,,
4391,957.78,2275.22,2901.49,293.96,154.01,-125.68,-2033.05,-17053.83,836.83,10723.11,-4752.98,116,-1070.16,-4636.98,-5707.14,,,
4401,959.7,2321.18,2883.67,304.14,155.56,-134.69,-2041.81,-17056.62,848.7,10755.66,-4793.46,118.83,-1004.51,-4674.62,-5679.13,,,
4411,959.67,2348.93,2899.75,299.3,145.99,-147.65,-2027.17,-17192.32,840.78,10744.37,-4673.44,117.75,-1128.36,-4555.69,-5684.04,,,
4421,980.45,2229.34,2892.62,281.11,156.9,-131.33,-2039.94,-17300.77,836.54,10819.51,-4616.53,117.14,-1275.56,-4499.39,-5774.95,,,
4431,1008.89,2297.18,2873.43,279.68,155.48,-130.03,-2038.26,-17247.76,849.02,10772.84,-4649.37,117,-1179.53,-4532.37,-5711.9,,,
4441,932.5,2274.14,2875.34,281.21,149.47,-131.37,-2085.16,-17151.79,844.22,10803.32,-4761.67,116.93,-1208.11,-4644.73,-5852.84,,,
4451,987.06,2288.04,2889.17,297.35,154.79,-149.18,-2027.27,-17092.67,853.11,10744.1,-4788.91,119.79,-1055.49,-4669.12,-5724.61,,,
4461,973.11,2262.24,2855.64,280.11,162.23,-127.71,-2042.48,-17061.61,865.29,10725.2,-4765.7,118.25,-1108,-4647.46,-5755.46,,,
4471,966.02,2266.12,2892.39,292.24,145.53,-128.51,-2027.96,-17090.94,865.97,10716.69,-4756.35,115.87,-1102.46,-4640.48,-5742.94,,,
4481,954.87,2274.24,2890.45,282.68,143.57,-132.59,-2042.06,-17100.34,857.82,10718.28,-4694.53,116.43,-1153.1,-4578.1,-5731.2,,,
4491,993.42,2285.99,2889.78,271.2,156.21,-140.16,-2024.69,-17198.37,822.19,10699.51,-4623.32,118.1,-1244.92,-4505.22,-5750.14,,,
4501,976.79,2239.78,2943.65,280.7,148.87,-141.55,-2008.15,-17450.06,844.55,10778.35,-4471.12,115.13,-1387.07,-4355.99,-5743.06,,,
4511,962.85,2309.95,2896.26,280.37,144.09,-151.09,-2028.72,-17226.15,841.95,10734.22,-4620.96,117.43,-1236.27,-4503.54,-5739.8,,,
4521,985.16,2257.94,2891.89,282.37,145.59,-138.42,-2069.31,-17252.22,818.06,10763.32,-4590.3,116.01,-1315.63,-4474.3,-5789.93,,,
4531,1025.47,2255.32,2935.03,281.73,173.77,-138.21,-2049.79,-17334.93,838.23,10800.99,-4518.61,115.11,-1212.38,-4403.5,-5615.88,,,
4541,964.5,2316.14,2852.85,292.5,141.69,-147.3,-2057.62,-17183.31,849.84,10751.65,-4673.01,115.65,-1219.06,-4557.36,-5776.42,,,
4551,939.66,2244.43,2896.27,275.01,155.11,-136.11,-2043.65,-17293.08,831.09,10837.26,-4612.18,116.28,-1294.02,-4495.89,-5789.91,,,
4561,1005.81,2201.66,2923.66,289.08,144.94,-142.53,-2069.03,-17277.38,855.54,10755.21,-4558.23,112.99,-1313.05,-4445.24,-5758.29,,,
4571,994.2,2302.32,2897.24,289.09,140.02,-142,-2036.35,-17239.06,826.14,10865.95,-4723.36,119.9,-1102.46,-4603.46,-5705.93,,,
4581,973.64,2272.81,2890.87,288.09,153.54,-135.61,-2064.8,-17272.48,833.72,10766.82,-4614.9,117.4,-1293.4,-4497.5,-5790.9,,,
4591,953.18,2249.93,2845.24,280.03,140.22,-133.89,-2038.91,-17030.68,834.79,10831.64,-4878.64,116.9,-1068.44,-4761.74,-5830.18,,,
4601,997.68,2280.83,2910.73,290.6,149.57,-152.12,-2003.96,-17034.15,852.15,10813.22,-4903.08,118.53,-895.45,-4784.54,-5679.99,,,
4611,944.91,2267.68,2874.69,287.53,157.09,-141.26,-2062.02,-17095.48,839.04,10780.99,-4765.46,118.65,-1146.83,-4646.81,-5793.65,,,
4621,938.61,2266.06,2872.82,297.48,158.95,-140.66,-2066.41,-17095.92,846.23,10837.38,-4790.16,117.91,-1085.46,-4672.25,-5757.71,,,
4631,989.75,2235.11,2901.22,271.08,153.26,-136.1,-2002.87,-16935.31,825.09,10744.83,-4899.84,119.06,-953.95,-4780.78,-5734.73,,,
4641,992.82,2312.84,2877.98,277.48,137.94,-141.6,-2075.96,-16961.57,840.42,10770.75,-4878.04,116.79,-968.9,-4761.25,-5730.15,,,
4651,947.17,2327.25,2858.26,277.39,151.67,-140.39,-2073.99,-17084.65,833.7,10718.52,-4722.29,116.72,-1185.06,-4605.57,-5790.64,,,
4661,914.38,2207.03,2870.89,281.27,153.48,-121.86,-2059.55,-17328.91,844.66,10866.94,-4628.08,114.74,-1371.69,-4513.34,-5885.03,,,
4671,988.72,2220.02,2894.88,287.29,146.91,-139.18,-1998.44,-17203.25,821.1,10752.83,-4666.74,114.84,-1229.13,-4551.9,-5781.03,,,
4681,1023.86,2262.35,2878.7,282.48,137.02,-143.48,-2060.12,-17032.66,833.81,10751.65,-4790.31,115.09,-1066.38,-4675.22,-5741.59,,,
4691,970.82,2210.4,2885.76,282.18,163.22,-132.51,-2038.25,-17064.56,840.94,10749.67,-4807.37,118.75,-1132.33,-4688.62,-5820.95,,,
4701,941.24,2162.75,2866.17,279.72,146.56,-133.26,-2054.33,-17202.97,864.43,10946.38,-4779.78,114.7,-1183.31,-4665.08,-5848.39,,,
4711,956.8,2299.27,2862.99,287.82,150.1,-132.51,-2036.98,-16895.44,824.08,10817.68,-4953.94,117.74,-866.18,-4836.2,-5702.37,,,
4721,972.66,2301.43,2904.62,292.69,147.8,-147.35,-2059.48,-16940.38,828.05,10806.03,-4918.36,120.25,-893.95,-4798.11,-5692.06,,,
4731,941.51,2332.11,2881.84,290.09,143.99,-134.13,-2071.72,-17050.29,832.97,10744.5,-4750.55,116.32,-1089.11,-4634.22,-5723.34,,,
4741,955.12,2272.58,2878.62,287.22,142.26,-123.63,-2026.4,-17009.5,851.62,10813.77,-4858.34,117.41,-958.35,-4740.93,-5699.29,,,
4751,1031.67,2245.83,2880.74,289.9,145,-140.95,-2039.63,-17063.91,848.84,10772.41,-4798.45,119.36,-1030.07,-4679.09,-5709.17,,,
4761,984.23,2242.48,2931.08,283.38,153.91,-128.92,-2031.12,-16938.22,832.08,10716.02,-4906.43,117.91,-955.08,-4788.51,-5743.59,,,
4771,954.28,2298.28,2903.67,295.63,143.8,-150.46,-2021.1,-17087.6,840.37,10772.37,-4789.38,119.8,-1050.76,-4669.57,-5720.33,,,
4781,942.85,2278.78,2858.77,291.66,145.29,-128.99,-2023.41,-17019.3,847.02,10849.53,-4909.2,120.5,-957.81,-4788.69,-5746.51,,,
4791,962.2,2179.14,2910.46,279.45,138.29,-134.49,-2047.01,-17076.86,832.19,10825.41,-4814.89,118.45,-1131.23,-4696.44,-5827.67,,,
4801,959.13,2227.92,2901.75,277.16,168.06,-152.07,-2073.54,-17047.94,834.91,10781.71,-4792.92,117.62,-1122.91,-4675.3,-5798.21,,,
4811,961.01,2308.14,2889.02,283.47,156.84,-149.46,-2038.43,-17226.69,836.92,10731.95,-4590.28,118.77,-1247.22,-4471.51,-5718.73,,,
4821,940.69,2253.74,2915.91,278.16,137.82,-133.01,-2037.26,-17236.75,843.54,10881.66,-4730.3,117.11,-1155.5,-4613.19,-5768.69,,,
4831,978.19,2314.83,2869.83,289.69,143.24,-141.44,-2052.32,-17058.95,822.97,10760.8,-4783.46,118.61,-1073.16,-4664.84,-5738.01,,,
4841,991,2353.15,2894.59,290.21,142.65,-154.34,-2037.37,-16874.27,804.43,10726.1,-4942.35,118.99,-863.85,-4823.35,-5687.21,,,
4851,983.63,2265.1,2911.47,277.67,150.96,-145.45,-2003.88,-16991.75,844.09,10844.68,-4918.97,120.48,-863.49,-4798.49,-5661.97,,,
4861,1013.53,2255.78,2881.55,281.18,145.48,-167.9,-2063.52,-17109.12,827.93,10834.78,-4771.86,117.78,-1100.31,-4654.08,-5754.39,,,
4871,956.75,2298.67,2917.14,280.41,148.96,-136.99,-2036.66,-16977.68,837.79,10762.38,-4859.53,118.35,-949.22,-4741.18,-5690.4,,,
4881,983.09,2265.67,2872.78,289.72,137.14,-139.03,-2025.47,-17103.73,828.27,10868.61,-4829.7,118.57,-1022.96,-4711.13,-5734.09,,,
4891,984.29,2325.97,2889.28,288.55,141.48,-132.19,-2037.85,-17032.38,846.64,10766.24,-4851.76,116.8,-959.96,-4734.95,-5694.91,,,
4901,961.73,2334.79,2887.08,288.04,147.47,-147.06,-1986.07,-16865.26,833.78,10761.47,-4989.54,121.83,-784.02,-4867.7,-5651.72,,,
4911,983.64,2259.53,2863.13,279.64,152.41,-151.81,-2026.09,-16896.23,830.19,10742.51,-4944,117.12,-963.05,-4826.88,-5789.93,,,
4921,930.06,2305.91,2880.5,291.91,155.9,-132.22,-2077.12,-17000.18,850.71,10903.56,-4939.92,116.37,-890.97,-4823.54,-5714.51,,,
4931,965.61,2267.22,2896.05,288.47,155.27,-129.8,-2033.89,-17089.19,819.6,10784.26,-4788.9,118.74,-1076.41,-4670.16,-5746.57,,,
4941,991.08,2258.92,2864.53,282.15,143.59,-111.93,-2064.19,-17179.53,834.22,10800.94,-4701.11,116.88,-1180.22,-4584.24,-5764.46,,,
4951,982.39,2240.8,2910.78,281.11,139.31,-149.5,-2047.16,-17210.73,853.68,10851.06,-4730.8,115.84,-1148.24,-4614.96,-5763.2,,,
4961,960.33,2251.83,2901.4,285.52,145.07,-120.46,-2062.27,-17169.06,841.49,10829.73,-4723.05,116.96,-1136.42,-4606.09,-5742.51,,,
4971,981.19,2207.32,2923.61,291.7,157.01,-120.75,-2026.98,-17082.62,857.02,10740.53,-4787.5,118.94,-1071.96,-4668.56,-5740.53,,,
4981,979.27,2249.64,2918.26,283.02,151.84,-141.73,-2020.71,-17360.81,833.33,10815.35,-4566.2,115.94,-1292.55,-4450.27,-5742.82,,,
4991,975.09,2237.76,2879.49,273.88,148.29,-142.52,-2033.57,-17223.87,816.75,10840.38,-4718.97,119.32,-1228.33,-4599.64,-5827.97,,,
5001,963.65,2236.29,2876.04,261.21,155.42,-137.27,-2014.48,-17172.03,851.4,10837.6,-4767.95,115.92,-1142.17,-4652.03,-5794.2,,,
5011,993.64,2252.22,2896.06,286.58,147.5,-142.53,-2031,-17134.95,825.34,10869.48,-4810.92,117.62,-1037.68,-4693.3,-5730.98,,,
5021,956.75,2281.23,2907.74,273.03,144.81,-146.33,-2024.6,-17237.37,816.53,10832.01,-4710.8,117.39,-1196.18,-4593.4,-5789.59,,,
5031,943.89,2242.97,2870.66,295.87,148.32,-132.97,-2048.88,-16945.67,810.52,10797.88,-4952.01,118.46,-1017.4,-4833.55,-5850.95,,,
5041,974.43,2304.91,2877.86,285.62,159.12,-136.42,-2049.28,-16988.93,841.25,10866.22,-4942.24,119.57,-865.23,-4822.67,-5687.91,,,
5051,952.76,2244.85,2883.95,281.7,150.37,-128.6,-2024.27,-17044.29,852.39,10877.85,-4903.25,117.08,-953.3,-4786.17,-5739.47,,,
5061,925.11,2273.26,2845.13,276.11,150.36,-143.28,-2016.85,-16920.52,829.21,10860.08,-4978.56,119.63,-921.39,-4858.93,-5780.32,,,
5071,942.03,2284.08,2880.41,286.66,146.2,-149.37,-2072.4,-16971.72,833.52,10868.34,-4937.88,115.82,-952.25,-4822.06,-5774.3,,,
5081,936.34,2255.79,2889.5,280.37,153.2,-146.35,-2059.3,-17077.15,836.15,10943.79,-4924,117.32,-987.67,-4806.69,-5794.35,,,
5091,971.64,2324.61,2859.17,296.82,153.63,-135.81,-2001.17,-17233.53,855.87,10846.68,-4768.2,116.65,-1062.07,-4651.55,-5713.62,,,
5101,933.75,2251.05,2904.98,284.46,139.34,-157.42,-2032.92,-17114.82,831.61,10850.78,-4854.69,113.94,-1109.18,-4740.74,-5849.93,,,
5111,977.78,2336.28,2880.49,290.08,140.94,-143.91,-2061.13,-16992.33,823.78,10838.48,-4943.4,118.04,-909.53,-4825.36,-5734.89,,,
5121,1001.1,2251.78,2896.84,279.33,161.58,-147.37,-2046.86,-17144.43,823.96,10857.91,-4820.45,119.93,-1066.15,-4700.51,-5766.66,,,
5131,989.19,2303.98,2917.39,295.22,148.99,-129.71,-2090.54,-17125.76,836.15,10849.88,-4792.16,116.91,-1005.22,-4675.24,-5680.47,,,
5141,933.25,2327.49,2898.94,282.34,161.46,-158.59,-2009.8,-17040.14,824.04,10841.61,-4925.87,121.34,-939.39,-4804.53,-5743.92,,,
5151,1010.73,2305.67,2862.06,289.1,159.14,-151.39,-2035.89,-17080.94,825.31,10819.22,-4853.98,117.02,-996.99,-4736.95,-5733.95,,,
5161,969.7,2307.34,2914.27,294.19,146.71,-155.25,-2050.01,-16895.69,836.65,10808.35,-4983.22,119.09,-823.73,-4864.13,-5687.86,,,
5171,979.75,2344.47,2911.86,286.22,155.56,-141.91,-2028.42,-17039.25,824.72,10782.27,-4869.28,117.43,-924.73,-4751.85,-5676.59,,,
5181,969.07,2273.34,2867.91,293.81,140.71,-127,-2046.72,-16946.41,821.48,10864.3,-4930.08,116.09,-889.51,-4813.99,-5703.51,,,
5191,962.85,2290.62,2889.31,293.82,157.09,-121.76,-2051.07,-16910.32,842.81,10794.41,-4958.46,117.66,-852.24,-4840.8,-5693.04,,,
5201,943.08,2298.06,2859.03,280.31,152.28,-147.52,-2040.46,-17051.84,855.23,10845.19,-4845.3,117.23,-1006.63,-4728.07,-5734.7,,,
5211,986.76,2296.73,2886.02,287.99,153.12,-147.32,-2008.38,-16939.44,815.11,10722.37,-4897.2,119.1,-947.03,-4778.1,-5725.13,,,
5221,993.29,2276.36,2897.89,283.45,155.68,-135.78,-2033.69,-16787.03,844.06,10746.53,-5031.73,120.16,-759.24,-4911.57,-5670.8,,,
5231,954.86,2319.28,2878.96,281.13,141.01,-146.89,-2068.42,-16792.52,823.32,10756,-5037.72,116.65,-853.28,-4921.07,-5774.35,,,
5241,986.58,2218.39,2903.24,289.69,156.3,-143.14,-2022.15,-16812,849.95,10854.86,-5079.5,119.86,-718.29,-4959.64,-5677.93,,,
5251,950.1,2197.32,2879.28,277.47,147.7,-132.4,-2015.66,-16856.24,827.95,10815.49,-5007.13,120.36,-908.99,-4886.77,-5795.76,,,
5261,991.31,2211.24,2886.23,286.51,158.48,-139.46,-2034.77,-17125.34,843.89,10819.93,-4795.67,116.52,-1101.98,-4679.15,-5781.13,,,
5271,972.25,2271.24,2898.11,290.61,154.47,-146.7,-2073.28,-16979.84,834.95,10819.84,-4903.55,116.32,-958.33,-4787.24,-5745.57,,,
5281,924.24,2266.71,2875.33,298.48,149.61,-160.09,-2053.71,-17095.38,848.31,10823.27,-4834.14,117.6,-1123.23,-4716.55,-5839.77,,,
5291,993.06,2302.03,2865.78,283.04,145.92,-158.27,-2031.61,-17038.95,830.13,10849.73,-4886.48,116.06,-959.14,-4770.41,-5729.55,,,
5301,959.49,2292.59,2907.72,290.45,162.24,-143.29,-2039.28,-17103.99,832.33,10746.55,-4764.66,115.41,-1095.2,-4649.25,-5744.44,,,
5311,956.92,2233.62,2869.6,276.28,140.74,-133.14,-2025.73,-17072.03,837.35,10825.39,-4810.18,117.94,-1091,-4692.24,-5783.24,,,
5321,974.46,2244.35,2902.77,296.08,142.97,-143.25,-2058.8,-17044.78,831.75,10836.87,-4859.91,113.64,-1017.6,-4746.28,-5763.87,,,
5331,985.52,2303.41,2894.33,288.44,148.4,-136.37,-2054.94,-17046.93,828.74,10780.51,-4826.14,115.66,-1008.89,-4710.48,-5719.37,,,
5341,957.33,2322.46,2873.57,286.02,152.66,-132.72,-2044.76,-16995.38,831.94,10767.83,-4873.84,116.78,-981.06,-4757.06,-5738.12,,,
5351,983.88,2270.71,2895.8,275.12,158.89,-130.86,-2039.96,-16993.61,843.37,10806.26,-4894.1,117.58,-930.39,-4776.52,-5706.91,,,
5361,974.16,2256.02,2857.12,275.65,142.91,-126.44,-2051.72,-17129.94,834.14,10817.12,-4756.16,117.9,-1150.98,-4638.26,-5789.25,,,
5371,978.64,2271.89,2889.39,278.37,154.36,-128.85,-1992.13,-17152.1,844.62,10782.91,-4772.14,116.15,-1072.89,-4655.98,-5728.88,,,
5381,947.65,2289.13,2846.13,280.88,143.37,-130.01,-2011.09,-17227.59,848.38,10840.12,-4711.89,116.5,-1173.03,-4595.39,-5768.42,,,
5391,1006.88,2297.67,2888.19,289.53,143.7,-120.72,-2021.55,-17256.79,821.96,10781.6,-4650.84,118.04,-1169.54,-4532.81,-5702.35,,,
5401,953.55,2325.76,2902.65,283.5,145.33,-133.49,-1994.73,-17238.01,843.64,10899.58,-4738.36,121.22,-1012.23,-4617.14,-5629.37,,,
5411,983.15,2283.69,2923.03,279.79,143.33,-139.85,-2025.85,-17204,821.78,10796.97,-4716.99,121.06,-1137.97,-4595.93,-5733.9,,,
5421,971.69,2215.2,2907.54,291.9,154.09,-137.26,-2036.76,-17312.5,844.35,10889.48,-4654.4,115.22,-1212.27,-4539.17,-5751.44,,,
5431,971.02,2292.91,2896.3,277.01,136.82,-138.36,-1993.81,-17092.46,832.57,10806.16,-4864.66,119.36,-1011.85,-4745.3,-5757.15,,,
5441,941.05,2312.2,2852.86,295.3,149.76,-149.08,-2051.98,-16936.25,861,10841.19,-4958.72,116.91,-883.94,-4841.81,-5725.75,,,
5451,1002.44,2317.64,2916.11,290.23,152.68,-158.8,-2019.81,-17179.34,819.52,10794.34,-4761.7,119.11,-1064.99,-4642.6,-5707.59,,,
5461,978.06,2245.23,2869.07,292.79,140.59,-136.8,-2037.56,-17094.33,817.24,10747.51,-4773.6,119.63,-1178.21,-4653.97,-5832.18,,,
5471,991.41,2283.03,2870.77,282.02,142.42,-130.42,-2020.08,-16979.15,833.6,10772.47,-4895.58,119.5,-953.94,-4776.08,-5730.01,,,
5481,969.69,2248.86,2910.82,272.26,159.79,-144.27,-1987.64,-17210.48,833.04,10756.89,-4678.16,120.3,-1191.04,-4557.86,-5748.9,,,
5491,1010.56,2285.12,2899.42,295.76,148.03,-149.98,-1990.73,-17098.55,835.38,10720.2,-4749.41,117.56,-1044.77,-4631.84,-5676.62,,,
5501,975.37,2287.72,2873.32,292.97,139.66,-145.9,-2050.69,-17112.45,825.92,10794.35,-4716.82,119.45,-1119.73,-4597.37,-5717.1,,,
5511,1007.11,2302.62,2884.27,293.35,142.15,-136.67,-2050.3,-17112.54,824.94,10829.34,-4779.04,118.57,-1015.74,-4660.46,-5676.2,,,
5521,1021.82,2280.45,2875.77,298.94,147.22,-136.99,-1997.7,-17100.83,832.14,10822.97,-4833.35,121,-956.19,-4712.35,-5668.54,,,
5531,1014.57,2273.8,2879.28,300.9,155.65,-143.67,-2034.42,-17123.27,830.35,10842.3,-4783.5,120.38,-1004.51,-4663.12,-5667.63,,,
5541,978.24,2327.28,2873.79,281,153.72,-148.46,-2035.78,-17054.11,826.55,10773.71,-4800.2,119.45,-1024.07,-4680.75,-5704.81,,,
5551,981.71,2351.25,2903.02,289.18,152.63,-143.59,-2044,-17252.64,825.63,10764.08,-4606.22,115.1,-1172.74,-4491.11,-5663.85,,,
5561,1006.04,2305.16,2876.88,280.26,159.95,-130.01,-2019.46,-17190.48,834.27,10827.97,-4740.59,118.04,-1049.42,-4622.55,-5671.97,,,
5571,959.02,2227.04,2869.11,266.64,164.36,-130.87,-2037.69,-17209.99,843.01,10862.61,-4717.77,119.18,-1186.77,-4598.6,-5785.36,,,
5581,1000.22,2237.82,2865.39,279.89,161.12,-143.74,-2043.52,-17151.8,811.99,10756.24,-4746.82,119.54,-1226.38,-4627.27,-5853.65,,,
5591,996.49,2376.87,2906.66,287.3,148.31,-133.94,-2047.82,-17015.51,831.64,10671.62,-4792.95,117.98,-978.37,-4674.97,-5653.34,,,
5601,977.58,2261.95,2881.51,287.41,162.66,-136.16,-2015.01,-17190.35,847.31,10763.68,-4705.35,119.01,-1159.43,-4586.35,-5745.78,,,
5611,975.46,2318.67,2910.95,291.33,151.89,-137.92,-2026.42,-17179.88,819.74,10742.1,-4697.79,118.2,-1134.08,-4579.58,-5713.66,,,
5621,984.56,2231.33,2906.72,279.27,154.44,-138.86,-2037.7,-17250.69,834.21,10770.48,-4623.55,119.84,-1266.23,-4503.71,-5769.94,,,
5631,940.18,2270.73,2871.39,282.87,145.67,-129.2,-1979.34,-17239.17,833.02,10836.66,-4707.09,121.01,-1167.19,-4586.08,-5753.27,,,
5641,970.92,2368.86,2863.81,294.2,143.68,-137.67,-1987.37,-17203.12,826.19,10728.8,-4698.2,119.05,-1131.7,-4579.15,-5710.85,,,
5651,963.14,2252.34,2885.22,277.75,173.1,-152.92,-2004.82,-17196.87,844.14,10881.29,-4802.61,118.08,-1077.64,-4684.53,-5762.17,,,
5661,970.66,2285.06,2864.16,284.14,148.61,-147.22,-2027.14,-17279.5,833.57,10863.64,-4688.57,116.51,-1204.02,-4572.06,-5776.08,,,
5671,1009.51,2230.07,2904.39,288.26,140.44,-140.43,-2059.04,-17237.25,840.37,10806.86,-4685.57,115.36,-1216.81,-4570.22,-5787.02,,,
5681,980.51,2253.45,2929.24,284.96,159.33,-146.61,-2011.09,-17001.64,830.86,10875.47,-4949.2,118.1,-845.53,-4831.1,-5676.63,,,
5691,954.25,2250.92,2880.98,276.99,135.18,-130.19,-2063.88,-16959.95,851.34,10793.47,-4905.91,119.46,-1010.89,-4786.45,-5797.34,,,
5701,965.48,2207.69,2912.63,289.77,158.65,-136.91,-2003.96,-17336.79,843.65,10855.1,-4622.82,117.9,-1244.69,-4504.92,-5749.6,,,
5711,922.24,2274.49,2896.59,284.84,150.94,-136.7,-2019.28,-17080.14,853.23,10786.66,-4795.85,118.33,-1067.12,-4677.52,-5744.63,,,
5721,971.78,2213.36,2914.17,281.41,136.51,-153.1,-2064.43,-17112.43,846.59,10848.96,-4797.96,116.17,-1117.19,-4681.8,-5798.98,,,
5731,957.28,2282.85,2874.8,295.12,147.85,-129.39,-2019.01,-17257.25,827.31,10826.5,-4692.89,117.81,-1193.93,-4575.08,-5769.02,,,
5741,1002.04,2246.67,2894.67,284.16,158.1,-144.68,-1984.07,-17284.1,850.49,10817.35,-4688.93,117.68,-1159.36,-4571.25,-5730.61,,,
5751,930.63,2244.88,2855.11,279.09,159.71,-129.86,-2001.93,-17348.77,866.29,10857.24,-4585.06,117.74,-1287.62,-4467.31,-5754.94,,,
5761,969.93,2291.51,2880.46,280.78,138.59,-125.52,-2055.52,-17236.12,816.55,10815.38,-4662.25,117.43,-1223.96,-4544.83,-5768.79,,,
5771,1004.88,2247.41,2875.3,280.35,135.21,-128.69,-2019.55,-17174.14,835.13,10837.64,-4757.25,119.97,-1106.47,-4637.28,-5743.75,,,
5781,935.98,2289.7,2901.96,278.33,167.04,-123.62,-2030.61,-17406.32,831.24,10804.17,-4538.14,117.02,-1352.12,-4421.12,-5773.24,,,
5791,963.56,2234.39,2861.84,290.18,137.35,-128.14,-2017.41,-17290.89,840.14,10867.3,-4656.64,116.77,-1241.68,-4539.87,-5781.55,,,
5801,986.85,2303.26,2869.6,288,139.7,-131.37,-2033.75,-17041.94,849.6,10830.25,-4864.12,117.3,-939.79,-4746.83,-5686.62,,,
5811,960.72,2244.95,2901.07,285.71,154.01,-135.63,-1997.15,-17292.72,836.45,10822.93,-4666.73,117.26,-1219.68,-4549.48,-5769.15,,,
5821,1020.28,2261.19,2933.54,297.42,148.51,-138.01,-2020.73,-17107.97,808.88,10744.55,-4773.48,116.46,-1052.35,-4657.03,-5709.38,,,
5831,966.55,2328.94,2874.76,295.21,154.02,-151.18,-2072.65,-17038.21,818.04,10734.77,-4782.22,114.79,-1089.76,-4667.43,-5757.19,,,
5841,986.91,2313.26,2890.65,291.16,153.04,-128.08,-2024.85,-17040.62,836.27,10758.06,-4828.32,118.6,-964.21,-4709.71,-5673.92,,,
5851,955.45,2272.32,2875.89,281.15,151.68,-134.71,-2023.03,-17233.83,877.84,10799.4,-4698.36,118.1,-1177.83,-4580.26,-5758.09,,,
5861,933.96,2325.71,2890.27,289.87,156.04,-123.44,-2038.57,-17087.18,827.17,10767,-4777.9,117.67,-1059.16,-4660.23,-5719.4,,,
5871,967.21,2275.63,2892.15,285.79,133.64,-136.23,-2032.44,-17081.68,838.45,10799.51,-4812.79,117.65,-1057.96,-4695.14,-5753.11,,,
5881,921.25,2315.45,2909.16,302.29,154.56,-138.34,-2011.1,-16961.35,846.62,10758.82,-4910.53,120.09,-902.64,-4790.45,-5693.09,,,
5891,998.83,2287.02,2853.03,291.77,154.41,-147.34,-2039.93,-16922.81,858.4,10685.94,-4887.86,117,-980.68,-4770.85,-5751.53,,,
5901,996.61,2291.33,2886.45,289.14,143.38,-143.59,-2005.17,-17063.87,832.86,10675.21,-4766.49,117.62,-1097.65,-4648.87,-5746.52,,,
5911,997.94,2245.43,2897.35,295.38,153.81,-139.17,-2006.28,-17140.51,820.18,10767.03,-4717.7,120.64,-1108.85,-4597.06,-5705.91,,,
5921,957.5,2237.77,2909.98,280.62,156.48,-139.88,-2029.35,-17128.78,840.47,10606.84,-4621.3,114.24,-1308.35,-4507.06,-5815.41,,,
5931,964.29,2275.16,2895.43,282.75,158.22,-147.79,-2024.04,-17154.29,831.63,10779.71,-4706.77,118.13,-1138.93,-4588.64,-5727.57,,,
5941,961.4,2206.91,2863.93,278.26,140.01,-141.55,-2002.78,-17270.23,835.13,10728.04,-4567.45,118.41,-1400.87,-4449.03,-5849.91,,,
5951,944.96,2265.53,2903.28,275.71,134.51,-138.59,-1999.06,-17223.51,849.36,10778.21,-4634.02,117.78,-1209.6,-4516.24,-5725.84,,,
5961,970.97,2232.64,2868.52,279.49,161.07,-151.91,-2030.53,-17133.96,818.96,10777.54,-4715.87,119.3,-1207.22,-4596.57,-5803.79,,,
5971,967.81,2232.26,2866.34,284.46,145.09,-144.04,-2030.31,-17104.67,820.95,10685.38,-4695.98,116.83,-1276.73,-4579.16,-5855.89,,,
5981,964.47,2227.15,2877.69,286.17,148.84,-136.46,-2022.41,-17164.71,829.85,10733.48,-4664.27,114.48,-1255.93,-4549.79,-5805.72,,,
5991,977.9,2303.88,2906.58,286.3,161.2,-127.21,-2021.64,-17402.81,822.52,10676.83,-4454.94,117.47,-1416.44,-4337.47,-5753.91,,,
6001,967.59,2279.08,2864.46,283.86,146.36,-141.46,-2027.97,-17311.55,830.32,10836.69,-4618.69,115.96,-1272.62,-4502.73,-5775.35,,,
6011,1007.16,2251.54,2910.7,296.43,147.68,-137.87,-1997.46,-17232.16,819.77,10702.7,-4622.11,121.54,-1231.52,-4500.57,-5732.09,,,
6021,949.7,2229.96,2883.95,290.49,150.22,-137.44,-2012.43,-17404.14,842.06,10759.91,-4514.61,117.64,-1447.73,-4396.97,-5844.69,,,
6031,965.21,2227.7,2855.91,279.77,166.16,-129.32,-2034.36,-17187.71,834.34,10779.44,-4710.41,117.78,-1242.86,-4592.64,-5835.49,,,
6041,984.67,2282.06,2889.46,274.35,165.46,-160.89,-2021.26,-17159.16,830.73,10778.18,-4713.19,116.5,-1136.39,-4596.69,-5733.08,,,
6051,947.16,2270.54,2898.24,278.98,145.21,-137.77,-2024.4,-17258.62,822.37,10797.47,-4594.9,115.44,-1260.81,-4479.46,-5740.28,,,
6061,944.28,2269.86,2874.33,291.53,151.35,-125.68,-2011.62,-17295.37,836.57,10650.68,-4506.97,115.88,-1414.07,-4391.09,-5805.16,,,
6071,981.21,2251.99,2854.16,274.11,146.52,-123.01,-2025.36,-17272.58,826.2,10690.13,-4570.41,118.92,-1396.63,-4451.5,-5848.13,,,
6081,948.51,2266.87,2909,279.69,141.42,-136.16,-2025.42,-17173.93,846.64,10684.39,-4666.84,119.56,-1258.99,-4547.29,-5806.28,,,
6091,961.78,2254.06,2892.46,285.23,151.67,-150.74,-2002.01,-17230.75,835.3,10667.54,-4587.16,118.64,-1335.44,-4468.52,-5803.96,,,
6101,981.01,2291.96,2885.33,287.23,149.75,-138.19,-2034.71,-17366.57,813.58,10722.13,-4476.28,118.46,-1408.47,-4357.82,-5766.29,,,
6111,915.13,2344.23,2868.72,290.84,136.24,-139,-1977.43,-17223.33,828.19,10637.31,-4589.25,118.99,-1319.1,-4470.26,-5789.36,,,
6121,981.81,2277.45,2885.47,282.07,150.51,-146.36,-2032.25,-17062.15,853.73,10645.31,-4680.78,120.94,-1164.41,-4559.84,-5724.25,,,
6131,941.48,2248.53,2885.79,279.26,146.56,-137.56,-1964.95,-17128.66,839.56,10681.54,-4718.87,120.59,-1208.46,-4598.28,-5806.74,,,
6141,951.54,2272.32,2900.26,281.97,148.45,-143.73,-2013.58,-17160.54,816.54,10662.2,-4643.55,117.67,-1284.56,-4525.88,-5810.44,,,
6151,1009.13,2236.13,2879.56,286.92,144.24,-140.1,-2032.08,-17130.1,827.2,10667.42,-4631.07,117.82,-1251.68,-4513.26,-5764.93,,,
6161,975.77,2284.76,2839.15,282.6,141.22,-138.92,-1993.87,-17177.87,828.04,10670.88,-4650.77,119.76,-1288.25,-4531.01,-5819.26,,,
6171,991.11,2280.65,2896.98,296.7,154.41,-143.95,-2019.44,-17171.14,841.32,10728.14,-4659.52,120.15,-1145.24,-4539.37,-5684.61,,,
6181,1012.44,2291.47,2851.77,300.92,158.27,-154.28,-1994.28,-17245.09,808.49,10733.9,-4635.64,119.9,-1236.4,-4515.74,-5752.14,,,
6191,978.02,2308.06,2869.24,286.15,149.41,-143.78,-2023.15,-17028.57,833.56,10714.47,-4788.31,120.21,-1056.6,-4668.09,-5724.69,,,
6201,956.1,2219.29,2904.26,285.15,157.18,-149.44,-2019.88,-17008.85,843.63,10654.2,-4759.2,119.57,-1158.36,-4639.63,-5798,,,
6211,989.39,2318.32,2864.8,295.47,156.54,-129.36,-2012.33,-17220.53,827.34,10727.99,-4629.18,120.46,-1182.38,-4508.72,-5691.1,,,
6221,973.79,2276.82,2891.52,292.59,154.97,-154.16,-2010.43,-17203.8,861.92,10721.6,-4618.04,118.84,-1195.18,-4499.21,-5694.39,,,
6231,951.78,2293.19,2901.58,282.1,150.45,-140.98,-1993.27,-17126.45,846.93,10669.11,-4684.79,120.77,-1165.57,-4564.02,-5729.59,,,
6241,967.69,2255.89,2899.64,287.01,146.75,-124.73,-2040.1,-17175.84,837.15,10711.81,-4661.58,120.17,-1234.73,-4541.4,-5776.13,,,
6251,966.49,2226.84,2867.34,283.83,144.92,-149.73,-2038.18,-17104.22,824.23,10700.93,-4679.69,121.08,-1277.55,-4558.6,-5836.15,,,
6261,961.98,2323.56,2897.62,296.36,150.58,-161.74,-2037.38,-17181.61,830.46,10721.25,-4615.05,118.27,-1198.92,-4496.78,-5695.7,,,
6271,977.34,2305.16,2905.61,297.9,157.94,-149.46,-2054.4,-17162.31,819.47,10658.77,-4627.79,117.43,-1243.99,-4510.36,-5754.35,,,
6281,992.2,2242.86,2871.88,277.18,144.23,-151.36,-1974.71,-17216.87,842.88,10692.81,-4612.34,119.32,-1278.9,-4493.03,-5771.93,,,
6291,1012.5,2268.63,2906.39,281.32,147.41,-145.7,-2015.41,-17239.01,822.87,10693.36,-4569.59,120.68,-1267.65,-4448.91,-5716.55,,,
6301,988.81,2250.26,2893.13,283.35,152.92,-140.04,-1986.1,-17178.96,824.54,10674.22,-4637.42,120.15,-1237.88,-4517.27,-5755.15,,,
6311,991.76,2297.57,2870.81,286.5,144.68,-144.2,-2027.45,-17194.89,814.85,10694.83,-4643.51,119.86,-1265.54,-4523.64,-5789.19,,,
6321,968.1,2305.98,2907.61,279.44,154.24,-151.57,-1968.8,-17354.04,839.54,10669.49,-4466.8,120.64,-1349.99,-4346.16,-5696.15,,,
6331,953,2292.37,2898.44,284.04,141.07,-149.14,-2011.8,-17191.78,823.09,10738.2,-4651.54,119.38,-1222.5,-4532.17,-5754.67,,,
6341,987.24,2291.06,2896.73,287.64,150.04,-161.48,-2047.16,-17137.04,843.03,10721.72,-4715.95,117.72,-1168.23,-4598.23,-5766.46,,,
6351,999.07,2231.81,2882.41,276.44,160.16,-147.76,-2021.93,-17170.74,811.33,10726.14,-4669.08,119.63,-1253.07,-4549.45,-5802.52,,,
6361,1005.4,2302.99,2904.59,293.19,157.99,-140.67,-2004.51,-17199.68,826.61,10659.99,-4618.52,118.47,-1194.11,-4500.05,-5694.16,,,
6371,968.64,2279.93,2874.42,283.8,155.73,-127.08,-2010.55,-17247.17,850.58,10682.57,-4582.47,119.81,-1289.15,-4462.66,-5751.81,,,
6381,957.22,2306.43,2876.46,284.42,144.85,-144.63,-1959.31,-17259.06,848.96,10697.42,-4617.66,121.38,-1247.24,-4496.27,-5743.52,,,
6391,988.85,2324.34,2895.41,300.86,146.82,-138.09,-1998.09,-17147.1,823.44,10680.81,-4718.78,120.69,-1122.75,-4598.09,-5720.84,,,
6401,919.5,2272.93,2864.14,281.84,154.97,-138.57,-2009.22,-17139.37,831.12,10746.01,-4724.65,118.81,-1216.65,-4605.84,-5822.49,,,
6411,1002.33,2287.54,2885.98,295.83,145.34,-123.24,-2044.07,-17132,832.06,10765.86,-4709.5,117.04,-1084.36,-4592.46,-5676.82,,,
6421,1006.87,2282.28,2909.1,287.93,156.39,-138.32,-2043.37,-17131.21,826.21,10784.41,-4736.88,117.09,-1059.7,-4619.79,-5679.49,,,
6431,977.3,2232.53,2879.75,265.03,140.39,-136.59,-2014.79,-17092.94,833.51,10687.17,-4719.11,117.49,-1228.63,-4601.62,-5830.25,,,
6441,1016.37,2311.69,2870.27,303.43,150.75,-153.34,-2044.44,-17100.74,822.48,10710.67,-4735,119.27,-1112.86,-4615.74,-5728.59,,,
6451,965.7,2297.34,2906.61,287.71,153.44,-155.82,-2001.98,-17257.75,834.57,10796.11,-4664.09,120.28,-1174.06,-4543.81,-5717.87,,,
6461,966.78,2346.27,2835.24,294.35,140.84,-129.21,-2010.28,-17196.72,870.59,10737.74,-4685.89,115.91,-1144.42,-4569.98,-5714.4,,,
6471,967.41,2217,2868.87,275.02,157.05,-136.33,-2033.55,-17313.95,822.65,10773.87,-4583.75,117.2,-1401.97,-4466.55,-5868.51,,,
6481,979.32,2218.68,2888.46,274.55,143.57,-144.12,-2026.43,-17276.45,840.83,10745.32,-4581.8,117.16,-1356.27,-4464.64,-5820.91,,,
6491,949.31,2277.57,2874.8,300.38,142.22,-143.4,-1987.09,-17240.72,832.22,10641.44,-4577.56,119.1,-1353.26,-4458.45,-5811.71,,,
6501,959.19,2278.85,2871.57,269.25,167.6,-165.08,-2051.58,-17144.26,833.21,10742.6,-4703.16,115.56,-1238.65,-4587.6,-5826.25,,,
6511,988.59,2323.77,2855.98,284.71,150.74,-142.26,-2017.07,-17109.59,828.6,10761.06,-4764.07,117.29,-1075.46,-4646.78,-5722.23,,,
6521,954.44,2275.16,2882,290.71,144.53,-147.69,-2039.92,-17139.28,844.76,10744.82,-4727.12,118.24,-1190.47,-4608.88,-5799.34,,,
6531,962.65,2352.31,2870.43,272.98,146.84,-134.41,-2044.29,-17177.78,806.25,10770.52,-4692.34,118.9,-1174.5,-4573.44,-5747.94,,,
6541,973.34,2242.47,2873.08,293.16,161.54,-139.26,-1993.61,-17130.76,850.23,10737.17,-4773.07,119.39,-1132.64,-4653.68,-5786.32,,,
6551,998.74,2236.83,2851.14,295.51,154.92,-148.77,-2005.16,-17129.26,841.94,10761.13,-4737.05,119.9,-1142.98,-4617.15,-5760.14,,,
6561,997.59,2285.89,2885.49,307.94,149.77,-150.03,-2041.14,-16950.24,845.71,10708.78,-4858.15,120.42,-960.25,-4737.73,-5697.98,,,
6571,959.5,2300.42,2900.61,287.05,156.92,-160.32,-1986.68,-16984.62,810.98,10744.59,-4889.02,120.24,-971.54,-4768.78,-5740.33,,,
6581,975.81,2231.42,2871.38,299.58,154.1,-140.4,-2034.2,-17108.02,823.72,10780.6,-4778.23,119.47,-1146.01,-4658.76,-5804.77,,,
6591,969.21,2259.76,2940.97,278.75,150.88,-158.81,-2028.75,-17141.81,848.27,10768.96,-4699.62,118.56,-1112.57,-4581.07,-5693.64,,,
6601,960.4,2249.71,2860.67,280.47,169.49,-132.96,-1992.16,-17387.53,835.36,10829.22,-4570.82,120.41,-1327.33,-4450.41,-5777.75,,,
6611,959.65,2329.02,2878.55,289.11,144.99,-121.29,-2042.91,-17196.93,833.23,10797.55,-4696.6,117.6,-1129.02,-4578.99,-5708.01,,,
6621,945.01,2339.91,2917.46,289.98,154.11,-130.72,-2050.32,-17247.14,852.59,10839.7,-4707.7,117.05,-1089.42,-4590.65,-5680.07,,,
6631,1001.03,2288.63,2906.4,289.44,150.86,-123.24,-2036.49,-17079.37,820.89,10731.41,-4742.66,121.34,-1050.45,-4621.32,-5671.77,,,
6641,941.48,2291.44,2852.94,284.89,129.07,-124.77,-2004.3,-17235.07,853.19,10754.73,-4663.67,115.15,-1256.39,-4548.52,-5804.91,,,
6651,1040.45,2285.92,2852.77,276.73,145.51,-139.37,-2033.35,-17074.18,819.25,10696.34,-4734.47,116.6,-1129.94,-4617.86,-5747.8,,,
6661,996.1,2283.18,2849.13,282.77,154.21,-140.24,-2011.11,-17040.08,818.6,10737.75,-4824.97,118.66,-1069.69,-4706.3,-5776,,,
6671,1006.94,2285.97,2935.51,295.58,140.3,-152.54,-2058.11,-17236.52,833.83,10754.88,-4655.35,115.52,-1194.16,-4539.84,-5734,,,
6681,1021.5,2270.89,2935.93,301.58,156.56,-152.34,-2005.97,-17087.93,848.81,10732.08,-4776.48,118.51,-978.88,-4657.97,-5636.85,,,
6691,958.84,2279.33,2885.32,294.25,141.44,-149.45,-2000.76,-17298.93,866.73,10767.07,-4607.71,116.39,-1256.17,-4491.33,-5747.49,,,
6701,999.13,2227.46,2910.17,277.08,158.32,-131.11,-1989.66,-17227.36,834.24,10776.12,-4687.02,117.52,-1165.62,-4569.5,-5735.12,,,
6711,994.2,2280.66,2888.42,291.65,154.87,-150.27,-2026.63,-17086.08,816.94,10755.96,-4762.1,119.18,-1080.27,-4642.93,-5723.2,,,
6721,955.34,2246.77,2888.99,279.99,142.18,-153.03,-2024.43,-17173.19,833.67,10856.75,-4778.79,118.05,-1146.97,-4660.74,-5807.71,,,
6731,999.84,2336.74,2873.28,279.13,142.09,-142.68,-2020.64,-17191.23,817,10763.71,-4730.09,117.09,-1142.77,-4613,-5755.77,,,
6741,1036.11,2270.54,2888.12,301.69,142.01,-155.34,-2025.64,-17071.55,834.74,10743.55,-4771.75,118.69,-1035.76,-4653.07,-5688.83,,,
6751,951.53,2343.37,2891.27,289.31,152.11,-164.81,-2051.88,-17311.77,853.9,10833.07,-4632.09,118.22,-1213.88,-4513.86,-5727.75,,,
6761,996.74,2275.46,2916.3,286.42,139.38,-162.99,-1969.3,-17276.07,832.95,10873.27,-4726.76,120.6,-1087.84,-4606.16,-5694,,,
6771,973.81,2304.13,2893.26,276.83,150.71,-160.32,-2003.49,-17040.88,809.78,10798.19,-4861.25,122.16,-997.99,-4739.08,-5737.08,,,
6781,972.38,2273.42,2906.74,289.61,167.53,-161.42,-2038.9,-17170.9,833.66,10835.17,-4763.47,120.28,-1092.71,-4643.19,-5735.9,,,
6791,997.62,2318.96,2915.39,290.75,145.29,-148.17,-2008.99,-17223.68,850.34,10763.97,-4671.24,116.43,-1098.52,-4554.81,-5653.33,,,
6801,964.92,2254.06,2864.27,290.67,150.92,-130.65,-1999.7,-17350.86,834.07,10870.56,-4606.15,117.31,-1251.74,-4488.84,-5740.58,,,
6811,986.86,2270.47,2885.61,285.94,144.23,-149.2,-2010.98,-17252.44,822.04,10800.58,-4665.95,119.84,-1216.89,-4546.1,-5762.99,,,
6821,998.09,2323.01,2893.46,283.07,143.19,-148.48,-1983.06,-17266.99,841.23,10725.68,-4630.32,120.31,-1190.81,-4510.02,-5700.82,,,
6831,965.84,2273.6,2871.92,277.68,144.4,-144.9,-2037.18,-17139.97,811.19,10739.71,-4747.01,122.19,-1237.72,-4624.82,-5862.54,,,
6841,959.26,2228.65,2897.34,286.31,143.47,-133.66,-1987.87,-17256.68,853.78,10819.68,-4661.92,121.5,-1189.72,-4540.42,-5730.14,,,
6851,1010.13,2284.14,2908.2,290.22,162.96,-153.36,-2019.78,-17281.64,839.38,10765.43,-4602.94,119.62,-1194.33,-4483.33,-5677.66,,,
6861,951.96,2309.92,2880.61,293.39,153.73,-140.17,-2022.27,-17332.52,852.09,10838.78,-4613.01,120.11,-1214.49,-4492.9,-5707.39,,,
6871,969.76,2213.74,2898.03,279.3,154.84,-137.58,-2012.9,-17385.99,836.75,10868.6,-4571.27,115.68,-1315.46,-4455.6,-5771.06,,,
6881,987.21,2297.23,2872.93,293.33,165.64,-139.08,-2043.08,-17142.54,836.58,10783.5,-4737.16,115.44,-1088.27,-4621.72,-5709.99,,,
6891,998.94,2340.42,2900.1,307.23,153.4,-154.44,-2021.5,-17201.57,844.92,10756.24,-4687.3,114.94,-1076.26,-4572.36,-5648.62,,,
6901,972.51,2258.86,2916.94,285.02,149.76,-130.45,-2040.2,-17118.14,862.4,10822.61,-4784.65,116.88,-1020.69,-4667.77,-5688.46,,,
6911,958.83,2228.95,2888.82,280.3,156.87,-141.71,-1994.37,-17575.73,835.7,10933.01,-4477.73,117.8,-1429.34,-4359.93,-5789.27,,,
6921,958.16,2301.48,2880.46,293.4,149.75,-144.76,-2025.51,-17118.08,835.65,10812.66,-4802.44,117.88,-1056.8,-4684.55,-5741.35,,,
6931,1029.32,2265.89,2898.33,280.75,160.01,-138.48,-2040.42,-17025.19,802.59,10846.81,-4895.64,119.05,-920.39,-4776.58,-5696.97,,,
6941,992.23,2286.89,2897.67,286.48,143.79,-123,-2057.46,-17130.92,841.57,10827.83,-4739.76,116.11,-1034.93,-4623.64,-5658.57,,,
6951,977.69,2309.09,2869.5,289.78,149.54,-143.9,-2015.86,-17232.26,824.84,10825.09,-4677.81,116.46,-1146.48,-4561.35,-5707.83,,,
6961,950.05,2244.12,2915.56,286.93,139.32,-147.03,-2015.49,-17089.29,838.72,10862.29,-4836.16,119.49,-1014.81,-4716.68,-5731.49,,,
6971,938.31,2330.92,2913.07,289.64,148.02,-142.36,-2021.08,-17081.73,845.56,10872.46,-4870.86,117.86,-907.2,-4753,-5660.2,,,
6981,988.3,2275.46,2909.45,300.39,142.25,-145.48,-2001.49,-17088.61,835.65,10711.7,-4809.22,115.38,-1072.37,-4693.83,-5766.21,,,
6991,1006.2,2340.37,2890.17,282.23,147.74,-134.95,-2007.07,-17170.11,812.37,10738.08,-4727.51,115.74,-1094.96,-4611.77,-5706.74,,,
7001,971.96,2288.41,2854.55,286.8,152.43,-120.35,-2011.26,-17133.06,824.47,10872.15,-4822.53,116.12,-1013.91,-4706.41,-5720.33,,,
7011,899.02,2288.08,2875.5,282.08,147.92,-150.06,-1997.26,-16892.68,837.13,10784.52,-4983.53,122.39,-925.75,-4861.14,-5786.88,,,
7021,960.4,2272.75,2896.79,288,141.91,-142.73,-2027.59,-17007.53,851,10796.26,-4896.72,115.44,-970.72,-4781.28,-5752,,,
7031,969.85,2243.11,2856.6,297.79,143.13,-141.79,-2055.87,-16946.19,838.2,10725.34,-4897.37,119.11,-1069.84,-4778.26,-5848.1,,,
7041,991.46,2350.95,2902.65,282.01,152.66,-145.24,-2012,-16972.64,835.76,10763.8,-4887.15,121.46,-850.61,-4765.7,-5616.3,,,
7051,976.71,2334.09,2866.96,292.94,157.12,-147.06,-2020.06,-17038.46,809.25,10758.82,-4845.65,122.81,-1009.68,-4722.85,-5732.53,,,
7061,962.88,2300.38,2888.33,295.86,134.87,-122.21,-2005.59,-16906.59,848.15,10765.71,-4990.38,122.64,-838.21,-4867.74,-5705.95,,,
7071,989.69,2223.93,2855.6,289.56,130.79,-129.74,-2077.56,-16871.29,835.11,10804.47,-4985.92,121.88,-949.44,-4864.03,-5813.47,,,
7081,957.2,2249.87,2875.97,273.09,147.95,-126.41,-2011.5,-17012.01,833.83,10745.92,-4823.73,118.93,-1066.09,-4704.8,-5770.89,,,
7091,980.7,2265.19,2867.62,295.87,147.91,-129.63,-2019.32,-16911.47,830.95,10785.27,-4936.16,123.18,-886.91,-4812.98,-5699.9,,,
7101,1004.04,2308.45,2868.71,289.34,157.23,-152.57,-2028.97,-16887.33,814.45,10755.06,-4965.82,121.33,-871.58,-4844.49,-5716.07,,,
7111,956.61,2261,2884.22,293.79,160.4,-127.79,-2045.26,-16979.98,847.07,10740.46,-4845.5,119.23,-1009.47,-4726.27,-5735.74,,,
7121,964.38,2254.94,2914.79,277.81,160.41,-132.84,-2013.8,-16914.31,844.1,10786.36,-4951.53,119.56,-858.17,-4831.97,-5690.14,,,
7131,1009.99,2268.98,2856.51,275.43,144.38,-124.74,-2010.16,-17103.97,814.15,10748.34,-4779.07,121.1,-1121.08,-4657.97,-5779.05,,,
7141,984.87,2221.47,2891.92,293.04,143.75,-138.48,-2009.08,-17175.79,826.61,10853.59,-4791.18,121.5,-1108.13,-4669.68,-5777.81,,,
7151,997.99,2281.41,2902.39,295.48,164.89,-137.66,-2001.11,-17051.54,826.72,10793.19,-4870.83,120.83,-928.24,-4749.99,-5678.24,,,
7161,968.89,2299.65,2914.55,288.37,135.83,-136.33,-1984.15,-17052.9,826.02,10826.12,-4872.1,118.69,-913.94,-4753.4,-5667.35,,,
7171,998.81,2241.76,2898.41,290,152.2,-140.98,-2012.54,-17040.68,818.53,10868.83,-4913.69,123.45,-925.64,-4790.24,-5715.89,,,
7181,980.57,2269.05,2845.83,276.3,146.66,-129.18,-2025.38,-17065.22,834.03,10814.75,-4854.5,120.49,-1052.59,-4734.01,-5786.6,,,
7191,947.79,2257.98,2919.21,291.77,144.07,-133.51,-2026.68,-16977.65,845.46,10781.14,-4902.39,116.73,-950.42,-4785.66,-5736.08,,,
7201,945.77,2273.62,2862.62,298.96,137.85,-144.66,-2025.48,-17326.14,841.44,10823.03,-4614.76,117.02,-1312.99,-4497.73,-5810.72,,,
7211,918.21,2310.02,2881.67,282.64,160.07,-129.72,-2003.98,-17072.88,824.19,10823.77,-4849.84,121.61,-1006.02,-4728.23,-5734.25,,,
7221,942.02,2247.22,2865.55,272.48,133.91,-142.1,-2070.13,-17069.78,837.53,10821.2,-4812.66,119.47,-1162.09,-4693.18,-5855.27,,,
7231,960.41,2245.62,2889.8,290.44,158.3,-130.39,-2060.01,-16947.69,845.34,10736.33,-4899.33,117.01,-1011.85,-4782.32,-5794.17,,,
7241,995.61,2241.49,2847.29,287.6,140.33,-140.07,-2021.76,-17206.82,813.88,10852.33,-4744.7,118.18,-1190.11,-4626.53,-5816.64,,,
7251,981.28,2273.41,2893.46,290.57,141.88,-130.74,-2047.59,-17048.66,834.55,10773.36,-4803.38,115.56,-1038.47,-4687.82,-5726.29,,,
7261,998.57,2287.86,2869.09,290.56,150.22,-126.78,-1981.28,-17102.82,850.04,10727.92,-4809.31,116.94,-1036.62,-4692.38,-5728.99,,,
7271,982.79,2285.36,2903.03,289.01,156.06,-137.69,-2049.75,-16912.75,819.64,10788.9,-4978.43,115.93,-875.39,-4862.5,-5737.89,,,
7281,972.62,2297.94,2870.17,276.74,158.01,-123.71,-2046.64,-16996.17,849.18,10808.83,-4878.57,112.18,-933.03,-4766.39,-5699.42,,,
7291,1010.62,2285.41,2871.64,299.84,157.94,-115.08,-2005.4,-17037.56,851.38,10792.31,-4875.23,117.07,-888.9,-4758.17,-5647.07,,,
7301,984.2,2269.45,2859.31,292.11,139.28,-134.1,-2057.08,-16977.48,836.51,10722.85,-4857.28,117.53,-1064.94,-4739.76,-5804.69,,,
7311,976.39,2272.99,2881.12,300.8,144.09,-151.69,-2057.86,-17017.02,840.69,10841.13,-4924.16,116.43,-969.35,-4807.73,-5777.08,,,
7321,982.49,2287.28,2883.83,280.86,155.81,-142.19,-2031.47,-17112.25,836.58,10796.51,-4774.19,118.34,-1062.56,-4655.85,-5718.41,,,
7331,956.04,2275.91,2900.66,259.22,133.81,-135.29,-2040.94,-17018.04,845.78,10829.82,-4863.17,115.3,-993.05,-4747.86,-5740.91,,,
7341,914.75,2299.08,2902.06,289.17,138.82,-142.66,-2067.44,-17024.7,836.44,10845.84,-4872.77,117.9,-1008.62,-4754.86,-5763.49,,,
7351,966.52,2226.03,2885.52,284.77,150.64,-120.84,-2028.3,-16972.21,849.71,10852.82,-4936.51,118.09,-905.35,-4818.43,-5723.78,,,
7361,930.23,2259.01,2917.7,281.18,146.92,-139.02,-2032.61,-17034.52,821.49,10782.03,-4825.52,120.63,-1067.59,-4704.89,-5772.47,,,
7371,1005.52,2353.06,2889.03,299.59,145.99,-139.63,-2026.3,-17234.16,806.84,10770.62,-4658.62,118.78,-1129.45,-4539.83,-5669.28,,,
7381,998.19,2252.8,2867.42,290.25,146.71,-143.67,-2013.45,-17115.27,840.02,10746.85,-4768.26,117.82,-1130.13,-4650.44,-5780.58,,,
7391,990.46,2288.14,2891.24,295.38,140.03,-123.15,-2046.63,-17176.44,821.85,10763.73,-4711.73,120.36,-1155.4,-4591.37,-5746.77,,,
7401,936.12,2295.35,2918.23,283.55,159.85,-139.26,-2052.72,-17142.77,849.2,10839.79,-4747.14,118.27,-1052.65,-4628.87,-5681.52,,,
7411,962.81,2250.26,2893.74,287.31,139.2,-130.52,-2057.72,-16913.47,809.26,10808.88,-4971.51,122.49,-950.25,-4849.02,-5799.27,,,
7421,975.52,2264.79,2871.72,281.13,143.16,-110.27,-2031.33,-16931.64,809.38,10758.17,-4939.38,120.46,-969.37,-4818.92,-5788.3,,,
7431,996.95,2286.67,2878.77,298,148.13,-114.93,-2000.17,-16916.35,811.63,10695.72,-4916.52,123.56,-915.58,-4792.96,-5708.54,,,
7441,959.73,2281.66,2883.27,287.31,168.6,-128.06,-2035.57,-17073.4,868.21,10872.52,-4839.64,119.24,-915.72,-4720.4,-5636.12,,,
7451,945.91,2239,2861.55,284.37,151.28,-128.55,-2033.45,-16895.24,838.09,10819.38,-4920.7,117.21,-917.67,-4803.49,-5721.16,,,
7461,971.1,2230.87,2897.16,275.18,148.94,-136.08,-2010.45,-16965.13,863.02,10774.09,-4892.81,120.57,-951.3,-4772.24,-5723.54,,,
7471,969.72,2281.03,2878.03,286.24,159.76,-134.65,-2019.72,-17070.86,838.63,10692.37,-4729.97,119.92,-1119.45,-4610.06,-5729.51,,,
7481,968.32,2344.56,2863.9,295.86,148.34,-144.76,-1999.82,-16974.39,857.31,10626.73,-4809.43,119.83,-1013.94,-4689.6,-5703.54,,,
7491,947.21,2254.46,2891.43,288.33,159.26,-143.99,-2016.79,-17003.57,841.59,10669.22,-4784.91,119.68,-1112.86,-4665.23,-5778.09,,,
7501,965.36,2238.54,2905.25,288.09,158.64,-130.41,-2049.02,-16961.08,842.89,10724.45,-4843.35,120.59,-1017.3,-4722.76,-5740.05,,,
7511,977.04,2243.26,2872.78,267.8,153.6,-124.91,-2024.97,-16981.07,834.54,10743.55,-4887.11,121.19,-1038.37,-4765.92,-5804.29,,,
7521,959.34,2273.37,2886.54,297.28,155.16,-134.59,-2063.96,-16896.95,828.92,10730.2,-4934.36,119.57,-964.68,-4814.79,-5779.47,,,
7531,1004.4,2287.86,2895.53,286.12,145.22,-120.32,-2054.54,-16780.74,827.11,10731.27,-5018.15,120.74,-778.09,-4897.41,-5675.51,,,
7541,966.78,2325.5,2894.13,288.23,162.83,-138.49,-2058.48,-17019.19,855.32,10763.98,-4838.08,115.98,-959.37,-4722.09,-5681.46,,,
7551,1000,2276.54,2894.13,292.75,134.31,-105.18,-2018.12,-16978.46,847.84,10636.74,-4833.13,119.07,-1019.45,-4714.07,-5733.52,,,
7561,897.97,2286.1,2918.15,284.63,157.13,-133.79,-2033.53,-16847.99,863.8,10742.73,-4953.69,117.07,-864.81,-4836.62,-5701.44,,,
7571,970.09,2231.6,2908.83,295.57,158.58,-119.28,-2045.38,-16982.56,843.7,10748.52,-4869.6,118.18,-990.32,-4751.42,-5741.74,,,
7581,949.15,2228.24,2877.83,285.15,144.91,-123.01,-2049.55,-16958.18,845.45,10754.17,-4892.77,119.6,-1045.84,-4773.17,-5819.01,,,
7591,971.25,2211.6,2900.32,289.33,152.89,-113.76,-2031.44,-16868.64,814.81,10761.13,-4989.44,120.41,-912.5,-4869.03,-5781.54,,,
7601,962.2,2239.1,2909.97,281.82,170.74,-118.99,-2047.65,-16857.22,842.34,10669.32,-4876.05,118.14,-948.38,-4757.91,-5706.29,,,
7611,953.32,2290.95,2887.12,286.61,159.25,-149.88,-2030.02,-16881.61,843.67,10776.83,-4957.52,121.06,-863.75,-4836.46,-5700.21,,,
7621,1014.54,2295.29,2907.91,294.89,153.45,-144.63,-2025.36,-16758.88,829,10640.47,-5008.89,121.87,-793.33,-4887.02,-5680.35,,,
7631,993.39,2304.23,2890.51,291.95,144.58,-139.25,-2019.94,-17042.43,847.61,10720.35,-4784.52,118.89,-1009,-4665.63,-5674.62,,,
7641,958.44,2263.15,2866.81,275.83,159.13,-148.83,-1989.1,-16904.03,823.73,10715.63,-4891.03,120.89,-979.23,-4770.14,-5749.37,,,
7651,1012.39,2264.54,2897.87,290.23,151.86,-139.73,-2015.69,-16898.86,816.85,10702.73,-4917.88,118.63,-917.82,-4799.24,-5717.06,,,
7661,960.86,2276.88,2923.69,282.46,143.96,-128.18,-1995.08,-17021.35,819.23,10690.91,-4789.16,118.06,-1046.63,-4671.1,-5717.72,,,
7671,963.73,2278.92,2899.61,279.96,144.4,-128.73,-1992.5,-17085.48,823.67,10711.74,-4787.27,122.74,-1104.69,-4664.53,-5769.22,,,
7681,951.2,2246.85,2870.02,289.12,148.76,-142.77,-2011.98,-17032.41,853.82,10788.51,-4827.24,119.93,-1038.88,-4707.3,-5746.18,,,
7691,990.04,2297.87,2873.84,266.98,142.41,-128.84,-2012.3,-17135.69,836.55,10710.87,-4675.42,120.61,-1158.28,-4554.82,-5713.09,,,
7701,999.89,2345.6,2886.3,297.36,148.08,-138.83,-2020.68,-16982.04,824.73,10689.91,-4850.9,120.37,-949.68,-4730.54,-5680.21,,,
7711,973.65,2202.2,2867.63,285.11,143.85,-126.91,-2025.24,-17122.72,833.9,10844.85,-4773.05,121.24,-1123.68,-4651.81,-5775.49,,,
7721,952.94,2230.45,2896.87,280.85,140.81,-136.13,-2037.55,-17109.69,862.41,10857.47,-4792.16,121.41,-1061.57,-4670.75,-5732.32,,,
7731,982.93,2190.5,2880.78,279.36,143.99,-138.53,-2022.62,-17021.46,848.08,10781.99,-4864.58,120.79,-1074.97,-4743.79,-5818.76,,,
7741,918.17,2270.22,2850.76,287.32,137.04,-131.64,-2005.18,-16842.75,843.66,10759.29,-4993.73,119.74,-913.13,-4873.99,-5787.12,,,
7751,948.12,2279.83,2845.09,277.81,148.57,-127.08,-1998.34,-16893.81,828.15,10760.29,-4963.91,119.24,-931.36,-4844.67,-5776.03,,,
7761,1002.09,2267.32,2926.33,280.06,162.64,-149.02,-2015.86,-16931.93,819.1,10751.47,-4913.69,118.93,-887.8,-4794.77,-5682.56,,,
7771,963.28,2267.47,2879.27,297.68,154.56,-151.23,-2003.14,-16973.62,832.86,10759.14,-4924.59,119.87,-973.72,-4804.71,-5778.44,,,
7781,974.83,2216.39,2876.81,282.54,151.31,-130.78,-2004.83,-17151.24,834.77,10699.16,-4717.96,119.5,-1251.05,-4598.46,-5849.51,,,
7791,985.13,2220.94,2914.69,282.24,151.62,-125.83,-1971.65,-17114.8,854.82,10796.6,-4781.35,121.09,-1006.24,-4660.26,-5666.5,,,
7801,954.98,2274.06,2896.8,277.99,149.13,-137.14,-2003.26,-16853.38,838.46,10671.9,-4935.06,120.32,-930.45,-4814.74,-5745.19,,,
7811,970.82,2261.36,2905.17,288.13,153.59,-136.38,-2033.77,-17067.16,824.54,10857.48,-4848.26,119.95,-976.22,-4728.31,-5704.53,,,
7821,966.51,2278.92,2888.03,283.24,154.15,-120.8,-2020.07,-16870.74,839.63,10692.46,-4947.28,119.25,-908.66,-4828.03,-5736.69,,,
7831,961.68,2239.88,2901.79,281.54,139.3,-118.68,-2036.98,-16910.72,844.54,10726.52,-4949.57,117.18,-971.14,-4832.39,-5803.53,,,
7841,986.71,2234,2882.03,294.07,152.44,-132.04,-2045.71,-17031.93,829.47,10785.55,-4857.81,117.17,-1045.41,-4740.65,-5786.06,,,
7851,992.33,2293.71,2912.15,298.98,160.6,-142.45,-2021.68,-17048.93,840.8,10830.61,-4876.31,117.72,-883.88,-4758.59,-5642.47,,,
7861,980.65,2292.27,2872.7,283.62,144.61,-152.51,-2022.48,-17004.55,830.71,10778.54,-4908.72,120.07,-996.44,-4788.65,-5785.09,,,
7871,970.42,2254.62,2874.11,286.02,153.62,-126.81,-2029.68,-17199.57,820.08,10872.75,-4767.51,119.66,-1124.44,-4647.86,-5772.3,,,
7881,982.67,2279.36,2902.29,290.92,144.15,-129.42,-1998.71,-17074.81,835.35,10824.51,-4873.22,120.59,-943.69,-4752.63,-5696.31,,,
7891,952.98,2294.08,2878.6,295.7,158.17,-150.72,-2012.75,-17160.23,848.04,10860.61,-4788.32,123.9,-1035.51,-4664.42,-5699.93,,,
7901,998.21,2218.73,2920.13,286.57,148.96,-129.93,-2023.19,-17094.72,843.48,10897.39,-4871.34,119.61,-934.37,-4751.73,-5686.1,,,
7911,938.62,2270.94,2902.61,288.87,160.42,-145.44,-2052.9,-17061.74,856.04,10952.4,-4921.87,120.29,-890.18,-4801.58,-5691.77,,,
7921,994.47,2268.53,2886.4,283.46,160.89,-131.6,-2007.33,-17000.79,827.55,10848.09,-4952.74,120.95,-870.33,-4831.79,-5702.12,,,
7931,980.06,2272.21,2873.29,281.7,137.23,-140.72,-2006.12,-16954.59,842.96,10764.96,-4935.53,120.68,-949.03,-4814.85,-5763.88,,,
7941,975.31,2338.9,2863.4,296.41,138.8,-130.83,-2031.63,-17154.99,829.3,10766.04,-4730.82,118.92,-1109.29,-4611.9,-5721.19,,,
7951,968.6,2205.19,2886.16,282.04,146.05,-119.54,-2033.86,-17008.74,824.23,10800.83,-4869.08,120.04,-1049.04,-4749.04,-5798.08,,,
7961,960.62,2327.46,2912.58,287.15,150.73,-148.78,-2043.54,-17056.67,832.22,10818.67,-4871.59,119.22,-959.56,-4752.36,-5711.93,,,
7971,963.69,2308.82,2903.69,287.42,147.91,-145.26,-1988.99,-17270.66,836.57,10833.64,-4697.9,120.59,-1123.16,-4577.31,-5700.48,,,
7981,960.76,2321.6,2871.8,291.77,151.57,-145.22,-2007.46,-17143.89,833.04,10792.13,-4752.52,120.7,-1073.91,-4631.82,-5705.74,,,
7991,1012.3,2284.49,2860.44,279.23,143.43,-151.11,-2032.49,-17346.54,814.55,10746.73,-4536.21,116.5,-1388.97,-4419.71,-5808.68,,,
8001,941.95,2244.82,2887.14,279.42,145.42,-124.66,-2047.06,-17343.14,800.84,10778.97,-4545.04,117.25,-1436.3,-4427.79,-5864.09,,,
8011,957.21,2280,2888.27,287.08,147.64,-161.49,-2060.62,-17255.01,839.61,10857.78,-4659.66,118.55,-1219.52,-4541.11,-5760.63,,,
8021,970.68,2304.05,2879.95,297.02,151.74,-135.98,-1986.77,-17196.49,837.62,10728.36,-4644.57,121.15,-1149.82,-4523.41,-5673.24,,,
8031,1001.01,2346.76,2862.46,293.96,161.17,-135.3,-2035.68,-17198.11,827.59,10742.49,-4673.2,121.49,-1133.64,-4551.7,-5685.35,,,
8041,962.46,2281.71,2877.99,288.52,136.18,-118.82,-2087.01,-17119.84,823.08,10771.33,-4704.96,119.18,-1184.39,-4585.78,-5770.17,,,
8051,952.21,2253.89,2880.28,283.96,161.22,-128.03,-1996.87,-17150.11,851.22,10863.39,-4789.79,121.43,-1028.84,-4668.36,-5697.2,,,
8061,950.78,2324.45,2861.46,285.11,150,-125.37,-1994.49,-16956.63,840.69,10774.5,-4921.79,121.16,-889.49,-4800.63,-5690.12,,,
8071,967.79,2261.96,2885.15,290.56,136.23,-139.7,-2025.93,-16966.91,843.6,10799.18,-4883.1,116.5,-948.07,-4766.59,-5714.67,,,
8081,975.43,2258.21,2842.75,281.82,149.95,-125.6,-2044.08,-17068.53,820.92,10885.12,-4850.82,117.14,-1024.01,-4733.68,-5757.69,,,
8091,1001.78,2240.44,2891.5,281.21,140.02,-127.26,-2007.38,-16927.79,823.56,10764.32,-4848.4,121.29,-919.61,-4727.11,-5646.72,,,
8101,970,2217.62,2886.59,278.64,146.82,-122.08,-2023.03,-17083.3,844.62,10722.55,-4761.78,120.26,-1161.56,-4641.52,-5803.08,,,
8111,940.8,2242.19,2876.34,280.33,153.75,-133.31,-1987.79,-17239.37,861.7,10847.05,-4703.29,119.11,-1158.31,-4584.17,-5742.49,,,
8121,982.97,2234.84,2881.03,272.3,152.86,-134.76,-2022.91,-17074.47,833.84,10884.52,-4852.51,121.45,-989.77,-4731.06,-5720.83,,,
8131,936.25,2302.39,2889.25,294.12,157.1,-130.17,-2028.83,-17009.85,840.95,10816.7,-4862.67,118.25,-932.08,-4744.43,-5676.51,,,
8141,948.34,2229.58,2844.84,275.56,148.42,-142.9,-2066.11,-16980.57,817.35,10791.42,-4866.76,118.16,-1134.07,-4748.6,-5882.67,,,
8151,1007.15,2198.18,2856.06,276,142.53,-139.96,-2009.97,-16950.8,840.45,10825.08,-4939.52,118.96,-955.27,-4820.56,-5775.83,,,
8161,964.78,2225.35,2898.55,278.9,145.4,-125.33,-2071.49,-16851.49,806.18,10761,-4946.68,120.68,-968.16,-4826,-5794.16,,,
8171,986,2242.98,2910.06,280.76,170.13,-132.98,-2051.97,-16728.14,852.36,10724.26,-5063.92,118.39,-746.53,-4945.53,-5692.06,,,
8181,981.37,2256.01,2906.31,279.5,146.98,-126.66,-2020.97,-16913.4,832.3,10702.16,-4894.78,120.06,-956.41,-4774.72,-5731.13,,,
8191,998.7,2160.12,2892.97,287.81,162.3,-143.74,-2013.41,-17151.34,837.54,10881.01,-4819.28,120.48,-1088.04,-4698.8,-5786.85,,,
8201,997.7,2200.09,2889.92,283.13,164.52,-131,-2016.47,-16892.76,823.13,10674.82,-4876.52,121.02,-1006.91,-4755.5,-5762.41,,,
8211,975.76,2275.04,2899.9,276.5,156.12,-142.52,-2004.29,-17094.19,822.77,10740.74,-4771.65,121,-1094.19,-4650.65,-5744.84,,,
8221,958.34,2216.9,2882.26,275.93,171.16,-131.32,-2004.75,-17113.48,828.28,10829.7,-4775.36,118.4,-1086.98,-4656.97,-5743.95,,,
8231,938.98,2270.84,2887.87,276.7,143.68,-139.9,-2034.12,-16939.92,860.91,10818.65,-4888.42,117.32,-916.33,-4771.11,-5687.43,,,
8241,990.32,2272.11,2891.09,292.15,147.66,-133.26,-2040.98,-16954.05,846.61,10836.18,-4926.72,118.13,-852.18,-4808.58,-5660.76,,,
8251,942.91,2311.32,2902.24,286.5,153.71,-129.12,-2030.42,-16832.86,845.76,10785.83,-5015.06,120.06,-764.12,-4895.01,-5659.13,,,
8261,1003.62,2256.66,2860.88,280.69,149.12,-127.07,-2037.49,-17035.87,824.42,10814.5,-4847.51,117.49,-1010.55,-4730.02,-5740.57,,,
8271,947.18,2216.04,2896.11,280.23,140.42,-135.46,-1978.98,-16942.29,851.08,10774.72,-4926.06,124.69,-950.95,-4801.37,-5752.32,,,
8281,997.45,2287.41,2876.69,289.78,147.09,-143.29,-2058.14,-17006.85,833.2,10824.32,-4892.03,120.88,-952.34,-4771.15,-5723.49,,,
8291,969.55,2279.31,2886.88,290.38,141.88,-133.02,-2029.32,-16979.32,839.02,10760.94,-4881.97,120.56,-973.69,-4761.42,-5735.11,,,
8301,957.26,2318.43,2897.33,280.54,148.58,-129.84,-2039.26,-16861.48,819.85,10745.36,-4970.58,121.81,-863.23,-4848.77,-5711.99,,,
8311,952.15,2162.31,2871.36,273.53,143.36,-133.38,-2014.24,-16866.97,859.92,10733.12,-4933.04,118.75,-1018.85,-4814.29,-5833.14,,,
8321,991.46,2236.79,2911.03,286.05,166.55,-133.88,-2053.65,-16917.19,845.95,10780.23,-4926.81,120.32,-886.67,-4806.49,-5693.16,,,
8331,972.09,2236.69,2896.98,282.52,162.23,-115.9,-2048.66,-17086.88,831.57,10932.09,-4882.54,120.4,-937.27,-4762.14,-5699.41,,,
8341,976.87,2273.31,2860.96,280.24,155.42,-136.11,-2039.29,-16829.73,831.05,10785.9,-5036.44,120.85,-841.37,-4915.6,-5756.97,,,
8351,974.97,2284,2885.53,283.24,152.16,-117.05,-2066.18,-17027.91,842.4,10760.47,-4835.42,117.82,-1028.38,-4717.6,-5745.98,,,
8361,985.43,2280.76,2851.67,294.35,170.62,-119.07,-2022.67,-17006.52,845.01,10754.84,-4832.96,117.51,-965.57,-4715.45,-5681.02,,,
8371,925.61,2280.38,2900.21,296.92,142.18,-138.34,-2006.39,-17066.69,827.52,10742.48,-4785.54,118.8,-1096.13,-4666.74,-5762.87,,,
8381,986.09,2259.47,2905.4,295.75,149.4,-127.74,-2024.41,-17118.61,827.15,10795.21,-4789.56,120.65,-1052.28,-4668.91,-5721.18,,,
8391,956.62,2222.21,2850.49,273.04,123.01,-127.39,-2022.75,-17168.39,837.1,10823.79,-4763.31,118.17,-1232.26,-4645.14,-5877.4,,,
8401,984.34,2306.11,2856.76,286.97,168.27,-139.18,-1998.13,-17027.76,808.57,10753.26,-4832.48,122.96,-1000.78,-4709.52,-5710.3,,,
8411,954.84,2217.12,2901.32,290,141.26,-127.57,-2043.62,-17129.44,846.54,10841.5,-4789.71,118.34,-1108.04,-4671.37,-5779.41,,,
8421,954.16,2276.22,2867.79,274.27,154.17,-122.87,-1985.25,-17364.53,826.14,10747.09,-4536.42,117.6,-1372.81,-4418.82,-5791.64,,,
8431,944.87,2286.99,2886.37,287.85,151.49,-122.77,-2015.57,-17150.04,846.81,10833.22,-4769.07,118.48,-1050.79,-4650.59,-5701.38,,,
8441,1000.24,2320.16,2886.84,292.68,158.35,-131.6,-2018.36,-17116.84,837.11,10737.04,-4749.96,118.89,-1034.38,-4631.07,-5665.45,,,
8451,919.44,2297.12,2881.12,287.44,146.31,-130.71,-2039.45,-17075.7,849.05,10846.94,-4825.17,119.67,-1018.44,-4705.5,-5723.94,,,
8461,977.15,2277.33,2853.56,290.93,145.66,-125.35,-1971.6,-17183.04,837,10854.28,-4774.46,123.09,-1044.09,-4651.36,-5695.45,,,
8471,978.71,2238.79,2894.72,283.95,150.04,-130.98,-2002.78,-17266.61,818.31,10836.73,-4649.81,119.44,-1199.11,-4530.38,-5729.48,,,
8481,991.63,2315.68,2889.05,291.35,154.7,-140.44,-2014.79,-17227.47,822.8,10771.32,-4668.94,120.38,-1146.18,-4548.56,-5694.74,,,
8491,969.24,2328.53,2918.19,281.83,143.95,-127.47,-1985.98,-17118.42,813.66,10724.79,-4731.06,119.14,-1051.69,-4611.92,-5663.61,,,
8501,989.28,2235.85,2915.49,274.4,163.92,-141.04,-1996.86,-17196.41,834.64,10778.1,-4719.58,118.35,-1142.62,-4601.23,-5743.86,,,
8511,946.58,2274.24,2868.42,283.13,132.14,-127.52,-2008.12,-17013.68,825.74,10837.82,-4897.07,119.35,-981.24,-4777.72,-5758.96,,,
8521,931.71,2299.42,2911.31,282.55,151.49,-146.71,-1994.44,-16929.87,845.39,10758.26,-4903.15,121.49,-890.89,-4781.66,-5672.55,,,
8531,993.5,2324.05,2859.13,299.98,150.98,-144.34,-2032.03,-17125.27,826.63,10694.65,-4718.06,120.02,-1152.72,-4598.04,-5750.76,,,
8541,970.06,2256.23,2888.07,285.94,148.62,-124.28,-2013.63,-17041.14,810.37,10760.54,-4796.99,119.37,-1059.21,-4677.62,-5736.83,,,
8551,970.2,2296.59,2916.38,280.68,134.81,-136.92,-2015.86,-17032.64,816.23,10776.8,-4844.21,118.12,-993.73,-4726.09,-5719.82,,,
8561,979.86,2302.3,2871.42,285.1,157.9,-117.02,-2009.49,-17186.14,833.36,10718.07,-4659,118.54,-1164.64,-4540.46,-5705.1,,,
8571,953.84,2256.83,2884.9,277.11,138.77,-127.39,-1979.56,-17203.42,835.28,10744.32,-4673.14,122.03,-1219.31,-4551.11,-5770.42,,,
8581,943.36,2229.95,2875.72,286.2,151.39,-127.54,-1986.88,-17107.85,857.57,10739.68,-4726.83,120.02,-1138.4,-4606.81,-5745.22,,,
8591,952.23,2241.1,2863.52,269.56,153.25,-118.34,-2013.82,-17321.63,836.02,10809.26,-4547.8,118.98,-1328.84,-4428.82,-5757.65,,,
8601,983.69,2259.59,2851.62,287.86,144.81,-124.46,-2005.23,-17174.38,845.86,10828.09,-4741.17,123.69,-1102.56,-4617.47,-5720.03,,,
8611,1014.94,2312.32,2862.77,293.66,138.34,-132.23,-2012.35,-17152.11,856.79,10717.51,-4705.78,121.64,-1100.36,-4584.14,-5684.51,,,
8621,973.86,2293.95,2852.1,292.52,150.94,-118.63,-2003.64,-17155.8,839.95,10807.65,-4764.87,119.95,-1067.1,-4644.92,-5712.02,,,
8631,941.34,2208.26,2934.66,280.62,166.18,-125.49,-1961.33,-17113.59,863.22,10741.31,-4768.23,120.54,-1064.82,-4647.69,-5712.51,,,
8641,960.34,2271.76,2844.07,285.69,160,-123.34,-2004.19,-17039.16,817.64,10702.77,-4805.64,118.4,-1124.43,-4687.24,-5811.67,,,
8651,971.68,2297.83,2892.77,287.42,143.01,-117.71,-1995.98,-17042.26,855.18,10726.85,-4789.03,121.72,-981.21,-4667.3,-5648.51,,,
8661,893.88,2335.89,2864.3,288.74,152.87,-107.69,-2058.26,-17044.22,814.12,10771.73,-4810.84,118.81,-1088.64,-4692.04,-5780.67,,,
8671,980.69,2211.92,2895.5,275.64,150.87,-117.08,-2015.45,-16679.83,826.06,10708.87,-5098.67,123.62,-762.8,-4975.05,-5737.85,,,
8681,953.81,2255.29,2846.77,285.76,155.35,-127.86,-2051.08,-16791.52,847.65,10756.11,-5003.75,120.88,-869.73,-4882.87,-5752.6,,,
8691,980.28,2244.54,2900.02,289.41,150.14,-135.97,-2062.8,-16775.07,835.92,10805.15,-5054.43,118.47,-768.37,-4935.96,-5704.33,,,
8701,985.24,2277.21,2902.96,284.62,144.17,-127.16,-2015.29,-16854.19,833.14,10800.3,-5006.97,121.02,-769.01,-4885.94,-5654.95,,,
8711,954.89,2249.8,2883.88,288.8,154.09,-114.41,-2020.61,-16995.55,833.54,10737.85,-4843.1,122.12,-1027.71,-4720.99,-5748.7,,,
8721,935.4,2216.13,2891.1,294.49,154.08,-133.94,-2021.68,-17173.88,855.9,10873.05,-4767.87,117.01,-1109.35,-4650.87,-5760.22,,,
8731,999.26,2235.11,2870.06,288.92,148.4,-137.22,-2019.29,-17016.61,831.58,10738.64,-4847.98,118.47,-1061.15,-4729.51,-5790.67,,,
8741,960.77,2286.21,2890.88,296.91,136.39,-123.32,-2035.47,-17058.03,833.27,10764.65,-4817.3,118.99,-1047.73,-4698.3,-5746.04,,,
8751,967.85,2245.57,2890.44,278.55,161.94,-123.16,-2031.35,-17146.4,839.44,10847.3,-4779.21,118.45,-1069.82,-4660.76,-5730.58,,,
8761,986.62,2205.17,2848.47,289.03,156.92,-112.68,-2079.22,-17054.24,829.69,10838.57,-4782.82,116.93,-1091.67,-4665.9,-5757.56,,,
8771,984.6,2286.29,2860.11,274.91,152.81,-124.44,-2061.63,-16828.81,850.51,10786.12,-5027.42,119.44,-819.54,-4907.99,-5727.52,,,
8781,978.09,2233.18,2880.11,282.5,160.37,-101.3,-2032.68,-16899.79,835.48,10697.74,-4911.33,119.88,-966.31,-4791.45,-5757.76,,,
8791,963.51,2250.46,2922.3,292.56,145.1,-124.03,-2025.95,-16667.48,837.84,10683.72,-5147.22,123.87,-721.97,-5023.35,-5745.32,,,
8801,980.83,2273.93,2870.35,283.43,150.37,-117.74,-2040.46,-16745.26,823.23,10758.76,-5141.1,124.24,-762.57,-5016.87,-5779.44,,,
8811,979.75,2257.79,2877.78,288.21,165.1,-126.67,-2020.96,-16861.87,832.56,10805.52,-5006.16,122.41,-802.8,-4883.75,-5686.55,,,
8821,904.1,2214.62,2896.38,278.25,166.27,-126.61,-2043.01,-16905.42,859.76,10896.66,-5024.27,124.97,-859,-4899.3,-5758.3,,,
8831,998.48,2225.88,2904.69,272.07,154.86,-120.99,-2031.54,-16666.54,823.82,10723.56,-5116.2,121.22,-715.69,-4994.98,-5710.67,,,
8841,963.88,2241,2874.03,277,149.02,-122.58,-2016.88,-16898.68,863.23,10855.13,-4990.29,120.73,-814.86,-4869.55,-5684.41,,,
8851,956.49,2219.77,2884.46,294.18,148.41,-110.55,-2025.04,-16991.06,857.21,10902.17,-4970.05,122.26,-863.96,-4847.8,-5711.75,,,
8861,1035.09,2265.26,2892.96,281.47,151.46,-128.94,-2022.59,-16697.17,807.72,10761.1,-5149.78,123.83,-653.62,-5025.95,-5679.57,,,
8871,946.23,2256.35,2893.55,275.25,151.28,-124.42,-2020.2,-16835.6,841.89,10793.96,-5025,121.95,-821.7,-4903.05,-5724.75,,,
8881,969.91,2304.99,2890.84,293.31,153.72,-128.42,-2001.91,-16825.44,846.89,10676.48,-4995.37,122.31,-819.62,-4873.06,-5692.68,,,
8891,954.27,2269.55,2867.2,291.09,145.83,-135.53,-2002.27,-16803.95,841.49,10768.12,-5079.82,123.14,-804.19,-4956.68,-5760.87,,,
8901,993.24,2273.64,2894.27,290.12,153.35,-152.06,-1993.34,-16849.25,866.05,10791.3,-5025.04,123.68,-732.69,-4901.36,-5634.05,,,
8911,964.37,2291.57,2830.77,301.81,146.03,-131.49,-2006.27,-16871.7,836.26,10816.02,-5034.08,120.42,-822.62,-4913.65,-5736.28,,,
8921,927.15,2262.15,2890.04,276.83,149.25,-116.12,-2045.68,-17005.5,814.31,10890.36,-4937.51,124.75,-957.19,-4812.76,-5769.95,,,
8931,965.67,2327.24,2857.79,286.26,157.61,-126.86,-2045.79,-16890.32,817.2,10775.1,-4955.89,123.76,-876.1,-4832.13,-5708.23,,,
8941,999.08,2272.3,2883.1,290.57,146.53,-130.88,-2026.51,-16941.56,863.47,10803.16,-4902.87,121.86,-840.74,-4781.01,-5621.75,,,
8951,959.62,2282.79,2881.65,288.08,141.3,-143.44,-2013.39,-16768.88,842.17,10741.61,-5039.12,123.43,-788.49,-4915.69,-5704.17,,,
8961,984.12,2290.76,2893.37,297.63,157.59,-138.63,-2009.28,-16963.92,852.33,10747.32,-4864.31,121.58,-888.7,-4742.74,-5631.44,,,
8971,980.75,2256.84,2885.57,291.98,147.03,-134.82,-2033.88,-16895.66,842.4,10764.16,-4930.09,121.85,-895.63,-4808.24,-5703.87,,,
8981,957.4,2294.79,2859.91,282.69,152.64,-113.25,-2030.07,-16819.53,813.97,10794.31,-5042.75,123.67,-807.16,-4919.08,-5726.24,,,
8991,992.22,2296.09,2852.43,286.5,140.51,-108.32,-2005.97,-16743.58,823.52,10753.91,-5082,124.99,-712.68,-4957.01,-5669.69,,,
9001,965.95,2274.79,2884.77,279.62,154.03,-134.45,-2037.27,-16793.64,849.42,10780.81,-5061.43,122.63,-775.96,-4938.8,-5714.76,,,
9011,1014.15,2318.89,2894.86,290.89,150.14,-128.6,-2035.77,-16871.34,834.41,10754.11,-4950.97,121.47,-778.26,-4829.5,-5607.76,,,
9021,968.07,2209.06,2883.29,285.19,145.89,-143.14,-2040.71,-16816.1,808.48,10808.26,-5012.24,120.85,-891.72,-4891.39,-5783.11,,,
9031,960.71,2249.69,2862.67,267.89,140.59,-110.75,-2024,-17012.79,825.9,10828.09,-4883.26,119.82,-1011.99,-4763.44,-5775.43,,,
9041,964.63,2279.13,2826.64,291.53,150.06,-125.16,-2032.07,-16911.8,835.87,10750.36,-4928.22,122.55,-970.83,-4805.66,-5776.49,,,
9051,988.13,2202.46,2883.58,290.52,153.32,-137.16,-2004.65,-16736.75,832.29,10829.25,-5130.52,122.55,-699.02,-5007.97,-5706.99,,,
9061,1014.68,2237.92,2881.78,292.3,149.44,-141.35,-2015.96,-16985.5,840.46,10764.35,-4877.75,118.69,-961.88,-4759.06,-5720.94,,,
9071,999.67,2280.23,2867.87,288.1,147.67,-130.4,-2032.24,-17186.83,818.2,10791.44,-4716.83,119.79,-1156.28,-4597.04,-5753.32,,,
9081,949.6,2291.79,2902.67,281.98,150.29,-153.17,-2019.51,-17017.04,838.41,10778.6,-4856.25,119.09,-996.39,-4737.15,-5733.54,,,
9091,974.03,2266.52,2876.07,290.07,143.37,-145.14,-2026.87,-17246.73,834.82,10796.39,-4635.91,117.05,-1237.46,-4518.86,-5756.32,,,
9101,1018.1,2230.05,2890.84,295.38,150.84,-133.59,-1991.56,-17180.16,853.56,10763.46,-4707.46,119.32,-1103.09,-4588.14,-5691.23,,,
9111,968.16,2264.45,2884.85,280.79,142.58,-166.58,-2030.57,-17094.18,824.86,10762.02,-4751.25,119.26,-1163.62,-4631.99,-5795.6,,,
9121,1031.87,2195.73,2913.46,288.36,153.44,-142.62,-1995.44,-16765.97,846.99,10733.75,-5040.15,123.26,-740.41,-4916.89,-5657.3,,,
9131,935.71,2280.64,2873.8,288.12,156.73,-147.32,-1992.71,-17031.06,859.58,10828.28,-4892.7,119.9,-948.23,-4772.8,-5721.03,,,
9141,970.66,2284.04,2854.48,279.01,150.13,-140.91,-2010.2,-16987.76,840.38,10766.08,-4864.64,122.34,-994.1,-4742.3,-5736.4,,,
9151,923.94,2276.23,2897.63,283.59,148.8,-118.98,-2022.63,-16914.23,848.28,10726.24,-4881.44,121.27,-951.12,-4760.17,-5711.29,,,
9161,972.95,2282.33,2873.38,275.22,153.49,-120.25,-2013.4,-16947.25,832.84,10769.12,-4906.52,120.69,-921.57,-4785.83,-5707.4,,,
9171,978.02,2245.26,2906.87,290.87,135.61,-133.37,-2046.66,-17050.62,807.58,10789.89,-4849.85,118.15,-1076.54,-4731.7,-5808.24,,,
9181,934.92,2293.67,2894.85,271.38,156.64,-135.8,-2033.23,-16863.73,859.55,10763.56,-4990.35,120.44,-858.19,-4869.91,-5728.1,,,
9191,1036.26,2269.15,2869.2,296.25,159.24,-133.74,-2043.03,-16744.22,798.27,10688.69,-5046.94,120.19,-803.93,-4926.75,-5730.68,,,
9201,969.24,2304.59,2887.88,292.03,167.28,-116.18,-2021.21,-16872.98,836.1,10801.06,-4970.95,117.05,-752.2,-4853.9,-5606.1,,,
9211,964.21,2309.01,2857.59,295.68,147.56,-118.33,-2006.9,-17046.55,850.01,10757.39,-4826.54,119.31,-990.33,-4707.23,-5697.55,,,
9221,983.09,2300.23,2843.27,296.98,164.25,-125.58,-2033.31,-16946.29,812.15,10818.33,-4919.8,123.01,-886.88,-4796.78,-5683.67,,,
9231,957.14,2235.31,2870.99,284.88,170.64,-114.03,-2032.01,-16992.13,858.44,10827.82,-4894.86,116.19,-932.95,-4778.67,-5711.62,,,
9241,954,2215.19,2867.34,285.16,153.03,-131.32,-2019.17,-16927.56,845.47,10836.11,-4985.89,120.15,-921.76,-4865.74,-5787.5,,,
9251,985.36,2249.75,2878.18,290.7,144.69,-126.76,-2038.71,-16925.33,873.04,10707.91,-4859.28,117.54,-961.17,-4741.74,-5702.91,,,
9261,988.73,2286.51,2883.85,276.1,151.38,-114.56,-2026.94,-17063.09,837.26,10759.85,-4791.67,117.91,-1020.9,-4673.76,-5694.65,,,
9271,989.61,2245.32,2881.29,274.94,161.19,-149.69,-2059.36,-17078.29,827.41,10747.9,-4735.85,119.81,-1159.67,-4616.04,-5775.71,,,
9281,947.27,2218.63,2863.93,280.54,149.29,-130.33,-2044.85,-16901.68,838.22,10928.08,-5032.04,120.46,-850.88,-4911.58,-5762.46,,,
9291,922.11,2267.7,2860.95,280.03,141.44,-106.09,-2024.6,-17004.97,852.6,10846.07,-4897.95,118.23,-964.76,-4779.72,-5744.48,,,
9301,1000.45,2301.68,2853.99,293.53,168.75,-118.69,-2011.26,-16879.52,839.93,10717.17,-4953.67,120.54,-833.97,-4833.14,-5667.11,,,
9311,923.91,2291.62,2881.56,288.09,136.07,-135.63,-2022.57,-17070.36,814.98,10833.79,-4844.35,117.61,-1058.54,-4726.74,-5785.28,,,
9321,997.14,2292.99,2906.36,286.99,138.06,-133.65,-2035.28,-16869.57,853.9,10726.14,-4955.49,120.57,-836.93,-4834.92,-5671.85,,,
9331,899.85,2249.27,2873.04,283.87,152.51,-119.79,-2043.75,-16860.76,847.63,10806.96,-4942.13,120.09,-911.17,-4822.04,-5733.22,,,
9341,959.87,2274.07,2872.06,281.82,166.57,-137.97,-2028.96,-16901,838.72,10767.91,-4966.95,121.19,-906.91,-4845.76,-5752.68,,,
9351,982.25,2220.37,2908.66,282.16,143.65,-141.9,-2044.02,-16814.4,836.6,10698.83,-4950.46,120.23,-927.8,-4830.23,-5758.02,,,
9361,960.9,2225.57,2891.28,270.43,144.54,-116.62,-2043.05,-17026.1,842.25,10811.74,-4881.87,120.39,-1039.05,-4761.48,-5800.53,,,
9371,987.92,2268.42,2852.65,290.21,155.24,-112.47,-2038.83,-16956.89,819.48,10720.91,-4846.1,118.8,-1013.37,-4727.3,-5740.67,,,
9381,980.77,2247.75,2893.56,273.03,145.69,-134.11,-2033.33,-16963.46,819.38,10734.72,-4844.53,119.72,-1036,-4724.81,-5760.81,,,
9391,939.6,2227.26,2863.8,280.31,151.68,-111.67,-2039.92,-16993.62,817.49,10734.09,-4838.08,117.89,-1130.97,-4720.19,-5851.16,,,
9401,979.76,2226.18,2878.58,282.86,145.38,-145.71,-2025.67,-17069.14,807.99,10772.84,-4789.8,119.47,-1146.93,-4670.33,-5817.26,,,
9411,1003.98,2258.63,2890.52,281.98,149.58,-152.34,-2040.86,-17040.42,803.62,10712.61,-4783.28,118.48,-1132.7,-4664.8,-5797.5,,,
9421,992.78,2295.54,2906.63,278.61,149.39,-135.38,-2043.4,-17159.05,811.56,10777.07,-4705.25,119.19,-1126.23,-4586.06,-5712.29,,,
9431,971.52,2301.92,2870.49,287.32,154.57,-145.72,-2041.45,-17074.05,815.67,10755.15,-4782.65,116.89,-1104.57,-4665.76,-5770.33,,,
9441,978.29,2276.43,2877.06,285.61,137.65,-128,-2057.32,-17077.12,831.93,10877.32,-4867.76,117.63,-998.15,-4750.13,-5748.28,,,
9451,916.12,2241.24,2891.04,281.47,148.94,-107.65,-2023.71,-17226.32,845.15,10856.12,-4708.98,117.13,-1177.61,-4591.85,-5769.46,,,
9461,925.46,2258.11,2900.44,280.51,146.73,-126.33,-2056.52,-17015.3,854.46,10773.11,-4842.52,120.25,-1059.34,-4722.27,-5781.62,,,
9471,983.72,2261.02,2879.51,291.85,142.34,-133.93,-2028.23,-17010.01,856.51,10766.15,-4829.33,119.62,-991.07,-4709.71,-5700.78,,,
9481,951.51,2226.94,2859.22,271.49,139.49,-115.88,-2042.92,-16971.08,837.4,10802.03,-4900.03,119.73,-1041.81,-4780.3,-5822.11,,,
9491,943.63,2284.1,2911.51,294.58,166.77,-136.75,-2060.3,-17162.95,823.41,10740.64,-4651.87,116.32,-1195.37,-4535.55,-5730.91,,,
9501,975.5,2324.83,2905.27,294.48,146.79,-131.56,-2058.68,-16974.5,818.22,10654.87,-4761.54,118.23,-1044.78,-4643.31,-5688.09,,,
9511,966.22,2275.19,2891.59,293.66,142.98,-130.82,-2004.08,-17107.11,855.97,10790.52,-4789.82,120.18,-1025.87,-4669.63,-5695.5,,,
9521,932.17,2267.41,2886.18,292.95,144.01,-137.76,-2048.51,-17077.86,829.94,10762.03,-4727.67,115.96,-1149.42,-4611.71,-5761.13,,,
9531,1003.04,2304.4,2863.7,302.46,146.16,-125.29,-2047.62,-17126.53,812.39,10739.4,-4679.52,118.38,-1127.89,-4561.14,-5689.02,,,
9541,961.02,2309.9,2883.15,299.05,169.13,-119.6,-2004.76,-17221.61,862.16,10809.58,-4669,121.29,-1051.99,-4547.72,-5599.7,,,
9551,971.82,2271.22,2895.38,279.14,152.75,-127.26,-2078.98,-16969.45,847.47,10814.91,-4854.31,118.76,-943,-4735.55,-5678.54,,,
9561,941.73,2262.75,2887.57,288.14,156.92,-134.37,-2062.25,-17015.22,870.66,10802.31,-4813.45,119.28,-1001.76,-4694.17,-5695.93,,,
9571,918.17,2260.08,2879.47,269.64,155.46,-144.89,-2036.84,-16876.72,863.46,10657.09,-4910.62,119.54,-1055.08,-4791.08,-5846.16,,,
9581,966.77,2324.37,2874.97,283.37,140.18,-135.89,-2040.18,-17092.65,827.3,10773.31,-4752.56,117.26,-1078.43,-4635.31,-5713.74,,,
9591,982.49,2350.16,2859.24,281.93,148.13,-129.32,-1983.18,-17049.07,828.87,10668.73,-4777.73,118.73,-1042.02,-4658.99,-5701.01,,,
9601,976.39,2263.45,2889.83,282.18,156.87,-116.39,-2015.11,-17129.14,829.01,10735.95,-4719.37,115.52,-1126.95,-4603.85,-5730.8,,,
9611,924.87,2222.55,2879.21,268.1,139.31,-139.78,-2018.63,-17002.17,838.56,10753.12,-4813.21,118.77,-1134.86,-4694.44,-5829.3,,,
9621,949.71,2229.49,2910.41,283.31,132.33,-129.61,-2028,-16870.49,835.14,10694.51,-4930.81,119.62,-993.21,-4811.18,-5804.39,,,
9631,995.28,2329.28,2881.62,295.05,144.06,-150.41,-2006.89,-16991.37,805.08,10753.87,-4845.93,121.93,-944.45,-4724,-5668.44,,,
9641,930.03,2309.05,2886.55,286.45,171.29,-132.34,-1999.23,-16964.51,829.32,10683.01,-4851.99,119.99,-1000.39,-4732,-5732.39,,,
9651,972.15,2221.38,2903.97,284.58,143.55,-152.91,-2010.77,-16985.1,846.07,10763.53,-4884.03,118.38,-1013.55,-4765.65,-5779.2,,,
9661,971.39,2197.48,2890.23,281.16,135.74,-143.35,-2021,-17011.28,851.4,10763.7,-4860,118.51,-1084.52,-4741.49,-5826.01,,,
9671,951.71,2266.03,2877.22,291.67,156.82,-139.45,-2018.43,-16993.26,850.35,10779.27,-4870.51,119.39,-978.08,-4751.12,-5729.2,,,
9681,984.16,2275.74,2889.02,284.11,169.57,-133.08,-2051.45,-17018.73,808.56,10630.15,-4754.29,117.9,-1161.95,-4636.39,-5798.34,,,
9691,956.47,2270.52,2911.64,296.97,153.33,-143.99,-2002.31,-17062.23,851.14,10764.45,-4809.28,115.46,-1003.99,-4693.82,-5697.81,,,
9701,973.76,2238.79,2907.78,282.78,151.9,-130.09,-2051.51,-16928.24,831.37,10640.98,-4819.52,116.9,-1082.48,-4702.62,-5785.1,,,
9711,984.62,2304.48,2905.02,286.99,143.83,-138.84,-2050.59,-16920.54,818.97,10669.91,-4870.76,119.16,-996.14,-4751.6,-5747.74,,,
9721,974.85,2295.77,2866.41,282.97,149.77,-139.5,-2027.49,-17224.42,832.04,10714.92,-4615.88,115.31,-1274.68,-4500.57,-5775.25,,,
9731,971.59,2275.65,2883.93,286.67,155.32,-137.42,-2033.12,-17082.27,821.69,10749.41,-4764.51,116.82,-1108.57,-4647.69,-5756.26,,,
9741,968.17,2239.36,2880.75,279.54,141.13,-127.83,-2062.06,-17071.62,841.86,10720.13,-4736,118.13,-1190.57,-4617.87,-5808.44,,,
9751,989.1,2260.44,2884.34,291.65,155.28,-127.24,-2016.69,-17193.14,845.48,10711.11,-4650.46,114.24,-1199.69,-4536.22,-5735.91,,,
9761,951.84,2241.61,2867.25,289.94,144.75,-152.72,-2050.93,-16889.28,828.14,10770.6,-4945.53,115.78,-998.81,-4829.75,-5828.56,,,
9771,1019.26,2241.16,2893.36,274.02,167.06,-115.43,-2043.15,-16789.89,826.98,10605.66,-4940.4,119.23,-920.97,-4821.16,-5742.13,,,
9781,982.56,2301.38,2931.02,293.97,148.24,-156.95,-2046.73,-16722.6,842.47,10643.47,-5004.43,118.16,-783.16,-4886.27,-5669.42,,,
9791,969.05,2241.99,2942.13,274.31,142.72,-143.43,-2048.79,-16969.09,826.21,10735.84,-4867.69,116.64,-1029.06,-4751.05,-5780.12,,,
9801,954.02,2193.89,2903.81,272.94,149.55,-121.62,-1990.31,-17032.1,832.13,10747.46,-4823.71,116.76,-1090.23,-4706.95,-5797.18,,,
9811,990.59,2198.2,2926.98,278.18,144.64,-143.85,-2024.49,-17120.4,834.09,10713.48,-4707.37,114.44,-1202.61,-4592.93,-5795.53,,,
9821,990.38,2238.81,2886.58,295.56,145.17,-126.52,-2001.11,-17186.98,847.6,10635.6,-4630.49,118.41,-1274.9,-4512.08,-5786.98,,,
9831,947.63,2237.5,2880.36,289.46,144.88,-127.07,-2009.35,-17318.9,850.7,10787.14,-4595.36,115.42,-1317.64,-4479.94,-5797.58,,,
9841,1010.26,2297.34,2894.98,291.99,155.54,-139.2,-2027.6,-17274.3,820.35,10723.88,-4632.16,113.59,-1246.76,-4518.57,-5765.32,,,
9851,988.5,2308.19,2911.71,301.49,157.42,-140.9,-2099.27,-16916.02,832.99,10669.68,-4864.17,113.42,-986.22,-4750.76,-5736.98,,,
9861,982.67,2273.73,2909.68,286.65,148.07,-132.45,-2047.55,-17110.33,813.59,10798.76,-4779.05,117.66,-1077.17,-4661.39,-5738.57,,,
9871,957.96,2215.14,2887.65,274.35,160.81,-135.02,-2069.16,-17158.06,856.8,10796.35,-4665.74,112.16,-1213.17,-4553.59,-5766.75,,,
9881,946.86,2238.89,2878.15,290.37,154,-133.2,-2068.97,-17126.09,818.5,10744.65,-4689.38,113.88,-1256.86,-4575.5,-5832.35,,,
9891,963.64,2351.23,2893.87,288.1,157.98,-152.6,-2020.73,-17116.32,833.2,10710.52,-4732.52,115.6,-1091.12,-4616.92,-5708.03,,,
9901,989.84,2291.64,2888.5,294.9,151.82,-134.36,-2032.29,-17169.55,821.42,10761.95,-4714.26,115.21,-1136.13,-4599.05,-5735.18,,,
9911,995.13,2241.14,2914.58,284.48,149.9,-139.16,-2014.49,-17191.68,811.58,10708.06,-4657.76,117.76,-1240.46,-4540.01,-5780.47,,,
9921,929.03,2246.35,2903.53,279.74,155.32,-131.39,-2039.19,-17102.72,825.04,10828,-4801.97,116.09,-1106.3,-4685.89,-5792.19,,,
9931,999.89,2250.78,2898.5,291.44,137.93,-140.11,-2023.14,-16954.29,839.31,10699.18,-4838.05,117.25,-1000.51,-4720.8,-5721.3,,,
9941,972.05,2285.27,2882.66,287.08,152.86,-128.31,-2035.07,-17249.56,835.77,10816.07,-4663.85,115.84,-1181.18,-4548.02,-5729.2,,,
9951,959.54,2272.83,2885.94,291.56,140.49,-151.3,-2027.44,-17154.04,819.4,10822.6,-4782.39,118.42,-1140.41,-4663.98,-5804.38,,,
9961,938.44,2271.8,2904.71,286.98,152.9,-148.83,-2018.48,-17091.21,836.13,10773.05,-4806.29,119.06,-1094.5,-4687.23,-5781.73,,,
9971,946.06,2241.51,2898.74,281.26,153.65,-120.59,-2075.91,-16930.71,828.02,10875.63,-4973.69,119.68,-902.32,-4854,-5756.33,,,
9981,954.82,2307.94,2857.74,293.39,145.48,-119.71,-2040.08,-16990.25,824.13,10697.98,-4815.95,115.68,-1068.56,-4700.27,-5768.83,,,
9991,955.61,2317.36,2879.59,275.15,150.25,-138.25,-2055.64,-16959.25,817.91,10790.49,-4889.9,116.86,-966.76,-4773.04,-5739.8,,,
10001,962.42,2257.02,2889.06,281.49,132.59,-154.73,-2020.07,-17016.87,869.58,10722.47,-4828.54,115.06,-1077.04,-4713.48,-5790.53,,,
,,,,,,,,,,,,,,,,,,
Ligand Energy Terms,,,,,,,,,,,,,,,,,,
Frame #,BOND,ANGLE,DIHED,UB,IMP,CMAP,VDWAALS,EEL,1-4 VDW,1-4 EEL,EGB,ESURF,GGAS,GSOLV,TOTAL,,,
1,12.57,60.23,-0.4,0,0.02,0,0.2,-4.79,13.87,36.87,-7.35,4.39,118.57,-2.96,115.61,,,
11,20,52.25,-4.87,0,0.06,0,5.54,-5.25,11.28,37.11,-7.87,4.45,116.13,-3.41,112.71,,,
21,14.01,49.66,0.17,0,0.08,0,1.38,-5.62,13.03,38.12,-6.97,4.4,110.83,-2.57,108.26,,,
31,8.74,56.2,0.54,0,0.05,0,1,-5.75,13.59,38.6,-7.25,4.4,112.97,-2.85,110.12,,,
41,15.1,49.3,-2.3,0,0.04,0,-1.34,-5.27,12.19,37.99,-7.43,4.42,105.72,-3.01,102.71,,,
51,10.28,54.36,1.76,0,0.02,0,1.07,-6.15,14.03,38.91,-7.63,4.4,114.28,-3.22,111.06,,,
61,17.91,54.72,-4.29,0,0.02,0,3.38,-4.57,15.03,36.51,-6.7,4.41,118.71,-2.29,116.42,,,
71,19.88,45.79,-1.47,0,0.02,0,2.64,-5.81,13.22,37.74,-7.55,4.41,112.02,-3.14,108.89,,,
81,11.38,53.6,-1.75,0,0.03,0,1.38,-5.52,13.27,38.11,-7.51,4.36,110.5,-3.15,107.35,,,
91,16.21,59.37,-2.77,0,0.05,0,1.03,-5.4,14.28,38.08,-7.43,4.42,120.84,-3.01,117.83,,,
101,15.7,49.6,0.26,0,0.02,0,1.85,-5.64,13.68,38.04,-7.59,4.34,113.53,-3.26,110.27,,,
111,11.93,52.82,-4.33,0,0.02,0,0.67,-5.5,11.96,37.81,-7.27,4.41,105.38,-2.86,102.51,,,
121,10.62,56.91,-1.87,0,0.03,0,1.53,-6.02,13.3,38.58,-7.2,4.39,113.09,-2.81,110.27,,,
131,16.31,51.77,-2.44,0,0.04,0,2.78,-5.92,12.89,38.55,-7.62,4.33,113.98,-3.28,110.7,,,
141,9.5,48.63,0.91,0,0.05,0,-0.3,-5.55,15.86,38.59,-7.4,4.37,107.7,-3.02,104.67,,,
151,12.47,54.04,-0.84,0,0.01,0,2.04,-5.58,12.84,38.05,-7.38,4.32,113.02,-3.06,109.96,,,
161,16.58,51.81,-1.75,0,0.09,0,-1.91,-5.6,13.77,38.31,-6.8,4.37,111.3,-2.43,108.87,,,
171,9,55.69,-2.39,0,0.03,0,2.37,-5.48,13.12,37.96,-7.18,4.29,110.29,-2.88,107.41,,,
181,13.24,52.32,-1.88,0,0.01,0,-0.4,-6.21,14.71,39.29,-6.91,4.34,111.07,-2.57,108.5,,,
191,14.74,56.89,-0.76,0,0.05,0,-2.2,-5.33,15.21,37.87,-6.84,4.38,116.47,-2.46,114.01,,,
201,15.87,56.4,-2.5,0,0.01,0,2.62,-5.94,13.07,38.51,-6.85,4.31,118.04,-2.55,115.5,,,
211,13.25,55.37,-1.84,0,0.03,0,-4.18,-5.04,10.43,36.98,-7.39,4.36,105.01,-3.03,101.98,,,
221,11.04,61.76,0.59,0,0.03,0,-0.15,-5.7,15.95,38.12,-7.21,4.37,121.64,-2.84,118.8,,,
231,15.7,62.93,-2.18,0,0.02,0,-2.57,-5.54,14.26,37.8,-7.27,4.42,120.43,-2.86,117.57,,,
241,14.77,45.77,-1.03,0,0.01,0,-1.34,-4.57,14.13,36.51,-7.14,4.43,104.24,-2.71,101.52,,,
251,16.6,48.92,-0.02,0,0.06,0,-0.41,-4.68,14.86,36.76,-6.91,4.41,112.1,-2.5,109.6,,,
261,12.1,59.77,-1.83,0,0.01,0,0.9,-4.87,14.64,36.93,-6.68,4.35,117.64,-2.33,115.32,,,
271,12.48,58.86,-4.17,0,0.01,0,-0.69,-4.52,16.95,37,-7,4.37,115.92,-2.63,113.29,,,
281,17.84,48.27,-2.95,0,0.05,0,-0.11,-5,13.91,37.81,-6.73,4.39,109.81,-2.34,107.47,,,
291,16.16,52.99,0.47,0,0.02,0,2.83,-4.76,12.22,36.61,-7.58,4.38,116.54,-3.21,113.33,,,
301,11.72,59.1,-2.06,0,0.03,0,-1.4,-4.72,13.81,37,-7.46,4.41,113.48,-3.05,110.43,,,
311,18.49,43.38,0.54,0,0.02,0,-1.01,-4.85,14.16,36.96,-7,4.37,107.7,-2.62,105.08,,,
321,15.41,46.56,-3.07,0,0.01,0,1.23,-4.79,13.63,36.42,-7.7,4.43,105.4,-3.27,102.13,,,
331,17.44,41.55,-3.15,0,0,0,0.2,-5.29,14.19,37.58,-7.62,4.39,102.52,-3.23,99.3,,,
341,17.99,44.58,-0.33,0,0.01,0,3.54,-4.48,11.56,36.61,-7.46,4.42,109.48,-3.04,106.44,,,
351,15.62,42.71,-1.23,0,0.02,0,3.84,-4.48,14.64,36.13,-7.04,4.41,107.24,-2.64,104.61,,,
361,14.51,56.04,-2.05,0,0.04,0,0.57,-4.51,12.36,36.19,-7.34,4.44,113.15,-2.9,110.25,,,
371,18.5,44.24,-3.72,0,0.04,0,-0.17,-4.77,11.85,36.74,-7.19,4.38,102.71,-2.81,99.9,,,
381,17.53,45.72,0.44,0,0.01,0,-2.54,-4.42,11.7,36.25,-7.57,4.45,104.69,-3.12,101.58,,,
391,15.12,49.68,-2.08,0,0.02,0,1.76,-4.5,12.15,36.34,-7.59,4.38,108.48,-3.22,105.26,,,
401,10.88,46.86,0.51,0,0.03,0,-0.22,-4.66,13.9,36.76,-7.43,4.41,104.06,-3.02,101.04,,,
411,15.24,47.3,-0.64,0,0.03,0,0.12,-4.9,13.74,37.72,-6.87,4.37,108.61,-2.5,106.12,,,
421,19.2,44.92,-2.58,0,0,0,-1.49,-4.5,14.38,36.08,-7.22,4.4,106,-2.82,103.18,,,
431,10.33,53.04,-1.57,0,0.01,0,-2,-4.84,16.27,37.44,-6.93,4.38,108.68,-2.56,106.13,,,
441,12.81,55.5,0.04,0,0.02,0,2.22,-4.97,14.77,36.96,-7.13,4.37,117.33,-2.75,114.58,,,
451,11.87,48.14,-1.84,0,0.05,0,6.62,-4.73,13.92,36.83,-7.38,4.39,110.84,-2.99,107.85,,,
461,16.34,56.07,1.04,0,0.05,0,-2.57,-4.86,13.13,36.87,-7.65,4.41,116.07,-3.23,112.84,,,
471,16.77,48.98,-1.66,0,0.01,0,-3.23,-4.74,13.71,37.12,-7.12,4.37,106.96,-2.74,104.22,,,
481,16.13,52.38,-2.11,0,0.01,0,2.54,-4.45,14.71,36.19,-7.24,4.43,115.4,-2.81,112.59,,,
491,13.65,52.43,-3.38,0,0.01,0,0.93,-4.59,12.95,36.57,-7.23,4.39,108.58,-2.84,105.73,,,
501,11.1,50.12,-2.81,0,0.02,0,1.46,-5.53,14.76,38.61,-7.41,4.39,107.72,-3.02,104.7,,,
511,10.13,48.19,-0.61,0,0.01,0,2.47,-4.91,13.82,37.11,-7.21,4.46,106.21,-2.75,103.46,,,
521,16.39,45.36,-1.79,0,0,0,2.76,-4.76,13.48,36.7,-7.05,4.36,108.14,-2.69,105.45,,,
531,13.43,47.97,1.74,0,0.06,0,0.08,-4.61,15.15,36.42,-7.69,4.37,110.24,-3.32,106.92,,,
541,12.71,48.48,-1.11,0,0.02,0,-0.04,-4.7,14.75,36.77,-7.1,4.41,106.9,-2.7,104.2,,,
551,20.62,50.55,-0.51,0,0.03,0,3.47,-4.61,15.67,36.76,-7,4.41,121.99,-2.59,119.4,,,
561,18.72,42.47,0.05,0,0.02,0,-0.38,-4.46,14.81,36.69,-6.95,4.39,107.92,-2.56,105.36,,,
571,15.93,51.72,-2.35,0,0.01,0,3.25,-4.54,15.54,36.11,-7.28,4.42,115.66,-2.86,112.81,,,
581,13.9,56.95,4.01,0,0.05,0,-1.59,-4.93,11.4,37.5,-7.6,4.46,117.29,-3.15,114.15,,,
591,11.6,48.54,-0.12,0,0.03,0,4,-4.78,14.79,36.84,-7.68,4.36,110.92,-3.32,107.6,,,
601,15.14,57.09,-3.9,0,0.02,0,-1.52,-4.74,12.52,36.85,-7.22,4.33,111.47,-2.9,108.57,,,
611,15.11,53.22,-3.49,0,0.04,0,1.35,-5.38,12.65,38.3,-6.93,4.29,111.8,-2.64,109.16,,,
621,12.6,56.87,-0.1,0,0.01,0,-1.66,-6.71,11.49,40.27,-7.28,4.48,112.76,-2.79,109.97,,,
631,12.46,44.65,-1.11,0,0.01,0,-1.11,-4.65,18.06,37.35,-6.66,4.4,105.66,-2.26,103.4,,,
641,10.93,40.98,-1.05,0,0.01,0,1.71,-4.75,14.39,36.66,-7.21,4.41,98.88,-2.8,96.08,,,
651,9.59,47.82,0.7,0,0.04,0,0.46,-5,15.4,37.63,-7.26,4.47,106.64,-2.79,103.85,,,
661,11.63,57.98,-3.4,0,0.04,0,-0.87,-4.58,14.89,36.58,-6.98,4.38,112.28,-2.6,109.68,,,
671,14.63,50.37,-1.54,0,0.03,0,-1.12,-5.61,14.28,38.09,-7.34,4.44,109.12,-2.9,106.22,,,
681,17.25,52.44,-3.47,0,0.03,0,0.03,-5.74,12.54,38.1,-7.37,4.42,111.18,-2.94,108.24,,,
691,14.94,57.86,-2.67,0,0.01,0,-3.57,-5.06,14.16,37.75,-7.42,4.42,113.44,-3,110.44,,,
701,11.63,59.4,-0.76,0,0.02,0,-1.1,-4.69,13.49,37.64,-6.63,4.43,115.62,-2.2,113.42,,,
711,12.27,53.92,2.16,0,0.05,0,-1.81,-5.65,12.68,38.13,-7.78,4.43,111.76,-3.35,108.4,,,
721,9.39,55.22,-1.62,0,0.01,0,1.86,-6.02,14.42,38.47,-7.51,4.36,111.74,-3.15,108.59,,,
731,14.69,58.5,-2.58,0,0.02,0,1.86,-4.47,15.2,36.02,-7.41,4.4,119.23,-3.01,116.22,,,
741,14.76,44.42,0.18,0,0.02,0,3.54,-5.31,17.65,38.76,-6.6,4.4,114.02,-2.2,111.82,,,
751,8.55,46.41,-0.58,0,0.02,0,1.01,-5.54,17.8,38.55,-6.79,4.4,106.22,-2.39,103.83,,,
761,11.64,47.95,0.77,0,0.03,0,4.8,-4.75,17.85,37.19,-7.04,4.36,115.5,-2.67,112.82,,,
771,10,47.78,-3.23,0,0.01,0,3.58,-5.62,15.24,38.14,-7.18,4.43,105.89,-2.75,103.14,,,
781,17.62,55.71,-0.67,0,0.02,0,-0.1,-5.46,14.96,38.22,-7.72,4.43,120.3,-3.28,117.02,,,
791,12.21,55.58,-0.58,0,0.03,0,5.18,-4.8,13.55,37.27,-6.85,4.4,118.44,-2.45,116,,,
801,13.03,52.58,0.03,0,0.03,0,0.5,-6,12.08,38.46,-7.65,4.42,110.69,-3.23,107.46,,,
811,10.55,51.54,-0.79,0,0.02,0,-1.08,-5.37,16.85,38.21,-7.4,4.43,109.92,-2.97,106.94,,,
821,10.59,43.01,-0.66,0,0.03,0,2.3,-5.73,15.67,38.91,-7.26,4.39,104.12,-2.87,101.24,,,
831,16.37,43.67,0.3,0,0.05,0,-1.28,-5.6,15.15,38.4,-7.21,4.4,107.03,-2.81,104.22,,,
841,9.04,61.06,-0.34,0,0.03,0,1.45,-4.42,15.17,36.07,-7.61,4.43,118.06,-3.18,114.88,,,
851,17.1,62.51,-2.05,0,0.02,0,-2.34,-5.02,10.66,36.94,-7.42,4.4,117.82,-3.02,114.79,,,
861,10.68,48.77,1.47,0,0.01,0,3.21,-6.03,14.87,38.77,-7.22,4.38,111.75,-2.83,108.92,,,
871,12.33,47.67,-3.29,0,0.01,0,5.2,-5.87,14.61,39.5,-7.08,4.41,110.16,-2.66,107.49,,,
881,14.85,58.08,-2.48,0,0.02,0,3.22,-5.41,12.7,37.66,-7.35,4.31,118.62,-3.04,115.57,,,
891,10.71,59.87,-1.11,0,0.01,0,-0.6,-5.53,11.46,37.48,-7.7,4.3,112.29,-3.39,108.9,,,
901,21.27,58.39,-3.71,0,0.03,0,1.09,-5.57,12.29,38,-7.81,4.42,121.8,-3.39,118.41,,,
911,10.76,60.5,-3.07,0,0.02,0,1.31,-5.64,15.29,38.45,-6.71,4.4,117.62,-2.32,115.3,,,
921,13.94,50.16,-2.61,0,0.02,0,-2.65,-5.28,13.35,37.74,-7.27,4.37,104.69,-2.9,101.78,,,
931,14.92,41.38,-1.58,0,0.01,0,-0.94,-5.82,11.83,38.45,-7.74,4.43,98.25,-3.32,94.94,,,
941,14.57,39.39,0.32,0,0.02,0,0.02,-5.54,14.13,38.04,-7.61,4.41,100.95,-3.2,97.75,,,
951,11.93,58.8,1.19,0,0.02,0,-3.96,-4.64,15.5,37.02,-7.09,4.39,115.85,-2.7,113.15,,,
961,18.27,51.43,-1.39,0,0.01,0,-0.9,-4.64,15.22,36.53,-6.97,4.46,114.52,-2.51,112.02,,,
971,8.01,55.45,1.63,0,0.04,0,-1.98,-4.55,16.18,36.66,-7.07,4.39,111.45,-2.69,108.76,,,
981,16.06,58.7,-0.75,0,0.01,0,-0.75,-4.83,12.39,37.12,-7.17,4.41,117.95,-2.76,115.19,,,
991,11.55,53.52,-1.23,0,0.01,0,0.1,-4.64,13.63,36.66,-7.13,4.44,109.61,-2.69,106.92,,,
1001,15.56,48.46,-2.07,0,0.02,0,4.08,-4.91,14.17,37.11,-6.91,4.4,112.43,-2.5,109.92,,,
1011,14.06,48.36,-1.35,0,0.03,0,-0.74,-4.73,13.13,36.87,-7.33,4.39,105.64,-2.94,102.7,,,
1021,11.7,43.77,-1.82,0,0.01,0,2.01,-4.59,14.88,36.57,-7.3,4.39,102.53,-2.91,99.63,,,
1031,17.4,52.7,-0.09,0,0,0,-1.72,-5.29,13.49,37.55,-7.09,4.42,114.04,-2.67,111.37,,,
1041,20.27,52.05,0.31,0,0.02,0,1.96,-5.67,13.51,37.98,-7.83,4.43,120.43,-3.4,117.03,,,
1051,17.24,51.5,-2.55,0,0.03,0,-2.46,-4.77,13.4,36.71,-7.24,4.4,109.1,-2.83,106.26,,,
1061,18.06,47.38,-3.65,0,0.01,0,1.58,-4.58,13.14,37.09,-6.73,4.42,109.02,-2.31,106.71,,,
1071,11.6,45.82,-0.62,0,0.02,0,0.43,-4.58,16.41,37.07,-7.08,4.41,106.14,-2.67,103.47,,,
1081,11.65,52.62,-1.15,0,0.04,0,-1.01,-4.82,14.31,36.98,-7.55,4.4,108.63,-3.14,105.48,,,
1091,11.52,53.48,-0.39,0,0.01,0,0.93,-5.6,13.15,37.54,-7.39,4.41,110.63,-2.98,107.65,,,
1101,14.89,58.12,-1.7,0,0.02,0,0.5,-4.79,12.44,36.33,-7.32,4.4,115.8,-2.93,112.88,,,
1111,15.93,51.7,-1.56,0,0.02,0,-0.07,-4.84,15.64,36.6,-7.12,4.37,113.43,-2.75,110.68,,,
1121,15.1,56.11,-1.25,0,0.01,0,-1.29,-4.42,12.99,36.22,-7.15,4.4,113.47,-2.75,110.72,,,
1131,10.03,54.21,-2.41,0,0.04,0,2.47,-4.73,17.64,36.88,-6.58,4.35,114.13,-2.23,111.9,,,
1141,11.55,54.95,-0.39,0,0.03,0,-0.27,-5.99,15.67,39.22,-7.38,4.38,114.77,-3,111.76,,,
1151,12.37,51.57,2.22,0,0.09,0,1.08,-4.61,12.71,36.87,-6.96,4.37,112.3,-2.59,109.71,,,
1161,11.89,45.66,1.8,0,0.01,0,1.93,-4.77,15.58,36.59,-7.44,4.38,108.69,-3.06,105.63,,,
1171,17.79,45.78,-2.4,0,0.01,0,2.87,-4.61,12.77,36.23,-7.18,4.39,108.43,-2.79,105.64,,,
1181,10.2,49.31,-3.1,0,0.01,0,2.28,-4.62,14.84,36.82,-7.48,4.46,105.73,-3.02,102.71,,,
1191,10.76,48.93,-1.69,0,0.01,0,3.05,-4.89,13.3,37.09,-7.16,4.43,106.56,-2.73,103.83,,,
1201,13.46,47.9,-3.14,0,0,0,4.97,-5.26,15.94,37.92,-7.61,4.41,111.79,-3.2,108.59,,,
1211,13.77,39.78,-0.2,0,0.06,0,1.63,-5.61,13.67,38.3,-7.26,4.43,101.39,-2.83,98.57,,,
1221,10.36,49.86,1.26,0,0.03,0,0.68,-6.09,13.43,39.24,-7.64,4.41,108.76,-3.23,105.53,,,
1231,12.22,51.74,1.48,0,0.01,0,-2.31,-5.47,13.32,38.34,-7.32,4.46,109.33,-2.87,106.47,,,
1241,12.19,53.61,-0.19,0,0.02,0,3.11,-5.61,14.2,38.6,-7.53,4.44,115.92,-3.09,112.83,,,
1251,19.41,47.3,1.03,0,0.03,0,-0.46,-6.53,11.86,39.52,-7.67,4.49,112.16,-3.19,108.97,,,
1261,10.6,41.91,-0.08,0,0.04,0,-1.32,-5.43,15.29,38.86,-7.32,4.44,99.87,-2.88,96.99,,,
1271,13.15,45.02,2.89,0,0.04,0,3.1,-5,14.66,37.96,-7.05,4.44,111.82,-2.61,109.21,,,
1281,13.1,53.17,-1.59,0,0.02,0,1.22,-5.74,14.54,38.85,-7.25,4.44,113.57,-2.81,110.76,,,
1291,18.44,48.23,-1.44,0,0.03,0,-2.7,-4.63,15.63,37.03,-7.02,4.45,110.59,-2.57,108.02,,,
1301,12.04,55.08,-0.91,0,0.01,0,-1.26,-5.62,11.96,37.9,-7.7,4.45,109.2,-3.25,105.96,,,
1311,17.48,51.26,-1.66,0,0.02,0,-0.81,-5.9,14.07,38.59,-7.52,4.48,113.06,-3.04,110.02,,,
1321,13.66,54.39,-1.41,0,0.02,0,-1.25,-6.2,12.96,39.05,-7.16,4.41,111.23,-2.74,108.49,,,
1331,13.66,48.44,1.78,0,0.04,0,3.75,-5.27,13.86,37.46,-7.38,4.44,113.7,-2.94,110.76,,,
1341,17.24,42.1,0.81,0,0.04,0,5.7,-5.97,14.99,39.06,-7.37,4.41,113.97,-2.97,111.01,,,
1351,15.27,53,-3.69,0,0.04,0,-0.98,-5.63,15.21,39.06,-7.34,4.39,112.27,-2.95,109.32,,,
1361,17.04,52.75,-2.37,0,0.04,0,-2,-4.72,14.11,36.94,-7.24,4.4,111.78,-2.83,108.94,,,
1371,14.26,54.96,-1.24,0,0,0,-1.46,-4.8,15.41,37.87,-7.4,4.4,115,-2.99,112,,,
1381,13.97,44.14,-0.45,0,0.03,0,-0.68,-5.12,10.84,37.45,-7.73,4.44,100.17,-3.3,96.88,,,
1391,10.23,42.95,-0.97,0,0.03,0,1.59,-5.55,13.34,38.44,-7.21,4.39,100.06,-2.83,97.23,,,
1401,10.47,54.59,-1.19,0,0.01,0,-3.2,-5.9,14.05,38.97,-7.32,4.39,107.8,-2.93,104.88,,,
1411,11.8,53.58,-1.85,0,0.06,0,-2.11,-4.42,13.92,36.87,-7.13,4.47,107.84,-2.66,105.17,,,
1421,15.31,43.82,-0.62,0,0.05,0,-1.06,-5.33,14.77,37.84,-7.57,4.44,104.78,-3.13,101.65,,,
1431,14.37,50.78,0.87,0,0.04,0,-1.01,-5.96,14.91,39.37,-7,4.4,113.37,-2.6,110.77,,,
1441,11.89,39.51,3.72,0,0.03,0,4.09,-6.04,12.4,39.35,-7.55,4.47,104.95,-3.08,101.87,,,
1451,15.1,50.21,-3.38,0,0,0,2.98,-6.02,11.92,38.78,-7.27,4.37,109.59,-2.9,106.69,,,
1461,15.5,54.72,-0.56,0,0.04,0,-2.55,-5.94,13.71,38.88,-7.24,4.41,113.8,-2.83,110.98,,,
1471,11.82,45.74,1.78,0,0.02,0,3.15,-4.41,14.19,36.29,-6.9,4.41,108.59,-2.49,106.1,,,
1481,9.21,56.62,-0.52,0,0.01,0,-3.33,-5.59,15.74,37.97,-7.52,4.39,110.11,-3.13,106.98,,,
1491,12.85,49.09,4.13,0,0.06,0,-1.88,-4.67,15.17,36.98,-7.53,4.42,111.74,-3.11,108.62,,,
1501,14.92,53.41,-1.88,0,0.02,0,-0.62,-5.81,13.19,38.54,-7.1,4.43,111.76,-2.67,109.08,,,
1511,13.54,43.55,3.14,0,0.04,0,4.75,-5.72,16.01,38.44,-7.44,4.43,113.75,-3.01,110.74,,,
1521,19.14,51.38,-2.16,0,0.01,0,-1.19,-5.98,10.32,38.19,-7.94,4.45,109.72,-3.49,106.23,,,
1531,21.63,41.45,-0.91,0,0.03,0,-1.18,-5.96,15.03,38.88,-7.39,4.39,108.96,-2.99,105.97,,,
1541,9.95,49.37,3.15,0,0.09,0,0.07,-4.7,13.16,37.06,-7.42,4.47,108.16,-2.96,105.2,,,
1551,16.1,57.47,-0.67,0,0.02,0,-5.42,-5.78,11.83,38.29,-7.19,4.42,111.84,-2.77,109.08,,,
1561,13.72,55.49,0.78,0,0.01,0,-0.53,-5.68,15.17,38.54,-7.56,4.41,117.5,-3.15,114.35,,,
1571,9.47,57.3,-4.05,0,0.01,0,-0.02,-6,13.21,38.27,-7.24,4.4,108.21,-2.84,105.36,,,
1581,18.63,50.97,0.66,0,0.03,0,-0.61,-5.56,15.44,38.4,-7.1,4.43,117.98,-2.68,115.3,,,
1591,8.16,54.67,-0.41,0,0.05,0,-0.69,-5.51,15.61,38.52,-7.15,4.39,110.39,-2.75,107.64,,,
1601,17.68,53.37,-2.79,0,0.02,0,-2.27,-5.95,14.49,39.13,-7.42,4.4,113.67,-3.02,110.65,,,
1611,12.61,51.38,-1.2,0,0.01,0,1.25,-5.65,14.62,38.02,-7.28,4.36,111.04,-2.92,108.11,,,
1621,14.08,42.03,-1.92,0,0.01,0,2.06,-4.59,14.14,36.43,-7.25,4.41,102.23,-2.85,99.39,,,
1631,16.75,50.99,-1.15,0,0.03,0,-0.31,-4.68,14.81,37.08,-7.39,4.41,113.51,-2.98,110.53,,,
1641,11.31,46.92,-1.88,0,0.02,0,2.42,-6.32,13.22,39.55,-7.25,4.32,105.25,-2.92,102.32,,,
1651,11.95,46.99,-0.32,0,0.06,0,-0.37,-4.53,14.52,37,-6.97,4.42,105.3,-2.55,102.75,,,
1661,13.6,48.38,-2.33,0,0.04,0,-0.45,-5.62,12.24,38.36,-7.48,4.4,104.22,-3.08,101.14,,,
1671,12.18,46.54,-0.73,0,0.02,0,3.03,-4.41,16.84,36.41,-6.99,4.41,109.88,-2.57,107.3,,,
1681,15.99,45.65,-3.36,0,0,0,-2.02,-5.95,12.69,39.11,-7.41,4.42,102.11,-2.99,99.12,,,
1691,12.11,54.08,-1.33,0,0.03,0,2.78,-5.68,14.77,38.65,-6.89,4.43,115.41,-2.45,112.96,,,
1701,11.91,51.79,-2.47,0,0.01,0,0.3,-5.75,13.25,38.25,-7.38,4.45,107.29,-2.93,104.36,,,
1711,12.45,56.73,-2.51,0,0.04,0,0.25,-5.57,13.9,38.49,-7.46,4.38,113.78,-3.09,110.69,,,
1721,13.37,57.24,-1.57,0,0.02,0,-0.53,-5.61,13.06,38.77,-7.39,4.42,114.75,-2.97,111.77,,,
1731,13.4,46.39,-2.4,0,0.01,0,-0.93,-4.53,14.01,36.77,-6.81,4.35,102.72,-2.46,100.26,,,
1741,7.23,54.26,-3.02,0,0.02,0,-0.42,-5.72,14.71,38.43,-7.07,4.37,105.48,-2.69,102.79,,,
1751,12.33,43.92,0.08,0,0.01,0,-2.44,-4.87,14.11,36.94,-7.19,4.38,100.08,-2.81,97.26,,,
1761,13.45,51.95,-2.92,0,0.01,0,-1.51,-4.61,13.19,36.88,-7.35,4.41,106.44,-2.94,103.5,,,
1771,14.53,51.72,-0.18,0,0.02,0,-1.63,-5.78,15.66,39.54,-6.4,4.4,113.89,-2,111.88,,,
1781,13.65,52.91,-1.32,0,0.05,0,5.39,-5.55,16.31,38.37,-7.24,4.39,119.81,-2.85,116.96,,,
1791,9.84,46.87,-0.55,0,0.03,0,0.87,-5.72,13.35,38.43,-7.95,4.45,103.12,-3.5,99.62,,,
1801,15.09,49.15,0.37,0,0.02,0,-1.36,-4.6,13.8,36.95,-7.49,4.43,109.42,-3.06,106.36,,,
1811,8.94,52.9,-3.13,0,0,0,0.09,-5.04,16.46,37.71,-6.88,4.38,107.93,-2.51,105.42,,,
1821,18.64,52.12,-2.43,0,0.01,0,-0.74,-4.84,13.04,36.74,-7.53,4.4,112.54,-3.12,109.42,,,
1831,12.76,56.89,-1.59,0,0.01,0,-1.29,-5.71,13.53,38.93,-7.08,4.45,113.54,-2.63,110.9,,,
1841,17.11,42.14,-1.19,0,0.03,0,-0.09,-5.1,14.61,37.4,-7.72,4.43,104.91,-3.29,101.62,,,
1851,12.11,46.59,-0.28,0,0.03,0,0.68,-5.91,13.37,39.41,-6.89,4.45,106.01,-2.44,103.57,,,
1861,11.56,50.44,-0.48,0,0.01,0,-1.4,-5.58,14.05,38.08,-7.28,4.42,106.68,-2.86,103.82,,,
1871,12.08,55.54,-2.24,0,0.05,0,2.37,-4.76,13.1,36.87,-7.51,4.38,113.01,-3.13,109.88,,,
1881,12.04,57.43,-2.46,0,0.01,0,-2.31,-5.74,14.49,38.3,-7.56,4.44,111.76,-3.12,108.65,,,
1891,14.51,46.18,-0.35,0,0.04,0,-3.27,-4.88,12.06,37.52,-7.06,4.43,101.81,-2.62,99.19,,,
1901,10.48,43.3,-1.76,0,0.02,0,2.5,-5.34,14.86,38.19,-7.22,4.46,102.25,-2.76,99.49,,,
1911,15.63,56.61,1.41,0,0.02,0,3.72,-4.57,14.08,36.79,-6.8,4.38,123.7,-2.43,121.27,,,
1921,9.47,47.56,-1.72,0,0.01,0,1.34,-4.81,14.35,37.1,-7.26,4.42,103.31,-2.84,100.46,,,
1931,13.97,41.52,-2.25,0,0.01,0,4.62,-4.81,12.83,37.41,-7.13,4.4,103.29,-2.73,100.56,,,
1941,14.01,46.77,0.41,0,0.02,0,-1.42,-4.67,16.26,36.87,-6.61,4.43,108.26,-2.18,106.08,,,
1951,14.49,52.38,-0.04,0,0.04,0,4.23,-4.39,14.64,35.92,-7.66,4.44,117.26,-3.22,114.04,,,
1961,10.55,52.71,0.27,0,0.03,0,4.58,-5.64,16.59,38.6,-7.38,4.43,117.7,-2.95,114.75,,,
1971,11.96,41.14,-0.84,0,0.01,0,5.08,-4.62,15.29,36.81,-7.08,4.33,104.85,-2.75,102.1,,,
1981,12.16,52.74,-2.48,0,0.04,0,0.92,-5.02,13.33,37.16,-7.16,4.36,108.85,-2.8,106.05,,,
1991,14.26,43.44,-3.42,0,0.01,0,4.24,-4.52,11.05,36.53,-7.46,4.38,101.59,-3.08,98.51,,,
2001,12.09,40.01,-0.97,0,0.01,0,2.36,-4.88,15.21,37.35,-6.94,4.31,101.18,-2.63,98.55,,,
2011,14.65,40.68,-0.94,0,0.05,0,0.51,-5.37,11.26,37.85,-7.89,4.39,98.69,-3.5,95.19,,,
2021,15.65,41.31,0.38,0,0.03,0,1.88,-4.77,12.97,37.48,-6.86,4.35,104.93,-2.51,102.42,,,
2031,14.07,43.67,0.19,0,0.05,0,2.97,-5.13,13.58,37.76,-7.63,4.38,107.17,-3.25,103.92,,,
2041,14.34,45.35,-6.3,0,0.03,0,5.68,-5.77,12.4,38.53,-7.61,4.35,104.27,-3.26,101.01,,,
2051,24.64,49.42,-4.92,0,0.01,0,0.82,-4.53,11.14,36.78,-6.99,4.4,113.35,-2.59,110.76,,,
2061,10.47,49.64,-5.66,0,0.01,0,3.56,-4.74,14.03,36.88,-7.26,4.37,104.19,-2.9,101.29,,,
2071,12.03,40.86,-3.07,0,0.08,0,3.12,-4.54,12.94,36.41,-7.02,4.35,97.83,-2.67,95.16,,,
2081,20.03,61.11,-0.98,0,0.05,0,1.54,-4.73,14.15,36.86,-7.19,4.39,128.04,-2.8,125.24,,,
2091,9.32,54.94,1.31,0,0.04,0,0.53,-4.44,14.45,37.06,-7.12,4.41,113.22,-2.71,110.51,,,
2101,16.81,53.64,-4.22,0,0.01,0,0.46,-4.53,12.24,36.05,-7.3,4.36,110.45,-2.94,107.51,,,
2111,12.48,65.76,-2.01,0,0.01,0,0.76,-4.95,15.03,37.83,-6.75,4.35,124.9,-2.4,122.51,,,
2121,12.46,47.35,-0.24,0,0.04,0,-1.48,-4.51,14.73,36.47,-6.89,4.34,104.82,-2.55,102.28,,,
2131,16.91,44.99,0.53,0,0.02,0,0.11,-4.88,11.63,37.08,-7.16,4.41,106.38,-2.75,103.63,,,
2141,11.97,56.41,2.57,0,0.03,0,-1.23,-4.68,13.96,36.87,-7.75,4.4,115.9,-3.35,112.56,,,
2151,11.2,53.32,0.27,0,0.07,0,0.6,-5.65,14.05,38.95,-7.21,4.4,112.82,-2.82,110,,,
2161,15.21,53.4,2.04,0,0.06,0,1.7,-5.76,15.26,38.99,-6.79,4.37,120.91,-2.42,118.49,,,
2171,6.61,49.79,-3.08,0,0.03,0,-2.62,-4.9,14.57,37.62,-7.05,4.4,98.02,-2.65,95.37,,,
2181,6.99,43.7,-2.21,0,0.03,0,2.01,-5.72,14.04,38.65,-7.13,4.4,97.49,-2.73,94.75,,,
2191,8.81,55.67,-1.96,0,0.02,0,-1.89,-5.61,13.75,38.19,-7.42,4.43,106.99,-3,103.99,,,
2201,14.77,46.49,1.04,0,0.06,0,-0.9,-4.75,13.29,36.73,-7.12,4.4,106.74,-2.72,104.02,,,
2211,11.92,51.24,-3.28,0,0.01,0,-0.43,-4.65,13.25,36.4,-7.4,4.36,104.44,-3.04,101.41,,,
2221,16.81,50.81,-3.27,0,0.01,0,-1.37,-5.18,13.94,37.95,-6.97,4.41,109.7,-2.56,107.14,,,
2231,14.91,47.7,-1.59,0,0.01,0,-1.6,-5.97,14.16,38.66,-7.48,4.42,106.27,-3.06,103.21,,,
2241,13.87,51.59,-1.36,0,0.03,0,-0.34,-6.1,13.74,38.84,-7.39,4.43,110.28,-2.96,107.32,,,
2251,13.91,48.53,-0.44,0,0.05,0,-0.44,-5.92,12.93,38.52,-7.69,4.44,107.14,-3.25,103.89,,,
2261,10.93,50.45,-1.19,0,0.02,0,-0.33,-4.54,15.2,36.81,-7.43,4.38,107.35,-3.05,104.3,,,
2271,10.83,50.83,-2.45,0,0.01,0,0.33,-5.77,11.64,38.4,-7.42,4.39,103.81,-3.02,100.79,,,
2281,12.99,44.76,-2.35,0,0.06,0,2.6,-5.77,12.92,37.9,-7.93,4.45,103.1,-3.48,99.62,,,
2291,14.55,46.9,1.6,0,0.04,0,-1.86,-4.53,14.37,36.81,-7.32,4.42,107.88,-2.89,104.98,,,
2301,16.98,49.83,-0.84,0,0.02,0,-2.39,-5.53,12.29,38.03,-7.06,4.43,108.39,-2.63,105.76,,,
2311,13.88,48.91,-2.17,0,0.02,0,-0.02,-5.4,14.57,37.95,-7.19,4.44,107.74,-2.75,104.99,,,
2321,14.56,48.49,0.14,0,0.03,0,2.81,-4.4,13.91,35.85,-7.39,4.4,111.38,-2.99,108.39,,,
2331,11.9,43.44,-1.22,0,0.04,0,1.28,-5.33,13.13,37.7,-8.04,4.44,100.93,-3.59,97.34,,,
2341,13.46,47.08,-0.81,0,0.01,0,1.04,-5.28,15.45,37.94,-7.14,4.37,108.88,-2.77,106.11,,,
2351,15.56,48.27,-5.08,0,0.01,0,-2.19,-6.37,13.16,40.07,-7.2,4.41,103.43,-2.79,100.63,,,
2361,12.6,51.62,-1.52,0,0.03,0,-1.8,-4.74,13.7,36.9,-7.14,4.42,106.79,-2.72,104.07,,,
2371,10.49,47.09,-1.99,0,0.04,0,-1.18,-4.56,14.52,36.9,-7.45,4.38,101.31,-3.07,98.24,,,
2381,11.13,57.3,-2.04,0,0.01,0,-4.83,-6.07,11.49,39.09,-7.6,4.42,106.07,-3.18,102.89,,,
2391,18.44,54.87,-2.28,0,0.02,0,0.33,-4.65,12.5,36.44,-7.25,4.43,115.68,-2.82,112.86,,,
2401,14.98,45.6,-0.27,0,0.04,0,-0.57,-5.13,14.04,37.65,-7.59,4.39,106.33,-3.2,103.13,,,
2411,18.86,54.32,0.96,0,0.03,0,-4.12,-5.64,11.07,38.41,-7.59,4.41,113.88,-3.18,110.7,,,
2421,13.21,46.26,-2.08,0,0.02,0,-0.43,-4.6,16.67,37.07,-7.35,4.4,106.1,-2.95,103.15,,,
2431,12.9,41.07,-0.4,0,0.04,0,3.65,-5.6,14.83,38.74,-7.43,4.38,105.23,-3.05,102.18,,,
2441,14.36,47.28,-0.88,0,0.02,0,-1.99,-5.65,16.08,39,-6.95,4.4,108.22,-2.55,105.67,,,
2451,18.6,49.74,-3.51,0,0.04,0,0.64,-5.6,12.22,38.8,-7.27,4.41,110.92,-2.86,108.06,,,
2461,12.47,54.49,-1.15,0,0.02,0,5.63,-4.69,16.41,36.8,-7.46,4.38,119.99,-3.08,116.91,,,
2471,10.3,52.18,0.84,0,0.01,0,-0.15,-4.8,14.83,37.23,-7.25,4.4,110.44,-2.85,107.59,,,
2481,11.48,52.9,-3.01,0,0.02,0,2.6,-4.46,14.54,36.13,-7.45,4.43,110.19,-3.02,107.17,,,
2491,8.54,62.47,-3.16,0,0.02,0,-2.08,-4.78,16.31,37.25,-6.8,4.38,114.56,-2.42,112.14,,,
2501,12.13,51.96,-3.41,0,0.03,0,-1.77,-5.35,14.41,37.59,-7.36,4.42,105.6,-2.95,102.65,,,
2511,12.38,50.61,0.47,0,0.01,0,-0.12,-5.23,15.34,37.19,-6.91,4.42,110.65,-2.49,108.16,,,
2521,9.69,52.18,-3.38,0,0.01,0,3.21,-4.73,15.11,36.61,-7.49,4.39,108.71,-3.1,105.61,,,
2531,8.95,43.11,1.51,0,0.06,0,-0.01,-4.98,14.27,37.31,-7.35,4.41,100.23,-2.94,97.29,,,
2541,9.21,56.25,-3.64,0,0.01,0,-3.02,-4.84,13.76,37.02,-7.19,4.37,104.75,-2.81,101.93,,,
2551,14.08,49.67,-0.99,0,0.02,0,-0.31,-4.59,13.01,36.68,-7.16,4.46,107.57,-2.71,104.86,,,
2561,22.33,46.66,0.84,0,0.02,0,2.24,-5.55,16.16,38.01,-7.46,4.46,120.69,-3,117.69,,,
2571,12.98,56.17,-3.28,0,0.02,0,1.4,-4.84,13.35,37.11,-7.41,4.39,112.9,-3.03,109.87,,,
2581,12.18,45.85,-0.37,0,0.03,0,0.38,-5.99,13.91,38.77,-7.27,4.38,104.76,-2.89,101.87,,,
2591,10.39,46.53,2.83,0,0.05,0,5.73,-4.33,14.39,36.43,-7.05,4.45,112.02,-2.6,109.41,,,
2601,14,56.43,-0.02,0,0.06,0,-2.08,-5,12.72,37.27,-7.26,4.38,113.38,-2.87,110.51,,,
2611,17.43,51.6,-4.77,0,0.01,0,0.24,-6.08,12.14,38.96,-7.29,4.38,109.52,-2.91,106.61,,,
2621,16.8,43.67,-2.9,0,0.01,0,1.33,-5.28,14.51,37.35,-7.32,4.41,105.5,-2.91,102.6,,,
2631,16.43,45.71,-0.52,0,0.03,0,-1.76,-4.45,17.04,36.92,-6.82,4.39,109.4,-2.43,106.96,,,
2641,8.55,54.99,0.3,0,0,0,-0.78,-4.76,14.48,37.03,-7.15,4.4,109.81,-2.76,107.06,,,
2651,13.94,51.96,-3.45,0,0.01,0,-0.28,-5.56,13.02,37.99,-7.41,4.46,107.63,-2.95,104.68,,,
2661,13.22,46.05,-2.26,0,0.01,0,-0.37,-5.43,14.57,38.07,-7.38,4.44,103.85,-2.94,100.91,,,
2671,17.15,52.64,-1.58,0,0.02,0,-3.99,-4.54,12.47,36.41,-8.02,4.45,108.59,-3.56,105.03,,,
2681,17.1,46.5,0.17,0,0.07,0,0.83,-5.4,14.22,37.62,-7.31,4.43,111.12,-2.88,108.24,,,
2691,12.2,41.41,-1.1,0,0.02,0,1.81,-4.44,15.33,36.95,-7,4.43,102.18,-2.57,99.6,,,
2701,11.84,59.95,-3.51,0,0.04,0,3.01,-4.66,15.14,36.94,-7.01,4.47,118.75,-2.54,116.21,,,
2711,13.91,57.08,1.11,0,0.01,0,4.72,-4.5,15.29,36.63,-7.35,4.43,124.25,-2.92,121.33,,,
2721,15.66,48.93,-2.09,0,0.02,0,3.01,-4.29,14,35.9,-7.24,4.45,111.13,-2.79,108.34,,,
2731,16.12,56.57,0.21,0,0.03,0,-1.45,-5.53,13.51,38.54,-7.4,4.45,117.99,-2.95,115.04,,,
2741,11.82,51.37,1.05,0,0.01,0,0.89,-4.89,15.52,37.32,-7.29,4.43,113.1,-2.86,110.23,,,
2751,15.82,44.16,-1.23,0,0.01,0,2.31,-4.95,15.07,37.07,-6.79,4.41,108.26,-2.38,105.89,,,
2761,10.95,46.37,-0.26,0,0.03,0,2.8,-5.37,15.34,38.33,-7.41,4.41,108.18,-3,105.19,,,
2771,18.01,52.32,-1.99,0,0.02,0,2.13,-5.8,15.22,38.93,-6.99,4.41,118.84,-2.59,116.26,,,
2781,7.48,46.31,-1.86,0,0.02,0,0.34,-4.82,15.75,37.08,-7.24,4.42,100.3,-2.83,97.47,,,
2791,17.13,45.47,-2.13,0,0.04,0,1.44,-4.82,15.58,36.64,-6.85,4.43,109.34,-2.42,106.92,,,
2801,16.61,45.7,-0.48,0,0.05,0,2.16,-4.88,12.43,36.91,-7.18,4.4,108.5,-2.78,105.72,,,
2811,13.19,39.67,-2.09,0,0.02,0,2.95,-5.56,16.78,38.41,-7.17,4.44,103.36,-2.72,100.64,,,
2821,9.9,57.83,0.15,0,0.02,0,2.04,-4.59,16.2,36.92,-7.11,4.39,118.46,-2.71,115.74,,,
2831,20.16,55.21,2.41,0,0.04,0,-3.39,-5.89,14.02,38.55,-7.56,4.4,121.1,-3.16,117.95,,,
2841,11.77,55.48,2.9,0,0.02,0,1.19,-6.01,15.08,38.79,-8.03,4.43,119.22,-3.6,115.63,,,
2851,19.38,55.82,2.29,0,0.04,0,-3.14,-4.94,13.48,37.2,-7.37,4.45,120.12,-2.92,117.2,,,
2861,17.99,54.7,1.56,0,0.04,0,-1.8,-6,11.82,38.74,-7.51,4.43,117.04,-3.08,113.96,,,
2871,14.81,58.3,0.76,0,0.04,0,-2.32,-5.35,12.25,37.56,-7.82,4.38,116.06,-3.44,112.62,,,
2881,22.43,53.36,0.45,0,0.01,0,-1.42,-5.51,12.92,37.48,-7.5,4.43,119.73,-3.07,116.66,,,
2891,16.82,53.39,-0.76,0,0.05,0,-3.5,-5.98,13.36,38.61,-7.36,4.4,112,-2.96,109.03,,,
2901,14.49,48.41,-0.29,0,0,0,-3.21,-5.73,13.42,38.56,-8,4.43,105.65,-3.57,102.07,,,
2911,17.44,48.43,2.31,0,0.05,0,4.03,-6.06,13.61,38.96,-7.76,4.39,118.77,-3.37,115.4,,,
2921,11.92,53.22,-2.23,0,0.04,0,1.35,-4.49,15.84,35.8,-7.95,4.37,111.43,-3.57,107.86,,,
2931,11.21,51.82,-0.01,0,0.04,0,1.51,-4.55,14.27,36.76,-7.25,4.42,111.06,-2.83,108.22,,,
2941,12.67,44.15,-0.88,0,0.04,0,5.02,-4.47,14.68,36.97,-6.84,4.4,108.18,-2.44,105.74,,,
2951,10.53,54.94,-2.54,0,0,0,-2.27,-5.57,15.7,38.7,-7.6,4.45,109.49,-3.15,106.33,,,
2961,13.14,50.3,-0.9,0,0.08,0,-2.03,-4.58,15.12,37.08,-6.85,4.41,108.2,-2.44,105.77,,,
2971,10.86,48.82,-2.6,0,0.03,0,3.18,-4.68,16.89,36.84,-7.22,4.36,109.34,-2.86,106.48,,,
2981,11.48,42.27,0.7,0,0.02,0,0.76,-5.34,15.27,38,-6.99,4.38,103.14,-2.61,100.53,,,
2991,15.76,51.05,-1.18,0,0.02,0,-0.75,-5.69,12.29,38.11,-7.8,4.39,109.62,-3.41,106.21,,,
3001,14.29,38.66,-1.19,0,0.01,0,3.18,-6.1,16.41,39.39,-6.91,4.38,104.67,-2.53,102.14,,,
3011,17.04,45.86,-2.41,0,0.01,0,1.52,-6.16,13.05,39.69,-7.87,4.41,108.6,-3.45,105.15,,,
3021,15.43,56.29,-0.01,0,0.04,0,-3.49,-4.61,13.4,36.92,-6.84,4.46,113.96,-2.39,111.57,,,
3031,14.01,56.19,-0.75,0,0.03,0,4.31,-5.41,15.6,37.96,-7.41,4.4,121.93,-3.01,118.92,,,
3041,11.5,49.92,3.65,0,0.03,0,3.93,-5.98,13.88,39.04,-7.06,4.41,115.98,-2.65,113.33,,,
3051,14.55,46.04,0.82,0,0.03,0,-0.3,-4.6,13.5,36.86,-7.02,4.44,106.9,-2.59,104.32,,,
3061,23.01,49.04,-0.91,0,0.02,0,-0.84,-5.23,13.95,37.99,-7.4,4.43,117.03,-2.97,114.06,,,
3071,13.49,57.43,-1.09,0,0.01,0,-2.99,-5.15,12.45,37.75,-7.49,4.43,111.89,-3.07,108.82,,,
3081,20.81,44.2,-1.1,0,0.01,0,-3.55,-5.25,13.81,37.79,-7.71,4.42,106.71,-3.28,103.43,,,
3091,12.02,51.46,-4.13,0,0.05,0,-1.7,-4.58,13.43,36.8,-6.82,4.45,103.36,-2.37,100.98,,,
3101,17.26,56.11,-1.95,0,0.01,0,-0.91,-5.57,12.41,37.9,-7.17,4.4,115.25,-2.77,112.47,,,
3111,18.19,43.47,2.87,0,0.03,0,-2.17,-4.4,13.4,36.36,-7.57,4.39,107.76,-3.18,104.58,,,
3121,15.62,38.07,-2.33,0,0.01,0,1.65,-5.86,14.55,38.79,-7.09,4.42,100.51,-2.67,97.84,,,
3131,16.21,51.35,-0.99,0,0.06,0,0.16,-4.64,16.17,37.52,-6.5,4.37,115.85,-2.12,113.73,,,
3141,20.1,53.06,-0.88,0,0.03,0,1.17,-4.48,14.92,36.44,-7.15,4.43,120.36,-2.72,117.64,,,
3151,13.66,48.25,1.86,0,0.04,0,0.72,-4.56,11.91,36.54,-7.65,4.45,108.42,-3.2,105.22,,,
3161,10.88,48.41,1.4,0,0.01,0,1.83,-5.71,15.21,38.47,-7.53,4.39,110.51,-3.13,107.38,,,
3171,8.77,50.92,-3.09,0,0.01,0,0.39,-5.52,14.44,38.26,-7.73,4.35,104.19,-3.38,100.81,,,
3181,12.5,48.25,-1.69,0,0.09,0,0.56,-5.72,14.34,38.36,-7.71,4.4,106.69,-3.32,103.37,,,
3191,9.91,50.67,0.65,0,0.04,0,-1.79,-5.31,13.01,37.59,-7.42,4.4,104.78,-3.02,101.76,,,
3201,15.14,46.65,2.77,0,0.1,0,-2.23,-5.49,12.85,38.04,-7.61,4.38,107.83,-3.23,104.6,,,
3211,18.69,53.67,0.03,0,0.02,0,-1.94,-4.42,14.06,36.91,-6.86,4.37,117.02,-2.48,114.53,,,
3221,18.06,48.6,-0.17,0,0.01,0,1.13,-5.56,13.91,38.24,-7.52,4.4,114.22,-3.12,111.1,,,
3231,12.22,49.51,2.68,0,0.07,0,1.56,-4.76,14.34,37.11,-6.98,4.39,112.72,-2.59,110.13,,,
3241,14.4,41.03,-0.57,0,0.06,0,0.9,-4.72,13.22,37.01,-7.03,4.42,101.32,-2.62,98.7,,,
3251,15.4,57.5,-3.94,0,0.01,0,0.22,-4.71,11.12,36.84,-7.35,4.42,112.44,-2.93,109.51,,,
3261,16.94,46.36,-0.46,0,0.03,0,3.66,-4.83,13.29,36.59,-7.15,4.43,111.58,-2.72,108.86,,,
3271,12.43,48.21,-1.41,0,0.03,0,3.7,-4.66,14.26,36.55,-7.02,4.35,109.11,-2.67,106.45,,,
3281,14.9,52.16,-1.66,0,0.02,0,2.81,-5.29,14.59,37.71,-7.05,4.39,115.24,-2.66,112.58,,,
3291,12.02,50.13,-3.23,0,0.02,0,2.06,-4.54,14.44,36.77,-6.95,4.38,107.66,-2.57,105.09,,,
3301,14.95,46.68,-0.63,0,0.02,0,1.65,-4.57,13.81,36.19,-7.1,4.36,108.09,-2.74,105.35,,,
3311,12.38,60.21,-4.35,0,0.02,0,1.57,-4.47,15.31,37,-7.15,4.4,117.67,-2.74,114.93,,,
3321,16.28,50.09,-0.03,0,0.01,0,-0.84,-5.81,14.77,38.29,-7.67,4.44,112.75,-3.23,109.52,,,
3331,10.73,49.2,-2.1,0,0.04,0,0.99,-4.65,14.81,37.62,-6.85,4.39,106.65,-2.47,104.18,,,
3341,15.29,43.96,2.72,0,0.05,0,-0.86,-4.58,15.25,37,-7.33,4.38,108.84,-2.94,105.9,,,
3351,15.67,53.75,-1.81,0,0.01,0,1.09,-4.81,13.45,36.93,-7.48,4.37,114.29,-3.11,111.19,,,
3361,13.14,61.06,-2.77,0,0.02,0,2.38,-5.22,12.09,38.44,-7.36,4.39,119.15,-2.97,116.18,,,
3371,15.65,51.23,-1.76,0,0.04,0,-1.89,-4.83,14.61,37,-6.85,4.38,110.04,-2.47,107.57,,,
3381,15.24,48.13,-2.63,0,0.01,0,-1.37,-5.48,11.78,38.18,-7.69,4.45,103.85,-3.24,100.61,,,
3391,13.28,50.51,-2.03,0,0.03,0,-0.41,-6.07,14.49,39.25,-6.92,4.37,109.05,-2.55,106.5,,,
3401,14.05,49.97,0.45,0,0.03,0,0.03,-5.46,16,37.82,-7.36,4.46,112.88,-2.9,109.98,,,
3411,17.94,40.38,-1.37,0,0.01,0,-1.26,-4.64,13.85,37.24,-7.09,4.36,102.15,-2.73,99.42,,,
3421,15.52,46.03,-2.47,0,0.05,0,-0.11,-5.59,11.38,38.46,-7.33,4.46,103.27,-2.87,100.41,,,
3431,18.51,47.85,1.93,0,0.05,0,-1.01,-5.8,14.27,39.01,-7.48,4.44,114.82,-3.04,111.78,,,
3441,11.61,51.9,1.02,0,0.04,0,-0.29,-5.31,16.15,37.78,-6.99,4.41,112.9,-2.58,110.32,,,
3451,16,51.17,-2.57,0,0.02,0,-0.94,-4.71,13.71,37.5,-6.63,4.36,110.17,-2.26,107.91,,,
3461,16.79,57.42,-0.11,0,0.02,0,-2.02,-4.66,12.29,36.79,-7.33,4.39,116.53,-2.94,113.58,,,
3471,13.24,48.28,-0.72,0,0.01,0,-2.93,-4.48,15.99,36.6,-7.37,4.38,105.97,-2.99,102.98,,,
3481,12.6,55.32,-0.7,0,0.02,0,-0.93,-5.7,16.49,38.47,-7.32,4.37,115.57,-2.94,112.63,,,
3491,17.28,55.22,-0.25,0,0.02,0,0.58,-5.72,13.2,37.79,-7.41,4.4,118.13,-3,115.12,,,
3501,20.24,45.1,-0.62,0,0.04,0,2.64,-5.29,15.85,37.82,-7.72,4.4,115.78,-3.33,112.45,,,
3511,13.23,44.51,-2.95,0,0.02,0,-1.74,-5.81,14.36,39.29,-6.79,4.4,100.91,-2.39,98.52,,,
3521,16.9,56.49,-2.93,0,0.02,0,-0.33,-5.26,13.03,38.38,-7.13,4.4,116.3,-2.73,113.57,,,
3531,10.65,53.45,-2.19,0,0.03,0,-2.89,-6.18,13.84,40.57,-7.45,4.41,107.28,-3.04,104.24,,,
3541,21.11,49.23,-0.84,0,0.01,0,1.46,-5.61,12.1,37.8,-7.45,4.4,115.25,-3.05,112.2,,,
3551,12.28,61.82,2.76,0,0.05,0,-0.41,-4.95,13.64,36.89,-7.41,4.46,122.06,-2.95,119.12,,,
3561,7.56,47.54,-1.01,0,0.03,0,0.98,-4.74,15.9,37.18,-7.34,4.36,103.45,-2.98,100.47,,,
3571,14.68,58.5,-0.23,0,0.01,0,-1.41,-4.77,16.67,37.18,-7.27,4.42,120.63,-2.85,117.78,,,
3581,16.55,47.71,0.57,0,0.04,0,-0.19,-4.73,16.48,37.08,-6.93,4.31,113.52,-2.62,110.9,,,
3591,21.4,47.12,-1.56,0,0.02,0,1.08,-5.35,13.56,38.1,-7.23,4.35,114.38,-2.88,111.5,,,
3601,16.73,44.5,-1.85,0,0.02,0,3.38,-5.48,13.52,38.11,-7.41,4.42,108.93,-2.99,105.94,,,
3611,8.73,54.54,-0.75,0,0.01,0,0.98,-5.23,13.33,37.69,-7.59,4.47,109.32,-3.11,106.2,,,
3621,11.4,53.11,-3.2,0,0.03,0,0.67,-5.37,14.08,38.09,-7.16,4.41,108.83,-2.76,106.07,,,
3631,11.78,52.16,-1.99,0,0.01,0,0.12,-5.57,14.71,38.13,-7.37,4.38,109.34,-2.99,106.35,,,
3641,12.77,52.93,1.16,0,0.01,0,0.27,-4.62,12.91,36.47,-7.11,4.34,111.89,-2.77,109.12,,,
3651,13.48,52.58,-2.47,0,0.02,0,0.94,-5.66,15,38.77,-7.67,4.38,112.66,-3.29,109.37,,,
3661,14.64,45.5,1.21,0,0.11,0,1.73,-5.21,15.7,37.92,-7.37,4.38,111.6,-2.99,108.61,,,
3671,14.93,47.23,-2.22,0,0.02,0,-0.5,-5.96,12.89,38.82,-7.53,4.37,105.21,-3.17,102.04,,,
3681,19.03,50.21,-0.12,0,0.06,0,2.7,-5.49,12.1,38.24,-7.36,4.34,116.72,-3.02,113.7,,,
3691,16.85,53.68,-1.94,0,0.03,0,1.79,-5.65,14.17,38.33,-7.05,4.38,117.26,-2.67,114.59,,,
3701,11.2,48.21,3.31,0,0.09,0,-0.69,-5.17,13.1,37.97,-7.34,4.41,108.02,-2.94,105.08,,,
3711,12.9,64.34,1.99,0,0.06,0,-0.07,-5.42,12.49,38.06,-7.69,4.48,124.36,-3.21,121.15,,,
3721,10.01,44.41,-2.87,0,0.01,0,9.84,-4.68,12.31,36.65,-7.51,4.33,105.68,-3.18,102.49,,,
3731,14.96,44.89,2.59,0,0.03,0,3.61,-5.68,15.38,38.38,-7.46,4.4,114.16,-3.06,111.1,,,
3741,13.56,48.96,-0.85,0,0.01,0,0.4,-5.46,14.36,37.7,-7.41,4.36,108.68,-3.05,105.63,,,
3751,17.15,54.37,-0.41,0,0.02,0,0.95,-4.98,14.78,37.4,-6.83,4.38,119.28,-2.46,116.82,,,
3761,15.19,54.74,-4.7,0,0.01,0,1.94,-5.35,12.47,37.36,-7.52,4.3,111.65,-3.22,108.43,,,
3771,15.88,59.25,-2.83,0,0.01,0,-1.25,-5.53,11.73,37.73,-7.79,4.41,115,-3.38,111.62,,,
3781,11.01,54.99,-4.55,0,0.01,0,7.61,-5.86,15.81,38.69,-7.27,4.45,117.72,-2.82,114.89,,,
3791,11.03,50.64,-0.19,0,0.02,0,1.64,-5.67,14.53,38.71,-7.2,4.3,110.72,-2.9,107.82,,,
3801,17.57,54.25,-4.02,0,0.01,0,-0.29,-5.72,12.6,38.81,-7.22,4.4,113.21,-2.81,110.4,,,
3811,11.54,51.6,-2.11,0,0.01,0,4.1,-5.19,13.84,37.8,-7.01,4.41,111.58,-2.59,108.99,,,
3821,15.95,54.22,-4.27,0,0.03,0,-1.08,-5.4,15.05,37.72,-7.41,4.38,112.21,-3.04,109.17,,,
3831,19.09,50.27,0.36,0,0.02,0,0.71,-5.59,14.54,38.2,-7.44,4.4,117.58,-3.05,114.54,,,
3841,20.5,53.39,-3.11,0,0.02,0,-1.29,-5.3,12.51,37.32,-7.63,4.44,114.03,-3.19,110.84,,,
3851,10.16,48.49,2.11,0,0.05,0,1.6,-6.04,14.66,38.94,-7.12,4.39,109.96,-2.73,107.23,,,
3861,16.38,55.72,-1.13,0,0.02,0,1.23,-4.46,12.26,36.28,-7.26,4.38,116.3,-2.87,113.42,,,
3871,13.4,52.59,-2.13,0,0.03,0,2.96,-5.72,13.47,37.84,-7.91,4.36,112.43,-3.55,108.88,,,
3881,14.58,55.63,-4.01,0,0,0,0.92,-5.4,14.37,38.23,-7.46,4.33,114.33,-3.13,111.2,,,
3891,11.84,44.45,0.35,0,0.07,0,2.42,-5.68,14.28,38.67,-6.73,4.37,106.42,-2.36,104.06,,,
3901,13.5,46.16,-1.23,0,0.05,0,3.54,-5.09,14.19,38.08,-6.7,4.34,109.2,-2.36,106.84,,,
3911,13.71,49.43,-1.04,0,0.01,0,2.53,-4.82,14.01,37.1,-7.08,4.38,110.93,-2.7,108.23,,,
3921,13.71,46.33,-3.34,0,0.02,0,1.44,-5.88,14.06,38.33,-7.11,4.37,104.68,-2.74,101.94,,,
3931,13.64,53.42,0.52,0,0.06,0,-0.12,-4.89,14.55,37.47,-6.33,4.35,114.66,-1.98,112.68,,,
3941,12.36,49.72,0.1,0,0.08,0,0.06,-5,13.08,37.45,-7.19,4.39,107.86,-2.8,105.06,,,
3951,13.11,43.97,1.7,0,0.02,0,1.5,-5.79,14.04,38.63,-7.83,4.35,107.17,-3.48,103.69,,,
3961,18.61,48.08,1.27,0,0.02,0,-1.6,-5.2,13.09,38.03,-7.6,4.37,112.28,-3.23,109.06,,,
3971,12.04,54.08,-1.8,0,0.09,0,-1.46,-5.01,13.06,37.32,-6.86,4.39,108.32,-2.47,105.85,,,
3981,12.04,57.38,0.2,0,0.02,0,-1.76,-4.71,11.27,36.52,-7.49,4.34,110.98,-3.15,107.83,,,
3991,13.2,53.74,0.23,0,0.01,0,-1.24,-5.79,14.06,39.01,-7.07,4.37,113.21,-2.71,110.5,,,
4001,12.5,45.28,-2.38,0,0.01,0,2.75,-5.96,15.37,38.8,-6.94,4.32,106.37,-2.62,103.75,,,
4011,16.48,37.14,1.64,0,0.03,0,2.25,-5.31,14.16,38.16,-6.9,4.33,104.56,-2.57,101.99,,,
4021,13.75,55.78,-2.22,0,0.03,0,1.2,-5.57,13.06,38.38,-6.96,4.34,114.41,-2.62,111.79,,,
4031,12.06,53.9,-4.12,0,0.04,0,-2.57,-4.94,12.6,37.7,-7.52,4.41,104.68,-3.11,101.56,,,
4041,12.04,55.15,0.44,0,0,0,3.26,-5.35,15.38,38.16,-7.01,4.38,119.08,-2.62,116.46,,,
4051,15.35,53.9,-2.58,0,0.04,0,-0.08,-5.55,13.84,38.45,-7.6,4.37,113.37,-3.22,110.15,,,
4061,15.95,60.01,-1.46,0,0.01,0,0.31,-5.03,14.49,37.44,-7.55,4.47,121.73,-3.09,118.65,,,
4071,13.17,60.29,0.17,0,0.03,0,-0.73,-5.5,18.09,38.54,-7.27,4.42,124.05,-2.85,121.2,,,
4081,10.2,53.78,1.64,0,0.08,0,4.39,-6.28,15.38,40.11,-7.3,4.36,119.29,-2.94,116.35,,,
4091,12.42,46.02,-2.62,0,0.01,0,0.62,-5.4,13.68,38.14,-7.59,4.47,102.87,-3.12,99.75,,,
4101,16.59,52.61,-0.69,0,0.05,0,-1.5,-5.2,15.03,37.48,-7.52,4.39,114.37,-3.13,111.24,,,
4111,12.7,54.8,-2.14,0,0.05,0,1.83,-4.95,13.5,37.45,-7.2,4.42,113.23,-2.78,110.45,,,
4121,8.61,61.13,-3.45,0,0.03,0,-1.12,-5.9,14.43,39.04,-6.7,4.41,112.78,-2.29,110.49,,,
4131,16.78,57.81,-2.68,0,0.03,0,0.89,-5.41,12.03,37.94,-7.61,4.39,117.4,-3.22,114.18,,,
4141,13.37,45.95,-2.97,0,0.01,0,0.63,-5.1,14.32,37.41,-7.19,4.4,103.61,-2.79,100.82,,,
4151,17.92,57.86,-2.75,0,0.02,0,0.34,-4.61,14.61,36.52,-7.22,4.43,119.91,-2.79,117.12,,,
4161,17.55,71.56,-4.51,0,0.02,0,0.93,-4.58,10.38,36.64,-7.64,4.48,127.99,-3.16,124.83,,,
4171,23.86,45.25,-1.3,0,0.02,0,-1.06,-4.86,12.08,36.75,-7.45,4.38,110.74,-3.07,107.66,,,
4181,11.94,48.61,3.33,0,0.04,0,-0.29,-5.65,14.95,37.71,-7.39,4.42,110.64,-2.97,107.68,,,
4191,8.9,54.88,-1.24,0,0,0,-0.33,-5.45,13.95,38.04,-7.41,4.43,108.74,-2.98,105.76,,,
4201,13.5,44.88,-1.9,0,0.03,0,3.61,-5.3,14.47,38.14,-7.1,4.39,107.42,-2.71,104.72,,,
4211,9.07,65.06,0.04,0,0.04,0,-1.77,-4.78,16.63,36.81,-7.55,4.39,121.1,-3.16,117.94,,,
4221,10.31,53.36,-4.41,0,0.03,0,2.35,-4.97,12.78,37.5,-7.33,4.38,106.96,-2.96,104,,,
4231,16.75,49.16,0.49,0,0.03,0,1.18,-4.79,13.01,37.03,-7,4.38,112.85,-2.62,110.23,,,
4241,11.08,48.82,3.66,0,0.02,0,-0.29,-5.3,15.24,38.24,-7.65,4.36,111.46,-3.29,108.16,,,
4251,18.05,47.87,-0.07,0,0.04,0,0.26,-4.88,11.75,37.16,-7.41,4.4,110.18,-3.02,107.16,,,
4261,14.14,44.72,-2.89,0,0.03,0,0.68,-5.18,13.55,37.75,-7.49,4.34,102.81,-3.15,99.66,,,
4271,11.52,50.92,-4.42,0,0.02,0,1.52,-5.33,12.41,38.22,-7.31,4.37,104.86,-2.95,101.91,,,
4281,9.57,50.54,0.03,0,0.04,0,4.83,-5.6,16.32,38.27,-7.05,4.39,113.98,-2.66,111.33,,,
4291,13.98,52.88,-4.38,0,0.01,0,-0.09,-5.15,13.15,37.76,-7.37,4.4,108.16,-2.97,105.19,,,
4301,19.6,48.03,-0.1,0,0.03,0,-1.38,-5.9,12.54,38.65,-7.06,4.4,111.47,-2.66,108.81,,,
4311,11.03,46.39,-3.3,0,0.02,0,3.54,-5.52,14.47,38.69,-6.81,4.36,105.31,-2.45,102.86,,,
4321,14.45,42.9,-1.64,0,0,0,4.02,-5.51,14.47,37.65,-7.34,4.4,106.33,-2.94,103.39,,,
4331,12.23,60.46,-4.53,0,0.04,0,1.54,-5.81,14.22,38.9,-6.89,4.33,117.06,-2.56,114.5,,,
4341,12.61,51.82,-2.85,0,0.02,0,-0.97,-5.84,13.58,39.26,-6.79,4.35,107.61,-2.44,105.18,,,
4351,12.89,61.22,0.06,0,0.05,0,0.5,-4.73,12.93,37.03,-7.51,4.37,119.96,-3.14,116.82,,,
4361,13.38,48.86,0.57,0,0.08,0,-0.5,-4.74,12.64,36.74,-7.76,4.41,107.02,-3.35,103.67,,,
4371,12.12,45.13,-1.29,0,0.05,0,1.57,-5.26,13.5,38.11,-7.55,4.4,103.94,-3.15,100.78,,,
4381,16.63,60.75,-1.39,0,0.01,0,3.26,-5.27,13.87,37.39,-8.05,4.42,125.26,-3.63,121.63,,,
4391,12.98,50.32,-1.34,0,0.01,0,0.4,-4.75,14.71,37.43,-6.97,4.35,109.76,-2.62,107.14,,,
4401,15.68,44.46,1.32,0,0.03,0,1.7,-5.27,13.27,38.27,-7.15,4.39,109.47,-2.75,106.72,,,
4411,10.78,56.35,-1.76,0,0.02,0,-0.87,-6.03,14.74,39.18,-6.91,4.34,112.41,-2.57,109.84,,,
4421,11.8,50.15,-1.5,0,0.02,0,0.22,-4.84,13.81,37.56,-7.32,4.33,107.21,-2.99,104.23,,,
4431,15.98,56.91,-2.06,0,0.07,0,1.32,-5.39,12.58,37.57,-7.58,4.37,116.98,-3.21,113.77,,,
4441,17.07,49.62,2.57,0,0.05,0,-2.92,-5.25,12.74,37.47,-7.63,4.4,111.35,-3.22,108.13,,,
4451,16.27,50.5,-2.66,0,0,0,2,-5.4,13.39,38.37,-7.49,4.35,112.48,-3.14,109.33,,,
4461,13.4,58.43,0.03,0,0.02,0,-1.14,-5.42,11.94,37.63,-7.52,4.41,114.87,-3.11,111.76,,,
4471,12.49,46,0.38,0,0.18,0,5.45,-5.14,16.42,37.68,-6.92,4.34,113.46,-2.58,110.88,,,
4481,12.37,57.23,-2.18,0,0.05,0,2.66,-4.48,12.13,36.48,-7.45,4.38,114.23,-3.07,111.16,,,
4491,13.11,62.6,-2.31,0,0,0,3.54,-5.87,14.67,38.98,-7.34,4.38,124.72,-2.96,121.76,,,
4501,17.1,57.3,-0.93,0,0.01,0,-2.32,-4.91,14.48,37.59,-7.05,4.41,118.33,-2.64,115.69,,,
4511,15.26,51.52,-3.02,0,0.01,0,3.87,-5.61,13.92,38.24,-7.2,4.38,114.2,-2.81,111.39,,,
4521,12.54,45.36,1.52,0,0.04,0,0.04,-5.39,12.36,38.35,-7.02,4.41,104.82,-2.6,102.21,,,
4531,13.43,47.46,-3.14,0,0.04,0,-1.82,-5.69,13.73,38.75,-7.13,4.4,102.77,-2.73,100.03,,,
4541,15.23,49.52,-3.99,0,0.01,0,2.88,-4.65,13.33,37.21,-6.82,4.42,109.54,-2.4,107.14,,,
4551,10.22,56.63,-2.58,0,0.02,0,2.5,-4.47,14.92,36.7,-7.29,4.41,113.95,-2.87,111.07,,,
4561,19.52,43.79,-2.24,0,0.04,0,4.12,-4.76,13.38,37.44,-6.8,4.39,111.31,-2.41,108.9,,,
4571,9.18,48.22,-2.48,0,0.03,0,2.46,-5.15,14.33,37.66,-7.13,4.41,104.25,-2.72,101.53,,,
4581,8.99,61.53,0.31,0,0.02,0,-1.01,-5.42,16.21,38.09,-7.64,4.39,118.71,-3.25,115.47,,,
4591,14.83,45.33,0.95,0,0.04,0,2.19,-4.79,14.91,36.89,-7.04,4.36,110.35,-2.68,107.67,,,
4601,9.31,50.16,-1.05,0,0.1,0,2.22,-5.55,13.9,38.48,-7.43,4.39,107.57,-3.04,104.53,,,
4611,11.87,53.59,-3.53,0,0.01,0,1.62,-4.64,16.56,37.08,-6.61,4.39,112.55,-2.21,110.34,,,
4621,18.05,47.63,-1.42,0,0.02,0,5.73,-5.98,12.72,38.81,-7.75,4.45,115.57,-3.3,112.26,,,
4631,16.86,55.58,-0.87,0,0,0,2.7,-5.28,13.76,37.64,-7.63,4.42,120.39,-3.22,117.17,,,
4641,13.68,48.69,3.14,0,0.07,0,1.89,-4.94,12.02,37.25,-7.46,4.37,111.8,-3.09,108.72,,,
4651,5.79,49.87,-2.15,0,0.02,0,0.81,-4.91,13.38,37.23,-7.54,4.41,100.04,-3.12,96.91,,,
4661,12.9,58.67,2.87,0,0.04,0,-0.73,-5.33,14.72,37.62,-7.51,4.42,120.76,-3.09,117.67,,,
4671,15.45,58.56,-4.32,0,0.02,0,4.11,-5.79,13.62,39.11,-7.19,4.42,120.75,-2.77,117.98,,,
4681,12.15,51.88,0,0,0,0,4.14,-5.96,13.8,39.78,-7.2,4.39,115.79,-2.82,112.98,,,
4691,8.25,54.05,1.81,0,0.03,0,-1.46,-4.69,14.04,36.9,-7.18,4.38,108.91,-2.8,106.11,,,
4701,15.02,56.37,-1.9,0,0.03,0,-1.27,-6.02,12.73,38.69,-7.65,4.4,113.65,-3.25,110.41,,,
4711,14.48,50.04,-2.58,0,0.01,0,-0.57,-6.04,14.74,38.85,-7.04,4.37,108.94,-2.67,106.27,,,
4721,15.86,48.39,-3.24,0,0.02,0,2.46,-5.51,12.29,38.1,-7.52,4.41,108.36,-3.12,105.25,,,
4731,10.99,43.53,3.2,0,0.05,0,1.99,-6.14,12.76,39.25,-7.55,4.43,105.61,-3.12,102.5,,,
4741,14.66,50.9,-0.72,0,0.02,0,4.21,-6.01,14.89,38.52,-7.36,4.38,116.48,-2.98,113.5,,,
4751,15.66,59.68,-0.11,0,0.09,0,1.19,-5.69,14.18,38.81,-7.35,4.42,123.8,-2.93,120.88,,,
4761,13.76,53.64,0.14,0,0.02,0,1.73,-5.8,14.01,39.21,-7.08,4.48,116.72,-2.6,114.13,,,
4771,13.13,50.52,4.67,0,0.05,0,0.02,-5.59,14.11,38.34,-7.69,4.41,115.26,-3.29,111.97,,,
4781,11.31,54.84,1.66,0,0.04,0,4.4,-5.81,14.89,39.19,-7.4,4.36,120.51,-3.03,117.48,,,
4791,14.64,50.62,0.7,0,0.02,0,0.7,-5.77,13.35,38.05,-8.23,4.4,112.32,-3.83,108.49,,,
4801,12.22,54.44,-0.8,0,0.01,0,1.59,-5.1,14.15,37.18,-7.45,4.4,113.7,-3.04,110.65,,,
4811,21.31,53.57,-2.88,0,0.02,0,0.21,-5.55,10.99,38.25,-7.99,4.45,115.93,-3.54,112.38,,,
4821,19,57.62,-0.13,0,0.02,0,-0.92,-4.59,11.76,36.5,-7.82,4.43,119.25,-3.39,115.85,,,
4831,17.25,50.15,-2.61,0,0.02,0,-0.78,-6.34,12.85,39.56,-7.55,4.44,110.1,-3.11,106.99,,,
4841,10.22,39.34,-1.91,0,0.02,0,3.86,-5.64,15.18,38.57,-7.54,4.38,99.65,-3.16,96.49,,,
4851,15.98,46.35,0.77,0,0.02,0,-0.5,-5.63,16.44,39.03,-7.14,4.4,112.47,-2.74,109.73,,,
4861,12.64,47.1,-1.54,0,0.06,0,2.04,-4.59,13.88,37.01,-7.26,4.41,106.59,-2.85,103.74,,,
4871,10.3,54.6,1.64,0,0.03,0,-0.3,-4.99,14.02,37.61,-7.41,4.41,112.91,-2.99,109.92,,,
4881,9.77,56.22,-1.02,0,0.02,0,0.83,-5.58,14.89,38.23,-7.29,4.39,113.36,-2.9,110.46,,,
4891,13.36,48.58,-2.58,0,0.03,0,4.72,-4.92,15.52,37.4,-7.35,4.41,112.13,-2.94,109.19,,,
4901,12.98,50.94,-4.66,0,0,0,2.62,-5.28,13.37,37.69,-6.87,4.4,107.65,-2.47,105.18,,,
4911,13.03,47.3,3.74,0,0.01,0,1.14,-4.96,15.22,37.15,-7.62,4.43,112.64,-3.19,109.45,,,
4921,14.59,55.79,0.1,0,0.07,0,0.54,-4.44,15.09,35.96,-7.22,4.44,117.69,-2.78,114.92,,,
4931,11.12,50.73,-2.65,0,0.04,0,3.77,-4.93,15.08,37.15,-7.17,4.44,110.31,-2.73,107.58,,,
4941,14.92,55.05,-2.36,0,0.02,0,4.37,-5.77,15.61,38.41,-7.17,4.34,120.25,-2.83,117.42,,,
4951,12.48,41.93,-1.28,0,0.01,0,2.07,-5.15,13.37,37.92,-7.12,4.4,101.35,-2.72,98.63,,,
4961,14.11,49.92,2.27,0,0.01,0,1.85,-5.29,13.87,37.72,-7.33,4.39,114.48,-2.94,111.54,,,
4971,10.96,51.39,-3.24,0,0.03,0,1.68,-5.2,14.05,37.8,-7.46,4.41,107.47,-3.05,104.42,,,
4981,15.34,52.41,-3.05,0,0.02,0,6.05,-5.71,15.54,38.82,-6.69,4.37,119.4,-2.32,117.08,,,
4991,7.99,60.73,0.4,0,0.04,0,2.96,-5.42,15.09,38.13,-7.17,4.46,119.92,-2.72,117.21,,,
5001,12.49,46.91,-2.15,0,0.03,0,1.35,-5.36,14.98,37.71,-7.94,4.45,105.97,-3.49,102.48,,,
5011,20.43,51.45,-1.15,0,0.08,0,-0.72,-5.06,12.96,37.31,-6.59,4.42,115.31,-2.17,113.14,,,
5021,13.98,58.87,-3.3,0,0.02,0,-1.44,-5.64,15.31,38.23,-7.31,4.4,116.03,-2.9,113.13,,,
5031,9.71,52.97,0.95,0,0.02,0,0.32,-6.09,14.24,38.98,-7.43,4.43,111.09,-3,108.09,,,
5041,10.52,55.99,-0.25,0,0.02,0,0.06,-5.69,13.54,38.89,-7.28,4.38,113.08,-2.9,110.18,,,
5051,11.71,48.66,-2.97,0,0.02,0,6.48,-6.12,14.84,39.21,-7.5,4.38,111.83,-3.12,108.7,,,
5061,11.53,44.51,3.79,0,0.02,0,1.89,-4.78,15.69,37.06,-7.16,4.34,109.71,-2.82,106.89,,,
5071,12.59,50.29,0.34,0,0.07,0,2.58,-5.43,15.02,38.11,-7.23,4.43,113.58,-2.81,110.77,,,
5081,17.72,50.32,-0.71,0,0.01,0,2.22,-4.79,13.59,37,-7.72,4.42,115.36,-3.3,112.06,,,
5091,17.54,47.46,-1.74,0,0.01,0,2.11,-5.58,15.97,38.19,-7,4.41,113.96,-2.59,111.36,,,
5101,10.57,54.84,-2.07,0,0.03,0,-0.58,-5.51,13.42,38.38,-7.61,4.45,109.09,-3.16,105.93,,,
5111,22.44,58.9,-2.15,0,0.02,0,0.57,-5.87,12.03,38.3,-8.37,4.44,124.25,-3.92,120.33,,,
5121,17.89,50.48,2.74,0,0.04,0,2.44,-5.47,13.64,37.88,-7.72,4.45,119.65,-3.26,116.39,,,
5131,12.11,51.63,-0.06,0,0.01,0,0.38,-5.52,13.32,38.09,-7.12,4.39,109.97,-2.74,107.23,,,
5141,10.3,47.47,-4.33,0,0.02,0,3.97,-5.79,14.78,38.6,-7.13,4.38,105.03,-2.75,102.27,,,
5151,12.67,60.32,-2.79,0,0.01,0,2.94,-5.99,16.05,38.65,-7.69,4.38,121.87,-3.31,118.56,,,
5161,15.26,50.11,3.11,0,0.01,0,1.09,-6.25,16.11,39.77,-7.18,4.43,119.2,-2.75,116.46,,,
5171,18.9,52.8,-2.34,0,0.01,0,-2.4,-5.11,12.07,37.23,-7.49,4.44,111.15,-3.06,108.09,,,
5181,9.27,49.15,1.25,0,0.04,0,-0.77,-4.7,14.88,36.87,-7.03,4.43,105.98,-2.6,103.38,,,
5191,13.96,62.45,-2.72,0,0.02,0,4.26,-4.95,11.88,36.92,-7.75,4.36,121.83,-3.38,118.45,,,
5201,9.64,47.92,-0.69,0,0.04,0,1.73,-5.53,15.51,38.58,-7.57,4.37,107.2,-3.2,104,,,
5211,6.87,62,1.7,0,0.11,0,1.76,-5.9,15.45,39.09,-7.16,4.42,121.07,-2.74,118.33,,,
5221,15.68,43.17,3.05,0,0.05,0,0.47,-5.85,14.76,38.57,-7.65,4.47,109.9,-3.18,106.72,,,
5231,14.96,48.09,-1.31,0,0,0,4.24,-5.63,13.67,38,-7.75,4.42,112.02,-3.33,108.7,,,
5241,13.93,51.57,-2.16,0,0.02,0,-2.18,-5.15,13.79,37.99,-7.58,4.42,107.81,-3.16,104.65,,,
5251,15.21,52.5,-3.12,0,0.01,0,4.47,-5.69,14.35,38.69,-7.32,4.43,116.41,-2.89,113.52,,,
5261,16.6,53.15,-3.04,0,0.02,0,1.2,-6.12,11.91,38.93,-7.62,4.41,112.63,-3.21,109.42,,,
5271,21.72,57.25,1.64,0,0.2,0,2.59,-5.24,14.28,37.98,-7.91,4.45,130.43,-3.46,126.97,,,
5281,13.24,51.89,-2.63,0,0,0,-1.09,-5.74,13.57,38.49,-7.62,4.41,107.74,-3.21,104.54,,,
5291,14.63,51.69,0.62,0,0.02,0,0.18,-5.89,13.94,39.26,-7.06,4.37,114.45,-2.69,111.76,,,
5301,13.34,44.92,-1.09,0,0.02,0,0.19,-5.73,17.7,39.12,-7.05,4.41,108.46,-2.63,105.82,,,
5311,16.02,52,2.76,0,0.02,0,0.85,-5.17,15.07,37.74,-8.34,4.44,119.29,-3.89,115.4,,,
5321,19.43,52.2,-0.3,0,0.04,0,2.29,-5.42,14.5,38.37,-7.53,4.39,121.11,-3.14,117.97,,,
5331,13.91,47.24,-0.19,0,0.04,0,3.72,-5.52,15.44,38.43,-7.4,4.36,113.08,-3.04,110.05,,,
5341,15.45,52.02,-1.89,0,0.01,0,2.93,-5.61,14.77,38.05,-7.49,4.34,115.74,-3.16,112.58,,,
5351,16.59,54.62,0.54,0,0.02,0,-0.39,-5.33,14.66,37.87,-7.59,4.38,118.58,-3.22,115.36,,,
5361,14.67,46.49,-2.23,0,0.03,0,-0.67,-5.75,14.18,38.83,-7.41,4.48,105.55,-2.93,102.62,,,
5371,17.09,60.41,-0.85,0,0.04,0,1.83,-5.48,10.81,37.84,-8.06,4.42,121.67,-3.65,118.02,,,
5381,14.12,49.95,-0.28,0,0.03,0,5.26,-5.75,12.09,37.64,-8.11,4.41,113.05,-3.69,109.36,,,
5391,11.28,44.75,1.66,0,0,0,2.83,-5.98,14.16,38.82,-7.04,4.4,107.52,-2.64,104.88,,,
5401,15.1,61.17,0.16,0,0.02,0,-0.55,-5.71,14.95,38.29,-7.27,4.33,123.42,-2.95,120.48,,,
5411,14.8,57.04,0.45,0,0.03,0,0.7,-5.39,12.32,37.83,-7.54,4.44,117.77,-3.1,114.67,,,
5421,12.28,54.3,1.08,0,0.01,0,1.3,-5.93,13.78,38.49,-7.54,4.38,115.31,-3.16,112.14,,,
5431,11.08,45.22,-0.87,0,0.02,0,-1.44,-5.64,15.88,38.19,-7.33,4.37,102.45,-2.96,99.49,,,
5441,9.43,53.68,2.25,0,0.06,0,2.18,-5.37,16.19,38.24,-7.06,4.42,116.66,-2.63,114.03,,,
5451,11,59.62,-5.59,0,0.01,0,4.94,-5.27,12.15,37.51,-7.63,4.39,114.38,-3.24,111.14,,,
5461,15.87,59.79,-0.4,0,0.03,0,0.8,-5.51,12.32,37.98,-7.19,4.42,120.88,-2.77,118.11,,,
5471,15.11,49.88,0.15,0,0.01,0,1.03,-5.88,15.12,38.62,-7.06,4.39,114.03,-2.67,111.36,,,
5481,11.79,43.75,0.78,0,0.02,0,4.16,-5.75,13.61,38.51,-7.33,4.39,106.86,-2.94,103.92,,,
5491,7.64,51.92,-1.63,0,0.01,0,2.03,-5.88,14.23,38.45,-7.4,4.43,106.77,-2.97,103.8,,,
5501,10.2,50.15,1.32,0,0.06,0,4.55,-5.7,16.17,38.78,-7.38,4.33,115.53,-3.05,112.48,,,
5511,9.45,49.05,0.79,0,0.02,0,4.41,-5.64,14.95,38.21,-7.94,4.41,111.22,-3.53,107.69,,,
5521,15.16,55.37,-0.26,0,0,0,-2.72,-5.67,13.95,38.09,-7.63,4.41,113.94,-3.22,110.72,,,
5531,15.66,46.48,-3.25,0,0.01,0,-0.34,-5.86,11.77,38.58,-7.25,4.43,103.07,-2.82,100.25,,,
5541,14.45,52.13,0.2,0,0.03,0,-0.6,-5.91,12.34,38.69,-7.56,4.42,111.31,-3.14,108.17,,,
5551,11.01,56.31,-1.29,0,0.03,0,3.84,-5.58,14.96,37.84,-7.82,4.38,117.12,-3.43,113.69,,,
5561,19.55,47.92,-0.87,0,0.04,0,-2.95,-5.75,11.22,39,-7.89,4.48,108.17,-3.41,104.76,,,
5571,14.82,48.34,1.9,0,0.07,0,2.43,-5.65,13.25,37.76,-7.88,4.44,112.91,-3.44,109.48,,,
5581,15.37,52.17,-2.5,0,0.02,0,1.34,-5.8,12.28,38.36,-7.96,4.39,111.22,-3.56,107.66,,,
5591,9.02,54.2,0.53,0,0.04,0,4.68,-5.71,14.72,38.42,-7.12,4.35,115.92,-2.77,113.14,,,
5601,12.28,46.54,4.15,0,0.02,0,2.37,-5.85,17,38.86,-7.14,4.44,115.37,-2.7,112.67,,,
5611,14.46,45.98,0.02,0,0.04,0,2.53,-4.85,14.57,37.38,-7.11,4.39,110.12,-2.72,107.4,,,
5621,14.83,49.72,-0.04,0,0.02,0,0.36,-4.72,12.71,37.03,-7.48,4.45,109.92,-3.03,106.88,,,
5631,11.16,58.39,-1.31,0,0.01,0,-2.68,-5.29,13.92,37.83,-7.42,4.42,112.03,-2.99,109.04,,,
5641,13.71,46.42,-1.68,0,0.01,0,1.08,-5.92,14.41,38.83,-7.26,4.42,106.85,-2.84,104.01,,,
5651,18.29,39.75,-0.87,0,0.02,0,-0.76,-4.6,11.57,36.78,-7.16,4.44,100.17,-2.72,97.46,,,
5661,15.4,49.04,-1.6,0,0.02,0,-0.57,-5.99,15.01,38.94,-7.02,4.37,110.25,-2.65,107.6,,,
5671,11.14,56.88,-0.57,0,0.02,0,0.06,-5.35,14.06,38.07,-7.37,4.39,114.3,-2.98,111.32,,,
5681,14.03,52.23,-0.78,0,0.01,0,-0.6,-5.97,13.78,38.78,-7.09,4.37,111.48,-2.72,108.76,,,
5691,11.05,46.83,2.18,0,0.05,0,2.74,-5.64,14.36,37.99,-7.34,4.38,109.56,-2.96,106.6,,,
5701,8.9,50.09,0.78,0,0.04,0,7.45,-6,13.89,39.17,-7.31,4.4,114.33,-2.91,111.42,,,
5711,22.18,47.83,1.91,0,0.02,0,-2.33,-5.99,12.09,39.46,-7.54,4.42,115.16,-3.11,112.05,,,
5721,10.04,50.02,-1.19,0,0.01,0,4.38,-6.09,14.06,39.82,-7.52,4.39,111.05,-3.13,107.92,,,
5731,8.58,49.15,2.73,0,0.02,0,0.26,-5.71,14.79,38.54,-7.25,4.44,108.38,-2.81,105.57,,,
5741,12.53,43.48,1.11,0,0.04,0,1.25,-4.78,14.71,36.84,-7.09,4.39,105.18,-2.7,102.49,,,
5751,7.84,46.85,-1.4,0,0.03,0,1.98,-5.36,14.16,38.59,-7.39,4.42,102.69,-2.97,99.72,,,
5761,18.36,51.94,3.28,0,0.04,0,0.26,-5.84,13.23,39.02,-7.17,4.41,120.29,-2.76,117.53,,,
5771,11.15,49.89,-2.39,0,0.03,0,2.94,-5.36,14.42,38.44,-7.73,4.41,109.13,-3.32,105.81,,,
5781,13.97,59.86,-3.64,0,0.03,0,3.65,-5.31,11.8,37.7,-7.85,4.44,118.06,-3.41,114.64,,,
5791,10.32,45.95,-2.39,0,0.02,0,-0.29,-5.65,12.77,38.39,-7.53,4.4,99.11,-3.14,95.98,,,
5801,11.7,52.26,-2.43,0,0.01,0,0.75,-5.15,13.97,37.93,-7.28,4.38,109.04,-2.9,106.14,,,
5811,14.91,58.53,-1.47,0,0.02,0,1.84,-5.71,15.27,38.77,-7.42,4.42,122.17,-3,119.18,,,
5821,12.7,54.89,-1.97,0,0.01,0,-3.24,-5.75,15.28,38.82,-7.89,4.43,110.73,-3.45,107.28,,,
5831,16.22,54.83,-4.18,0,0.02,0,3.28,-4.61,12.07,36.45,-7.2,4.41,114.08,-2.79,111.28,,,
5841,13.61,57.86,2.79,0,0.04,0,-3.02,-5.61,12.57,38.47,-7.21,4.43,116.7,-2.78,113.91,,,
5851,8.44,48.11,-1.87,0,0.03,0,4.21,-5.04,13.42,37.88,-7.21,4.4,105.18,-2.81,102.38,,,
5861,17.23,56.19,-2.62,0,0.1,0,1.36,-5.4,13.05,37.43,-8.03,4.48,117.34,-3.55,113.79,,,
5871,14.99,38.55,3.23,0,0.08,0,-0.04,-5.55,12.53,38.73,-7.96,4.4,102.52,-3.56,98.96,,,
5881,9.62,46.53,1.43,0,0.01,0,-2.88,-5.71,13.46,38.65,-7.54,4.42,101.1,-3.12,97.98,,,
5891,12.27,46.15,0.17,0,0.02,0,2.27,-5.25,14.63,38.01,-7.78,4.43,108.28,-3.35,104.93,,,
5901,14.68,50.1,0.5,0,0.05,0,0.87,-5.65,12.98,38.56,-7.1,4.37,112.09,-2.73,109.36,,,
5911,13.98,52.4,-0.26,0,0.02,0,4.67,-5.61,13.54,38.37,-7.28,4.42,117.11,-2.87,114.25,,,
5921,19.5,47.35,-3.31,0,0.05,0,4.66,-5.69,11.65,38.67,-7.37,4.41,112.89,-2.96,109.93,,,
5931,13.28,51.52,-0.74,0,0.03,0,4.05,-5.47,13.9,38.21,-7.5,4.42,114.77,-3.08,111.69,,,
5941,9.44,53.93,-1.15,0,0.05,0,1.51,-5.44,12.85,37.82,-7.2,4.4,109.01,-2.79,106.22,,,
5951,11.83,50.54,0.28,0,0,0,1.64,-5.87,13.8,38.78,-7.32,4.41,111,-2.91,108.09,,,
5961,13.97,47.29,0.44,0,0.05,0,1.48,-4.41,16.1,36.03,-6.92,4.38,110.94,-2.54,108.4,,,
5971,13.31,46.37,2.78,0,0.03,0,2.05,-5.49,12.44,38.47,-7.33,4.37,109.95,-2.95,107,,,
5981,11.74,44.57,-0.55,0,0.05,0,1.82,-6,15.01,39.23,-7.33,4.44,105.87,-2.89,102.98,,,
5991,11.94,56.97,-4.2,0,0.01,0,3.74,-5.73,14.93,38.49,-7.39,4.39,116.15,-3,113.15,,,
6001,11.86,39.2,2.52,0,0.01,0,3.25,-5.63,16.7,38.54,-7.1,4.36,106.45,-2.74,103.71,,,
6011,20.56,51.24,2.01,0,0.02,0,2.33,-5.89,15.09,38.79,-7.87,4.35,124.15,-3.52,120.64,,,
6021,14.49,55.07,1.8,0,0.02,0,1.11,-5.15,15.91,37.78,-7.26,4.39,121.03,-2.86,118.17,,,
6031,18.67,49.3,1.89,0,0.02,0,3.35,-5.78,13.29,38.09,-7.83,4.46,118.83,-3.37,115.45,,,
6041,16.01,47.26,-0.05,0,0.03,0,1.67,-5.48,16.51,38.51,-7.13,4.39,114.46,-2.73,111.73,,,
6051,12.08,47.82,-0.92,0,0.03,0,-0.52,-5.56,14.2,38.22,-7.35,4.39,105.34,-2.96,102.38,,,
6061,21.61,45.13,-2.57,0,0.01,0,1.63,-5.45,12.99,37.98,-7.66,4.44,111.33,-3.23,108.11,,,
6071,12.97,39.58,-0.74,0,0.02,0,4.18,-5.59,12.81,38.6,-7.55,4.41,101.84,-3.15,98.69,,,
6081,13.25,48.92,1.2,0,0.03,0,-0.4,-5.59,16.08,38.59,-7.25,4.39,112.08,-2.85,109.22,,,
6091,12.05,53.7,-3.3,0,0.01,0,2.92,-5.24,12.27,37.26,-8.09,4.43,109.67,-3.66,106.01,,,
6101,10.99,53.79,-0.94,0,0.04,0,-1.39,-5.53,14.03,38.13,-7.45,4.44,109.13,-3.01,106.12,,,
6111,12.28,51.08,1,0,0.08,0,-0.68,-5.31,13.78,38.21,-7.59,4.43,110.44,-3.17,107.27,,,
6121,15.6,49.43,0.02,0,0.05,0,1.77,-5.31,15.67,37.88,-7.37,4.4,115.12,-2.96,112.15,,,
6131,14.48,57.14,1.7,0,0.02,0,1.52,-6.32,15.58,40.01,-7.35,4.45,124.13,-2.89,121.24,,,
6141,21.3,47.11,-0.61,0,0.02,0,2.75,-4.75,12.58,36.31,-8.18,4.44,114.71,-3.74,110.96,,,
6151,16.13,52.33,-1.49,0,0.02,0,0.4,-5.53,13.79,38.07,-7.31,4.42,113.7,-2.89,110.8,,,
6161,13.67,47.16,-1.66,0,0.01,0,1.7,-6,13.97,39.32,-6.96,4.45,108.15,-2.51,105.64,,,
6171,10.79,50.96,0.49,0,0.02,0,0.2,-5.18,16.1,38.18,-7.51,4.42,111.58,-3.08,108.5,,,
6181,11.96,54.38,-1.41,0,0.01,0,3.12,-5.43,13.57,38.18,-7.5,4.44,114.38,-3.05,111.33,,,
6191,12.54,53.76,-3.32,0,0.02,0,2.64,-5.39,11.89,37.45,-7.73,4.39,109.59,-3.34,106.24,,,
6201,11.07,58.47,-0.01,0,0.02,0,3.83,-4.83,13.39,37.34,-7.31,4.45,119.27,-2.86,116.41,,,
6211,14.84,67.11,1.49,0,0.02,0,0.26,-5.83,12.52,38.31,-7.78,4.39,128.71,-3.39,125.32,,,
6221,17.16,49.92,-1.7,0,0.01,0,2.34,-5.4,14.22,38.31,-7.28,4.42,114.85,-2.86,111.99,,,
6231,10.69,49.99,4.05,0,0.12,0,-1.85,-5.66,12.74,38.23,-7.57,4.47,108.32,-3.1,105.23,,,
6241,8.47,54,-0.91,0,0.01,0,-0.45,-5.58,15.41,37.84,-7.69,4.39,108.77,-3.3,105.47,,,
6251,17.35,50.63,-0.05,0,0.03,0,0.7,-5.78,13.94,38.61,-7.73,4.38,115.43,-3.35,112.08,,,
6261,13.41,41.85,0.56,0,0.03,0,0.25,-6,14.53,38.88,-7.45,4.43,103.51,-3.02,100.49,,,
6271,9.34,49.89,0.14,0,0,0,1.11,-4.56,16.03,36.15,-7.41,4.46,108.1,-2.95,105.15,,,
6281,10.04,54.87,-0.52,0,0.02,0,0.79,-5.59,16.36,37.96,-7.16,4.4,113.94,-2.76,111.18,,,
6291,14.93,50.85,-1.73,0,0.03,0,3.22,-5.05,13.29,37.45,-7.16,4.4,112.99,-2.75,110.24,,,
6301,12.35,50.59,0.61,0,0.01,0,0.8,-5.81,14.62,38.65,-7,4.42,111.84,-2.59,109.25,,,
6311,14.28,50.71,0.08,0,0.03,0,2.9,-5.51,12.51,38.37,-7.51,4.4,113.38,-3.11,110.27,,,
6321,11.95,47.25,-4.49,0,0.02,0,-0.16,-5.76,14.46,38.79,-6.72,4.37,102.08,-2.35,99.73,,,
6331,16.22,53.91,-1.77,0,0.03,0,-3.09,-5.34,12.06,37.71,-7.4,4.4,109.72,-3,106.72,,,
6341,12.56,47.46,-0.75,0,0.03,0,-0.16,-5.38,12.42,38.38,-7.4,4.36,104.57,-3.04,101.53,,,
6351,15.09,56.88,-2.01,0,0.01,0,0.79,-5.13,13.83,37.6,-7.3,4.4,117.07,-2.9,114.17,,,
6361,11.48,55.53,-1.32,0,0.01,0,2.61,-6.35,18.28,40.75,-6.61,4.29,120.99,-2.32,118.67,,,
6371,14.85,52.67,4.01,0,0.09,0,-2.93,-4.94,12.09,37.01,-7.45,4.37,112.86,-3.08,109.78,,,
6381,16.4,50.94,-3.3,0,0.01,0,1.55,-5.53,13.39,38.26,-7.23,4.37,111.73,-2.87,108.86,,,
6391,9.17,43.04,-0.11,0,0.01,0,-0.04,-5.32,16.48,38.16,-7.2,4.36,101.39,-2.84,98.55,,,
6401,12.65,48.03,1.72,0,0.05,0,-0.18,-6.27,14.29,39.41,-7.12,4.42,109.7,-2.71,106.99,,,
6411,12.99,59.92,-2.25,0,0.04,0,4.95,-5.32,16.82,37.67,-7.45,4.31,124.83,-3.13,121.69,,,
6421,8.5,51.56,-2.73,0,0.02,0,4.98,-5.39,14.58,38.07,-7.17,4.38,109.59,-2.79,106.8,,,
6431,12.39,51.03,-0.01,0,0.04,0,0.66,-5.12,17.74,38.02,-7.74,4.46,114.77,-3.28,111.49,,,
6441,14.49,46.04,-2.31,0,0.01,0,2,-5.55,12.18,38.07,-7.64,4.36,104.93,-3.28,101.65,,,
6451,19.59,52.01,-2.1,0,0.02,0,1.06,-5.89,14.39,38.99,-7.16,4.37,118.09,-2.79,115.3,,,
6461,18.52,53.36,-3.72,0,0.02,0,0.27,-5.27,13.91,38.14,-7.2,4.4,115.25,-2.8,112.45,,,
6471,17.71,50.6,-3.99,0,0.03,0,2.34,-5.45,11.86,38.1,-7.95,4.43,111.2,-3.52,107.67,,,
6481,12.8,45.15,-1.41,0,0,0,-0.75,-5.39,14.47,37.96,-6.83,4.36,102.83,-2.48,100.35,,,
6491,11.53,55.32,-0.13,0,0.02,0,2.78,-5.42,13.99,38.67,-7.46,4.33,116.76,-3.13,113.62,,,
6501,11.54,53.6,-0.08,0,0.01,0,0.27,-5.49,14.6,38.11,-7.23,4.35,112.55,-2.87,109.68,,,
6511,12.22,45.92,-1.28,0,0.02,0,-0.63,-5.95,15.4,39.1,-6.98,4.38,104.81,-2.6,102.21,,,
6521,12.22,63.37,-3.26,0,0.01,0,0.97,-5.22,12.49,37.75,-7.45,4.37,118.31,-3.09,115.22,,,
6531,16.39,42.1,-0.43,0,0.04,0,1.72,-5.73,14.68,38.47,-7.32,4.35,107.23,-2.97,104.25,,,
6541,14.63,57.2,0.76,0,0.04,0,2.24,-5.63,13.93,38.38,-7.07,4.38,121.54,-2.69,118.85,,,
6551,16.73,49.82,-3.45,0,0.01,0,0.04,-5.87,12.54,38.6,-7.39,4.31,108.43,-3.08,105.34,,,
6561,15.88,52.93,1.63,0,0.01,0,3.76,-5.62,14.27,38.1,-7.42,4.35,120.95,-3.07,117.88,,,
6571,13.49,43.02,-1.26,0,0.03,0,0.96,-5.77,15.92,38.95,-6.5,4.32,105.34,-2.18,103.16,,,
6581,16.47,48.58,0.07,0,0.03,0,-2.01,-5.41,12.32,38.19,-7.1,4.35,108.25,-2.75,105.5,,,
6591,10.82,55.77,2.01,0,0.05,0,-0.31,-5.84,13.21,38.7,-7.66,4.44,114.4,-3.22,111.18,,,
6601,11.37,54.51,2.89,0,0.03,0,-3.39,-5.69,14.47,39.2,-7.56,4.42,113.39,-3.14,110.25,,,
6611,12.12,53.68,-0.47,0,0.02,0,-3.17,-5.34,13.61,37.65,-7.52,4.42,108.1,-3.1,105,,,
6621,17.81,59.69,-1.83,0,0.04,0,2.58,-5,14.16,37.19,-7.2,4.39,124.64,-2.81,121.83,,,
6631,12.39,49.77,-0.51,0,0.02,0,1.16,-5.6,15.79,38.4,-7.43,4.33,111.42,-3.09,108.33,,,
6641,12,62.7,-0.45,0,0,0,3.86,-5.05,13.58,37.53,-6.86,4.36,124.17,-2.5,121.68,,,
6651,17.42,52.42,-2.05,0,0.01,0,-1.4,-6.17,12.65,38.85,-7.52,4.37,111.73,-3.15,108.58,,,
6661,10.21,52.6,-1.69,0,0.03,0,5.01,-5.89,13.46,39.16,-7.15,4.32,112.9,-2.83,110.07,,,
6671,12.29,52.21,0.14,0,0.04,0,2.93,-6.33,14.04,39.17,-7.18,4.37,114.49,-2.82,111.68,,,
6681,20.16,49.66,-0.34,0,0.01,0,0.41,-4.83,14.54,37.45,-7.31,4.39,117.06,-2.92,114.15,,,
6691,14.12,47.26,-1.21,0,0.04,0,7.14,-5.31,15.75,37.86,-6.85,4.39,115.65,-2.47,113.18,,,
6701,9.62,48.48,-6.05,0,0.03,0,1.38,-5.71,13.93,38.47,-7.53,4.43,100.14,-3.1,97.04,,,
6711,21.52,49.81,-0.91,0,0.02,0,0.71,-5.18,12.97,37.57,-7.79,4.36,116.5,-3.44,113.07,,,
6721,12.91,61,-1.09,0,0.05,0,-0.51,-5.27,14.42,37.34,-7.03,4.34,118.84,-2.69,116.15,,,
6731,8.64,54.1,0.68,0,0.01,0,-0.39,-5.02,15.91,37.82,-6.99,4.39,111.76,-2.61,109.15,,,
6741,14.28,51.66,-1.76,0,0.01,0,3.27,-4.88,12.91,36.5,-7.59,4.39,111.99,-3.2,108.79,,,
6751,12.09,58.82,0.94,0,0.03,0,-1.2,-4.93,13.94,37.22,-7.12,4.36,116.92,-2.75,114.17,,,
6761,17.61,47.98,-1.45,0,0.01,0,-0.7,-5.31,11.66,38.14,-7.21,4.37,107.96,-2.84,105.12,,,
6771,23.09,44.09,0.89,0,0.05,0,1.42,-6.1,13.63,39.85,-6.97,4.36,116.92,-2.62,114.3,,,
6781,13.69,51.11,1.59,0,0.03,0,-0.3,-5.06,16.5,37.31,-7.52,4.38,114.88,-3.14,111.74,,,
6791,12.09,46.41,-1.95,0,0.01,0,0.22,-5.38,14.19,37.88,-7.27,4.38,103.48,-2.9,100.58,,,
6801,9.14,48.68,-0.11,0,0.01,0,0.01,-5.5,14.99,38.41,-7.45,4.39,105.65,-3.05,102.6,,,
6811,16.85,50.73,-1.81,0,0.05,0,-2.52,-5.56,13.31,38.86,-6.93,4.43,109.9,-2.5,107.4,,,
6821,17.19,54.98,-0.9,0,0.02,0,0.12,-5,15.96,37.62,-7.03,4.42,120,-2.62,117.39,,,
6831,12.96,54.04,-2.41,0,0.02,0,4.33,-5.41,15.07,38.45,-7.92,4.45,117.04,-3.47,113.57,,,
6841,11.63,46.81,3.4,0,0.03,0,2.33,-5.62,13.28,38.3,-7.73,4.39,110.16,-3.34,106.82,,,
6851,12.05,52.02,-0.68,0,0.04,0,0.42,-5.46,12.6,38.3,-7.69,4.39,109.29,-3.3,105.99,,,
6861,9.37,56.04,0.89,0,0.06,0,-0.88,-5.4,14.92,38.09,-7.15,4.39,113.11,-2.77,110.34,,,
6871,12.95,47.89,-0.24,0,0,0,4.58,-5.39,13.51,37.95,-7.73,4.34,111.25,-3.39,107.86,,,
6881,11.55,59.22,-0.98,0,0,0,-2.08,-5.06,14.98,37.75,-7.27,4.35,115.39,-2.91,112.48,,,
6891,11.02,50.66,-0.64,0,0.01,0,2.81,-5.29,17.27,38.29,-7.08,4.37,114.13,-2.71,111.42,,,
6901,17.44,47.69,-0.81,0,0.01,0,-1.95,-5.6,14.41,38.26,-7.34,4.35,109.46,-2.99,106.46,,,
6911,18.37,39.7,-0.94,0,0.02,0,-0.26,-5.48,13.19,38.09,-6.9,4.41,102.7,-2.49,100.22,,,
6921,14.49,52.04,1.58,0,0.05,0,2.07,-4.77,15.15,37.07,-7.3,4.36,117.68,-2.94,114.74,,,
6931,20.09,48.37,-4.81,0,0,0,0.19,-5.61,12.06,38.05,-7.99,4.4,108.34,-3.6,104.74,,,
6941,15.15,51.47,-1.5,0,0.07,0,-0.02,-5.37,12.3,37.69,-7.54,4.37,109.78,-3.17,106.62,,,
6951,14.9,51.12,1.15,0,0.04,0,6.06,-5.84,15.39,38.94,-7.41,4.32,121.76,-3.09,118.68,,,
6961,15.76,51.94,1.4,0,0.05,0,1.83,-5.65,13.71,38.61,-7.39,4.36,117.63,-3.03,114.61,,,
6971,14.31,51.87,-2.76,0,0.03,0,-0.33,-5.07,12.65,37.73,-7.47,4.36,108.44,-3.11,105.33,,,
6981,14.21,54,0.59,0,0.02,0,-0.26,-5.63,17.15,38.81,-7.26,4.36,118.89,-2.9,116,,,
6991,12.17,56.75,4.02,0,0.04,0,-0.78,-5.05,14.94,37.63,-7.09,4.36,119.74,-2.73,117,,,
7001,12.61,61.75,-3.36,0,0.01,0,3.79,-5.34,15.94,38.03,-7.33,4.31,123.42,-3.02,120.4,,,
7011,12.91,45.95,-3.05,0,0,0,7.77,-5.77,16.5,39.05,-6.89,4.3,113.36,-2.59,110.77,,,
7021,11.17,53.6,0.99,0,0.04,0,2.52,-5.43,18.95,39.13,-6.97,4.37,120.98,-2.61,118.38,,,
7031,14.02,54.04,-0.62,0,0.01,0,-2.07,-5.61,13.49,38.64,-7.13,4.39,111.9,-2.74,109.17,,,
7041,13.76,48.56,-1.99,0,0.01,0,4.9,-5.25,13.6,37.68,-7.58,4.38,111.27,-3.2,108.07,,,
7051,14.1,45.24,-0.17,0,0.04,0,2.11,-5.13,14.67,37.29,-7.16,4.38,108.16,-2.79,105.37,,,
7061,11.5,56.55,-0.23,0,0.08,0,0.27,-5.61,16.11,38.47,-7,4.42,117.13,-2.58,114.55,,,
7071,14.52,49.97,1.35,0,0.04,0,0.05,-5,12.51,37.2,-6.89,4.38,110.64,-2.51,108.14,,,
7081,10.79,48.79,-2.1,0,0.01,0,-0.19,-6.02,14.56,39.14,-7.23,4.35,104.97,-2.88,102.1,,,
7091,14.48,54.36,-0.04,0,0.04,0,4.02,-5.03,13.92,37.08,-7.38,4.4,118.83,-2.99,115.84,,,
7101,15.66,41.58,-2.32,0,0.02,0,-0.17,-5.48,14.29,38.18,-7.68,4.37,101.77,-3.31,98.45,,,
7111,11.36,51.53,-3.97,0,0,0,-0.91,-5.48,14.08,38.28,-6.76,4.37,104.89,-2.38,102.51,,,
7121,13.74,48.7,-2.11,0,0.01,0,6.29,-5.19,14.35,37.99,-6.98,4.3,113.77,-2.68,111.09,,,
7131,15.09,52.61,-1.49,0,0.02,0,-1.59,-5.52,14.32,38.24,-7.65,4.33,111.68,-3.32,108.36,,,
7141,16.44,45.95,0.26,0,0.02,0,-0.05,-5.57,13.34,38,-7.4,4.35,108.38,-3.05,105.33,,,
7151,10.71,52,0.63,0,0.05,0,-0.07,-6,14.5,39.05,-7.23,4.35,110.86,-2.88,107.98,,,
7161,12.13,41.59,0.38,0,0.01,0,0.99,-5.25,12.75,37.96,-7.23,4.33,100.56,-2.91,97.66,,,
7171,11.39,51.8,-0.63,0,0.02,0,1.6,-5.77,17.73,38.55,-6.99,4.39,114.69,-2.6,112.09,,,
7181,15.88,52.21,2.83,0,0.07,0,1.08,-5.58,13.33,38.2,-6.91,4.39,118.01,-2.52,115.49,,,
7191,11.57,42.58,1.66,0,0.02,0,4.29,-5.47,13.09,37.81,-7.32,4.33,105.55,-2.99,102.56,,,
7201,10.61,50.37,1.07,0,0.06,0,-1.69,-5.25,14.3,38.09,-7.43,4.43,107.55,-3,104.55,,,
7211,14.51,46.77,-2.66,0,0.02,0,0.71,-5.36,14.16,37.89,-7.12,4.35,106.05,-2.77,103.28,,,
7221,11.51,58.64,-2.82,0,0.03,0,-1.62,-4.83,12.76,37.55,-7.86,4.42,111.21,-3.44,107.77,,,
7231,7.42,53.7,-1.09,0,0.08,0,1.03,-5.78,15.37,39.26,-7.15,4.39,109.99,-2.76,107.23,,,
7241,15.43,60.06,-3.29,0,0.05,0,-1.32,-5.56,14.94,38.01,-7.78,4.32,118.33,-3.46,114.87,,,
7251,18.21,44.89,-0.03,0,0.01,0,1.35,-5.66,13.89,38.72,-7.28,4.37,111.38,-2.91,108.47,,,
7261,14.26,57.34,-3.18,0,0.04,0,0.39,-5.63,13.74,38.1,-7.19,4.36,115.07,-2.83,112.24,,,
7271,13.36,41.26,0.01,0,0.02,0,-0.24,-4.88,16.09,37.17,-7.16,4.4,102.8,-2.75,100.05,,,
7281,14.68,48.68,0.77,0,0.01,0,-1.01,-5.15,14.07,37.63,-7.47,4.35,109.68,-3.12,106.56,,,
7291,11.27,51.56,-2.55,0,0.01,0,1.24,-5.59,15.71,38.04,-7.55,4.38,109.69,-3.16,106.52,,,
7301,17.11,46.88,0.29,0,0.02,0,1.08,-5.6,14.05,38.21,-7.28,4.36,112.04,-2.93,109.11,,,
7311,8.86,55.75,-3.62,0,0.01,0,2.07,-6.1,16.31,39.45,-7.54,4.42,112.73,-3.12,109.61,,,
7321,9.74,49.22,-1.47,0,0,0,3.15,-5.71,13.16,38.96,-6.82,4.35,107.07,-2.47,104.59,,,
7331,11.04,54.47,3.95,0,0.14,0,0.09,-5.26,15.19,38.49,-7.51,4.37,118.12,-3.14,114.99,,,
7341,7.93,57.62,-1.04,0,0.01,0,1.53,-5.65,15.83,39.14,-7.73,4.35,115.38,-3.37,112.01,,,
7351,10.92,51.41,-2.55,0,0.03,0,0.54,-5,14.17,37.65,-7.5,4.4,107.16,-3.09,104.07,,,
7361,17.03,42.34,-0.04,0,0.04,0,2.57,-5.97,14.89,39.32,-7.01,4.33,110.17,-2.68,107.5,,,
7371,16.14,51.5,2.24,0,0.03,0,-2.19,-5.46,13.58,38.33,-7.66,4.45,114.18,-3.21,110.97,,,
7381,7.77,46.2,-4.16,0,0.01,0,3.37,-5.51,12.73,38.42,-7.47,4.41,98.83,-3.06,95.77,,,
7391,14.28,50.36,-3.08,0,0.02,0,0.12,-5.25,12.62,38.22,-7.11,4.37,107.29,-2.74,104.54,,,
7401,15.69,41.81,-1.77,0,0.03,0,3.11,-5.37,13.91,37.76,-7.24,4.34,105.16,-2.9,102.26,,,
7411,12.64,55.98,-0.77,0,0.01,0,-3.08,-5.96,12.5,39.42,-7.1,4.36,110.73,-2.73,108,,,
7421,15.02,58.52,1.98,0,0.02,0,-0.31,-5.29,16.29,38.14,-7.21,4.36,124.36,-2.85,121.51,,,
7431,10.25,56.61,-1.12,0,0.02,0,-0.75,-5.86,14.54,39,-7.27,4.41,112.69,-2.86,109.83,,,
7441,15.12,61.55,-3.03,0,0.01,0,-0.46,-5.13,12.91,37.8,-7.99,4.43,118.77,-3.55,115.22,,,
7451,13.71,49.53,-2.78,0,0.01,0,1.97,-5.12,13.2,37.9,-7.09,4.43,108.42,-2.67,105.75,,,
7461,14.73,49.04,-2.53,0,0,0,3.43,-5.38,13.1,37.78,-7.12,4.38,110.17,-2.75,107.43,,,
7471,10.36,52.44,-1.63,0,0.05,0,1.33,-4.49,11.45,36.4,-7.44,4.35,105.91,-3.09,102.82,,,
7481,14.86,49.42,1.08,0,0.05,0,-0.36,-5.18,12.73,37.38,-7.45,4.39,109.98,-3.06,106.92,,,
7491,11.29,49.83,0.09,0,0.03,0,0.27,-5.73,12.24,38.56,-7.47,4.41,106.58,-3.06,103.52,,,
7501,14.38,49.72,-1.83,0,0.02,0,-0.7,-5.22,14.52,37.52,-7.21,4.41,108.41,-2.8,105.6,,,
7511,14.54,47.75,1.43,0,0.01,0,2.06,-5.71,15.4,38.98,-7.33,4.42,114.46,-2.9,111.56,,,
7521,14.04,56.45,1.06,0,0.1,0,3.16,-5.55,13.07,38.48,-7.25,4.4,120.81,-2.84,117.97,,,
7531,16.13,48.95,-4.25,0,0.01,0,-0.3,-5.61,13.57,38.64,-7.09,4.37,107.14,-2.73,104.41,,,
7541,15.97,42.56,0.48,0,0.04,0,-1.95,-5.48,13.63,38.31,-6.9,4.37,103.56,-2.53,101.03,,,
7551,12.38,48.55,-0.36,0,0.02,0,2.7,-5.23,13.56,37.68,-7.31,4.37,109.3,-2.94,106.37,,,
7561,13.61,52.87,-2.2,0,0.02,0,3.1,-4.86,14.66,37.13,-7.75,4.51,114.33,-3.24,111.09,,,
7571,15.98,49.5,-0.61,0,0.02,0,0.41,-5.83,12.19,38.63,-7.76,4.42,110.3,-3.33,106.97,,,
7581,13.1,44.32,2.37,0,0.05,0,2.09,-4.22,12.52,36.23,-7.33,4.42,106.46,-2.9,103.56,,,
7591,11.99,48.61,-0.55,0,0.06,0,0.37,-6.18,15.51,39.33,-7.57,4.42,109.15,-3.15,106,,,
7601,11.5,44.96,-1.57,0,0.01,0,0.29,-4.95,14.9,37.25,-7.26,4.36,102.4,-2.9,99.5,,,
7611,19.96,49.02,-1.65,0,0.02,0,-2.3,-5.29,11.67,37.62,-7.77,4.41,109.06,-3.36,105.69,,,
7621,13.46,53.22,-1.91,0,0.02,0,-0.51,-4.98,13.12,37.32,-7.25,4.41,109.74,-2.84,106.9,,,
7631,19.4,55.42,-0.99,0,0.01,0,-2.73,-5.55,13.12,38.19,-7.41,4.38,116.87,-3.03,113.84,,,
7641,12.19,54.04,0.78,0,0.02,0,1.82,-5.25,14.54,37.92,-7.48,4.4,116.06,-3.08,112.98,,,
7651,13.82,47.36,0.84,0,0.05,0,-0.21,-5.85,13.12,38.8,-6.85,4.36,107.93,-2.49,105.44,,,
7661,14.71,49.63,1.84,0,0.05,0,2.49,-4.9,15.26,37.05,-6.54,4.33,116.13,-2.21,113.92,,,
7671,13.06,52.82,-0.48,0,0.02,0,1.22,-5.3,15.65,38.22,-6.77,4.35,115.22,-2.42,112.79,,,
7681,21.38,45.29,0.97,0,0.03,0,-1.88,-5.83,11.91,38.77,-7.29,4.42,110.62,-2.87,107.75,,,
7691,11.19,59.73,-0.78,0,0.02,0,0.57,-5.27,16.3,38.23,-7.26,4.48,119.99,-2.78,117.21,,,
7701,10.55,46.92,-0.69,0,0.02,0,-0.93,-5.79,13.98,38.45,-7.42,4.38,102.5,-3.04,99.46,,,
7711,18.33,54.21,0.38,0,0.01,0,1.93,-5.53,13.49,38.3,-7.06,4.44,121.14,-2.62,118.52,,,
7721,16.49,42.26,2.16,0,0.08,0,4.51,-5.19,12.59,37.44,-7.43,4.4,110.33,-3.03,107.3,,,
7731,14.03,48.16,-1.41,0,0.02,0,1.68,-4.73,13.92,36.79,-7.56,4.43,108.46,-3.14,105.33,,,
7741,12.65,50.57,-2,0,0.02,0,-0.97,-5.69,13.74,39,-7.29,4.41,107.32,-2.88,104.44,,,
7751,16.57,61.08,1.17,0,0.02,0,-2.29,-5.72,12.3,38.8,-7.63,4.44,121.95,-3.19,118.76,,,
7761,9.98,56.09,-1.63,0,0.01,0,0.59,-5.25,13.75,37.53,-7.66,4.37,111.06,-3.3,107.76,,,
7771,13.94,53.43,-1.59,0,0.02,0,-0.04,-5.62,15.81,38.27,-7.61,4.42,114.22,-3.19,111.03,,,
7781,9.89,52.37,-1.11,0,0,0,0.88,-5.33,13.17,37.51,-7.26,4.4,107.39,-2.86,104.53,,,
7791,13.11,48.92,-2.81,0,0.02,0,0.97,-5.79,13.11,38.17,-7.58,4.43,105.71,-3.15,102.56,,,
7801,15.04,49.07,1.99,0,0.01,0,-0.36,-5.46,16.09,38.54,-7.17,4.37,114.92,-2.8,112.12,,,
7811,11.98,53.84,2.6,0,0.02,0,-0.26,-5.59,14.87,38.45,-7.94,4.4,115.9,-3.54,112.36,,,
7821,17.82,51.08,1.89,0,0.02,0,1.32,-5.7,13.54,38.33,-7.55,4.4,118.29,-3.16,115.14,,,
7831,9.63,48.94,-2.31,0,0.01,0,2.77,-5.57,16.22,38.47,-7.05,4.39,108.17,-2.66,105.51,,,
7841,14.72,52.1,2.83,0,0.05,0,0.42,-5.28,13.95,37.91,-7.28,4.44,116.7,-2.84,113.86,,,
7851,10.93,47.93,-1.79,0,0.02,0,2.08,-5.36,12.66,37.06,-7.65,4.41,103.53,-3.24,100.3,,,
7861,12.23,56.8,-4.53,0,0.03,0,3.83,-5.69,13.15,38.52,-7.39,4.42,114.35,-2.96,111.38,,,
7871,13.16,62.11,2.56,0,0.1,0,0.52,-5.14,11.92,37.78,-7.52,4.48,123.01,-3.04,119.97,,,
7881,14.87,61.02,1.3,0,0.09,0,1.83,-6.6,12.56,40.17,-7.74,4.38,125.25,-3.36,121.89,,,
7891,16.81,47.96,1.59,0,0.05,0,-2.48,-5.46,12.04,38.35,-7.31,4.46,108.87,-2.85,106.01,,,
7901,18.9,49.96,-1.06,0,0.03,0,-0.7,-6.25,13.29,39.19,-7.3,4.42,113.35,-2.88,110.47,,,
7911,17.04,49.97,-0.03,0,0.01,0,-0.69,-5.29,12.12,37.8,-7.64,4.43,110.94,-3.21,107.73,,,
7921,9.85,49.08,-3.47,0,0.01,0,5.27,-5.83,17.55,38.58,-7.24,4.38,111.04,-2.86,108.18,,,
7931,12.76,60.21,-0.53,0,0.02,0,-1.01,-5.99,15.58,39.41,-7.46,4.37,120.45,-3.09,117.36,,,
7941,17.5,53.06,0.84,0,0.04,0,0.67,-5.53,15.49,38.41,-7.35,4.47,120.5,-2.88,117.62,,,
7951,14.12,51.16,1.15,0,0.04,0,2.82,-5.57,12.62,38.24,-7.45,4.44,114.58,-3.01,111.57,,,
7961,14.01,47.34,0.17,0,0.01,0,1.4,-5.33,12.03,37.63,-7.64,4.41,107.26,-3.23,104.04,,,
7971,12.7,52.59,0.14,0,0.01,0,-0.99,-5.82,16.4,38.77,-7.47,4.37,113.78,-3.09,110.69,,,
7981,12.87,56.15,-1.82,0,0.03,0,0.48,-5.37,13.8,38.03,-7.73,4.39,114.15,-3.34,110.81,,,
7991,9.68,52.3,2.41,0,0.03,0,0.2,-5.23,15.14,37.89,-7.31,4.39,112.41,-2.92,109.48,,,
8001,11.21,51.09,-0.9,0,0.01,0,2.84,-6.05,12.83,38.58,-7.91,4.41,109.6,-3.5,106.1,,,
8011,12.04,53.73,-1.43,0,0.01,0,1.25,-5.82,13.47,39.08,-7.14,4.42,112.34,-2.73,109.61,,,
8021,15.01,52.95,0.6,0,0.02,0,0.86,-5.51,13.37,38.4,-7.71,4.42,115.71,-3.3,112.41,,,
8031,12.8,51.02,-0.92,0,0.01,0,2.11,-5.82,14.51,38.61,-7.57,4.38,112.33,-3.19,109.14,,,
8041,11.65,52.16,-1.9,0,0.07,0,1.01,-5.43,12.99,37.66,-7.89,4.43,108.22,-3.46,104.76,,,
8051,12.54,48.1,4.31,0,0.11,0,-0.44,-5.71,14.34,38.22,-7.6,4.4,111.47,-3.21,108.27,,,
8061,10.35,54.67,-3.27,0,0.03,0,-0.12,-5.61,15.61,38.57,-7.13,4.4,110.22,-2.73,107.49,,,
8071,12.71,50.19,0.57,0,0.02,0,2.12,-6.02,12.1,39.51,-7.74,4.44,111.19,-3.3,107.89,,,
8081,12.06,51.08,-3.88,0,0.01,0,0.05,-5.79,13.88,38.69,-7.5,4.42,106.11,-3.07,103.03,,,
8091,13.94,44.75,1.96,0,0.06,0,-0.14,-5.67,14.74,38.51,-7.76,4.47,108.15,-3.28,104.86,,,
8101,13.96,53.11,0.61,0,0.03,0,-1,-5.76,12.55,38.38,-7.66,4.46,111.89,-3.2,108.69,,,
8111,12.64,58.83,-1.38,0,0.01,0,1.11,-5.45,13.98,37.93,-7.82,4.41,117.67,-3.41,114.26,,,
8121,18.45,42.2,-0.05,0,0.02,0,-0.52,-5.81,14.11,38.56,-7.35,4.42,106.98,-2.93,104.05,,,
8131,14.32,37.96,0.59,0,0.03,0,1.31,-5.78,13.33,38.61,-7.6,4.43,100.35,-3.17,97.18,,,
8141,14.76,54.2,-0.21,0,0.02,0,0.6,-5.14,15.1,38.17,-7.14,4.38,117.5,-2.76,114.74,,,
8151,16.6,46.88,0.53,0,0.06,0,3.19,-5.11,13.34,37.6,-7.41,4.38,113.1,-3.02,110.07,,,
8161,15.27,48.7,2.58,0,0.05,0,-4.89,-6.43,15.61,40.55,-6.49,4.46,111.44,-2.03,109.41,,,
8171,11.39,45.79,0.46,0,0.05,0,3.7,-5.07,15.83,37.63,-7.64,4.42,109.77,-3.23,106.54,,,
8181,11.34,55.18,-2.78,0,0.02,0,-1.36,-5.38,11.56,38.38,-7.5,4.4,106.96,-3.11,103.85,,,
8191,9.48,49.6,-0.51,0,0.05,0,0.95,-5.21,15.39,37.71,-7.72,4.43,107.45,-3.3,104.16,,,
8201,10.69,47.14,-0.47,0,0.02,0,2.19,-6.28,13.71,39.65,-7.1,4.39,106.65,-2.71,103.94,,,
8211,14.36,51.1,-2.9,0,0.01,0,5.28,-4.93,12.54,37.3,-6.88,4.38,112.76,-2.5,110.26,,,
8221,13.8,45.67,1.89,0,0.07,0,0.99,-5.47,13.52,38.3,-7.49,4.42,108.77,-3.07,105.69,,,
8231,15.15,46.96,-0.6,0,0.01,0,3.1,-5.21,14.99,37.77,-7.27,4.45,112.17,-2.82,109.35,,,
8241,14.26,49.8,0.64,0,0.02,0,1.67,-5.65,13.48,38.87,-7.17,4.43,113.11,-2.74,110.37,,,
8251,12.43,55,-1.4,0,0.02,0,-2.46,-5.79,13.17,39.07,-7.43,4.41,110.03,-3.02,107.01,,,
8261,13.65,40.58,-0.96,0,0.01,0,-1.12,-5.48,16.43,38.13,-6.99,4.38,101.25,-2.61,98.64,,,
8271,14.48,47.3,-2.32,0,0.02,0,1.86,-5.9,14.87,38.72,-7.33,4.39,109.03,-2.93,106.1,,,
8281,15.44,49.96,-1.64,0,0.02,0,-0.57,-5.86,13.24,38.94,-6.91,4.42,109.53,-2.49,107.04,,,
8291,11.34,52.73,-1.34,0,0.02,0,0.88,-5.66,12.76,38.3,-7.75,4.41,109.02,-3.34,105.68,,,
8301,12.32,41.12,3.9,0,0.07,0,1.76,-5.19,14.96,38.12,-7.19,4.44,107.08,-2.75,104.32,,,
8311,12.78,56.19,1.32,0,0.04,0,1.13,-5.49,13.61,37.94,-7.41,4.46,117.52,-2.95,114.58,,,
8321,11.12,47.01,1.15,0,0.08,0,4.26,-4.36,15.58,36.34,-7.45,4.43,111.18,-3.02,108.16,,,
8331,13.36,54.36,0.9,0,0.04,0,1.63,-5.4,13.54,38.43,-7.51,4.4,116.86,-3.11,113.75,,,
8341,14.28,44.65,-3.77,0,0.06,0,1.56,-5.41,14.65,38.33,-7.1,4.44,104.35,-2.65,101.7,,,
8351,12.53,57.16,0.53,0,0.03,0,0.76,-5.98,13,39.27,-7.43,4.44,117.3,-2.99,114.31,,,
8361,9.93,57.44,0.08,0,0.05,0,0.67,-5.36,13.29,37.84,-7.41,4.44,113.94,-2.97,110.97,,,
8371,10.02,48.22,-4.29,0,0.05,0,6.89,-5.87,12.57,39.07,-7.44,4.39,106.65,-3.05,103.59,,,
8381,12.63,40.13,-5.35,0,0.02,0,1.24,-5.18,13.69,37.81,-7.63,4.43,94.99,-3.2,91.79,,,
8391,18.68,55.07,-2.18,0,0.01,0,-3.34,-5.17,12.5,37.4,-7.51,4.43,112.97,-3.09,109.89,,,
8401,10.63,45.85,-0.6,0,0.03,0,0.48,-5.13,13.87,38.02,-7.64,4.41,103.14,-3.23,99.91,,,
8411,15.9,54.58,2.83,0,0.04,0,2.82,-5.43,14.36,37.67,-7.69,4.44,122.77,-3.24,119.52,,,
8421,13.76,47.86,-1.64,0,0.01,0,0.07,-5.74,13.37,38.68,-7.74,4.39,106.37,-3.35,103.02,,,
8431,17.72,50.97,-2.07,0,0.01,0,-2.37,-4.8,15.21,36.32,-7.62,4.42,111.01,-3.2,107.81,,,
8441,14.6,45.89,-1.86,0,0.05,0,3.76,-5.28,13.37,37.9,-7.39,4.41,108.45,-2.98,105.47,,,
8451,13.21,49.95,-2.56,0,0.02,0,0.6,-5.45,13.75,37.84,-7.21,4.42,107.36,-2.78,104.57,,,
8461,12.94,61.58,-4.9,0,0,0,-0.01,-5.5,15.01,37.43,-8.04,4.51,116.54,-3.53,113.01,,,
8471,16.57,46.76,-0.52,0,0.03,0,2.25,-4.67,12.27,36.8,-7.27,4.36,109.48,-2.91,106.57,,,
8481,13.43,49.84,-0.82,0,0.04,0,2.46,-5.27,14.55,38.21,-7.15,4.43,112.44,-2.71,109.72,,,
8491,16.75,45.18,0.66,0,0.04,0,3.62,-5.37,15.34,37.89,-7.46,4.37,114.11,-3.08,111.03,,,
8501,12.43,54.55,1.84,0,0.02,0,1.04,-4.63,14.79,36.67,-7.25,4.49,116.71,-2.77,113.94,,,
8511,17.97,50.39,-2.45,0,0.01,0,0.23,-5.36,12.22,38.27,-7.28,4.43,111.27,-2.84,108.43,,,
8521,12.64,49.69,1.41,0,0.02,0,-0.28,-5.41,14.05,38.14,-7.46,4.42,110.27,-3.04,107.23,,,
8531,13.09,49.67,-1.55,0,0.01,0,1.01,-5.82,14.03,38.88,-6.97,4.4,109.3,-2.56,106.74,,,
8541,10.79,50.28,2.15,0,0.06,0,2.2,-5.3,15.02,37.94,-6.9,4.37,113.15,-2.53,110.62,,,
8551,12.5,49.3,1.74,0,0.02,0,-2.76,-5.56,15.1,38.79,-7.12,4.43,109.13,-2.69,106.44,,,
8561,15.1,49.74,-1.71,0,0.01,0,-0.02,-4.81,12.07,36.65,-7.23,4.38,107.03,-2.85,104.18,,,
8571,16.66,49.81,-1.34,0,0.08,0,1.58,-4.81,13.22,36.96,-7.36,4.43,112.16,-2.94,109.22,,,
8581,8.92,52.09,-1.48,0,0.01,0,-1.07,-4.73,13.08,37.17,-6.65,4.35,103.99,-2.3,101.68,,,
8591,14.64,48.66,-1.14,0,0,0,-1.7,-4.6,12.66,37.43,-7.08,4.44,105.95,-2.63,103.31,,,
8601,14.96,55.41,1.38,0,0.02,0,8.94,-5.06,13.43,36.9,-7.48,4.41,125.97,-3.07,122.9,,,
8611,10.76,50.43,1.53,0,0.04,0,-2.22,-4.66,13.78,37.02,-7.14,4.44,106.69,-2.71,103.98,,,
8621,10.79,43.84,-1.66,0,0.02,0,-0.71,-4.85,13.83,37,-6.97,4.42,98.25,-2.55,95.7,,,
8631,12.54,42.28,-2.39,0,0.03,0,2.6,-5.39,13.02,37.75,-7.74,4.43,100.43,-3.31,97.12,,,
8641,17.07,49.14,1.63,0,0.06,0,0.88,-4.68,13.11,36.64,-7.59,4.44,113.85,-3.15,110.7,,,
8651,15.68,48.77,-3.83,0,0.01,0,4.93,-5.66,13.74,38.42,-7.46,4.41,112.07,-3.05,109.03,,,
8661,31.1,48.38,-2.82,0,0.02,0,0.93,-5.03,13.53,36.99,-7.64,4.4,123.1,-3.24,119.85,,,
8671,11.26,48.88,-1.58,0,0.03,0,2.06,-5.36,14.23,37.79,-7.56,4.45,107.3,-3.11,104.19,,,
8681,11.57,52.32,-2.55,0,0.02,0,0.2,-5.56,14.79,38.27,-7.32,4.41,109.06,-2.91,106.15,,,
8691,20.41,48.59,-1.41,0,0.02,0,2.02,-5.53,13.45,37.95,-7.66,4.42,115.5,-3.23,112.27,,,
8701,12.73,55.03,0.01,0,0.02,0,1.41,-5.43,13.03,38.4,-7.16,4.49,115.19,-2.68,112.52,,,
8711,8.91,55.17,-1.29,0,0.04,0,5.54,-5.81,13.66,38.97,-7.37,4.45,115.19,-2.92,112.27,,,
8721,12.84,51.74,1.45,0,0.03,0,1.9,-5.57,13.96,38.25,-7.45,4.35,114.61,-3.09,111.52,,,
8731,16.83,48.98,-2.02,0,0.03,0,0.69,-5.65,13.65,38.34,-7.62,4.46,110.86,-3.16,107.69,,,
8741,10.79,50.62,-1.02,0,0.02,0,0.02,-5.68,13.83,38.66,-7.46,4.43,107.23,-3.03,104.21,,,
8751,12.43,52.18,-2.07,0,0.03,0,-1.29,-5.38,12.01,37.77,-7.54,4.41,105.69,-3.12,102.56,,,
8761,16.72,44.84,0.58,0,0.02,0,1.36,-5.07,14.27,37.05,-7.48,4.43,109.78,-3.05,106.73,,,
8771,12.93,47.95,-1.56,0,0.02,0,-0.64,-5.71,13.92,38.49,-7.48,4.4,105.39,-3.08,102.31,,,
8781,16.5,46.77,-2.69,0,0.02,0,3.01,-5.6,13.56,38.47,-7.32,4.4,110.04,-2.92,107.12,,,
8791,14.44,59.63,-1.93,0,0.03,0,-1.18,-6.07,13.78,38.67,-7.2,4.48,117.37,-2.72,114.64,,,
8801,15.69,48.62,-2.42,0,0,0,0.51,-5.8,15.36,38.67,-7.76,4.43,110.63,-3.33,107.3,,,
8811,14.46,46.41,1.33,0,0.03,0,-1.71,-5.36,14.1,38.15,-7.36,4.44,107.4,-2.92,104.48,,,
8821,15,47.41,0.55,0,0.02,0,-1.3,-5.37,14.58,37.9,-7.3,4.38,108.79,-2.92,105.87,,,
8831,13.74,47.85,0.21,0,0.01,0,1.17,-5.11,13.46,37.53,-6.98,4.41,108.86,-2.58,106.28,,,
8841,14.41,46.41,0.87,0,0.02,0,-1.4,-5.88,13.42,38.73,-7.15,4.42,106.59,-2.73,103.85,,,
8851,11.01,44.03,0.42,0,0.04,0,2.29,-4.96,15.8,37.55,-7.02,4.36,106.18,-2.66,103.52,,,
8861,14.34,52.57,-2.81,0,0.02,0,2.63,-5.67,13.83,38.38,-7.38,4.4,113.28,-2.98,110.3,,,
8871,12.73,52.54,-2.28,0,0.05,0,2.17,-5.2,15.48,38.05,-6.97,4.45,113.54,-2.52,111.02,,,
8881,9.62,46.59,-1.17,0,0.02,0,0.03,-5.65,14.79,38.17,-7.19,4.39,102.41,-2.8,99.62,,,
8891,18.58,47.57,-1.19,0,0.01,0,-1.24,-5.27,14.61,37.85,-7.08,4.42,110.92,-2.66,108.25,,,
8901,12.94,52.86,0.8,0,0.06,0,2.02,-5.09,14.33,37.53,-7.69,4.43,115.45,-3.26,112.19,,,
8911,13.01,55.09,-3.36,0,0.01,0,-0.1,-5.18,13.85,37.46,-7.52,4.46,110.77,-3.06,107.71,,,
8921,7.55,47.76,1.87,0,0.04,0,-0.35,-4.92,15.09,37.59,-7.31,4.46,104.63,-2.84,101.79,,,
8931,15.67,56.21,-1.64,0,0.03,0,-1.84,-5.64,12.96,38.32,-7.57,4.4,114.07,-3.17,110.89,,,
8941,10.85,50.04,-2.1,0,0.03,0,-0.89,-5.84,13.07,38.81,-7.81,4.43,103.97,-3.38,100.59,,,
8951,10.23,46.89,-0.97,0,0.03,0,0.8,-5.7,15.8,38.88,-6.84,4.41,105.97,-2.43,103.55,,,
8961,15.88,44.83,-0.55,0,0.01,0,-2.19,-5.43,14.25,38.54,-7.56,4.44,105.34,-3.12,102.22,,,
8971,13.4,52.02,-0.88,0,0.01,0,-0.13,-5.85,15.5,38.56,-7.03,4.38,112.63,-2.64,109.99,,,
8981,17.83,56.08,0.69,0,0.01,0,-2.4,-5.35,13.02,38.33,-7.35,4.37,118.21,-2.97,115.24,,,
8991,11.63,50.33,1.14,0,0.01,0,1.84,-5.19,16.64,37.43,-7.09,4.41,113.82,-2.68,111.14,,,
9001,10.72,62.56,-3.7,0,0.01,0,-1.98,-5.93,16.06,38.68,-6.88,4.42,116.43,-2.46,113.97,,,
9011,9.85,43.09,-1.14,0,0.03,0,1.32,-5.21,14.23,37.72,-7.54,4.35,99.88,-3.18,96.69,,,
9021,12.98,63.03,-0.79,0,0,0,0.82,-5.64,14.72,38.27,-7.36,4.41,123.4,-2.95,120.45,,,
9031,15.01,53.25,-1.04,0,0.02,0,0.3,-5.62,15.76,38.14,-7.6,4.37,115.82,-3.22,112.6,,,
9041,12.42,55.48,-1.23,0,0.01,0,-2,-5.54,13.22,37.93,-7.3,4.34,110.3,-2.95,107.35,,,
9051,15.58,55.46,-0.05,0,0.04,0,-1.37,-5.63,12.81,38.41,-7.09,4.37,115.25,-2.72,112.54,,,
9061,15.83,41.99,-1.1,0,0.02,0,2.53,-6.19,13.07,39.43,-7.02,4.38,105.58,-2.65,102.93,,,
9071,15.07,56.22,0.59,0,0.02,0,2.65,-5.58,15.89,38.02,-7.02,4.37,122.88,-2.65,120.23,,,
9081,11.04,50.68,-1.26,0,0.01,0,-0.26,-4.53,14.38,36.27,-7,4.32,106.33,-2.68,103.65,,,
9091,10.15,49.82,-2.92,0,0.04,0,1.74,-5.67,14.97,38.18,-7.44,4.42,106.3,-3.01,103.29,,,
9101,13.94,55.43,6.31,0,0.09,0,-0.2,-4.52,14.38,36.6,-7.39,4.39,122.03,-3,119.03,,,
9111,18.09,62.27,2.01,0,0.08,0,-2.06,-5.73,11.01,38.5,-7.35,4.38,124.16,-2.96,121.2,,,
9121,7.15,53.36,0.81,0,0.01,0,-0.33,-6.04,15.77,39.09,-7.07,4.32,109.81,-2.74,107.07,,,
9131,11.61,56.55,-0.43,0,0.01,0,-2.54,-5.59,13.99,38.28,-7.65,4.4,111.88,-3.25,108.63,,,
9141,14.78,53.75,-2.58,0,0.01,0,0.19,-4.85,13.89,37.53,-6.77,4.36,112.7,-2.4,110.3,,,
9151,11.64,43.68,3.39,0,0.05,0,1.21,-5.55,14.98,38.59,-7.26,4.35,107.98,-2.91,105.07,,,
9161,14.83,57.08,-4,0,0,0,-0.59,-5.1,12.53,37.58,-6.95,4.35,112.33,-2.6,109.73,,,
9171,13.2,59.07,-1.39,0,0.01,0,-4.9,-5.37,14.19,38.41,-7.54,4.39,113.21,-3.15,110.06,,,
9181,14.58,52.46,-0.88,0,0.02,0,1.1,-4.99,13.99,37.16,-7.1,4.37,113.43,-2.73,110.7,,,
9191,14.21,55.84,-2.64,0,0,0,1.98,-5.47,15.32,38.04,-7.52,4.44,117.29,-3.07,114.21,,,
9201,14.08,46.18,-0.91,0,0.01,0,7.8,-5.69,11.87,38.05,-8,4.41,111.39,-3.59,107.79,,,
9211,17.55,52.14,-3.05,0,0,0,1.43,-5.64,11.79,38.3,-7.54,4.35,112.53,-3.18,109.35,,,
9221,10.94,58.75,3.91,0,0.07,0,3.44,-5.78,15.95,38.38,-7.39,4.39,125.66,-3,122.66,,,
9231,12.62,55.48,-1.6,0,0.03,0,-1.33,-4.54,14.49,36.62,-6.4,4.34,111.76,-2.06,109.7,,,
9241,11.65,48.62,-0.49,0,0.01,0,1.53,-5.21,12.28,37.23,-7.43,4.42,105.64,-3.01,102.63,,,
9251,12.4,58.89,-0.52,0,0.03,0,2.99,-5.37,14.33,37.85,-7.56,4.33,120.62,-3.22,117.39,,,
9261,18.7,50.32,-3.64,0,0.04,0,0.5,-4.71,12.72,36.56,-7.13,4.42,110.49,-2.71,107.78,,,
9271,11.31,43.81,-1.41,0,0.02,0,-1.28,-5.4,13.34,38.23,-7.5,4.39,98.63,-3.11,95.52,,,
9281,19.71,48.33,-2.47,0,0.05,0,0.63,-5.48,14.4,37.79,-7.76,4.44,112.96,-3.31,109.64,,,
9291,11.28,40.92,-2.84,0,0.03,0,0.03,-5.12,13.34,37.87,-6.83,4.38,95.5,-2.45,93.06,,,
9301,13.83,44.39,-1.91,0,0.01,0,0.35,-5.44,12.85,38,-7.62,4.36,102.08,-3.26,98.82,,,
9311,13.35,48.09,-0.55,0,0.01,0,0.86,-4.75,13.75,36.84,-7.04,4.3,107.6,-2.73,104.87,,,
9321,9.78,57.73,3.11,0,0.19,0,0.75,-6.04,14.77,39.27,-7.6,4.43,119.55,-3.17,116.38,,,
9331,22.91,45.99,-4.24,0,0,0,0.81,-6.28,12.52,39.55,-7.43,4.38,111.27,-3.05,108.22,,,
9341,18.55,46.49,-1.82,0,0,0,-1.27,-4.78,13.11,37.34,-6.68,4.36,107.62,-2.32,105.3,,,
9351,9.81,56.59,-1.89,0,0.01,0,-2.04,-5.82,12.26,38.51,-8.14,4.39,107.43,-3.75,103.68,,,
9361,16.28,48.11,0.1,0,0.01,0,0.52,-5.34,15.7,38.11,-7.66,4.36,113.48,-3.3,110.19,,,
9371,17.7,46.57,2.11,0,0.02,0,-2.43,-5.7,12.41,38.28,-7.42,4.43,108.97,-3,105.97,,,
9381,15.97,43.29,0.13,0,0.01,0,1.41,-5.55,14.2,38.05,-7.03,4.38,107.53,-2.65,104.87,,,
9391,13.81,45.53,-2.24,0,0.02,0,2.3,-6.08,15.46,39.13,-7.25,4.38,107.93,-2.87,105.07,,,
9401,13.93,58.56,-3.26,0,0.01,0,-1.1,-5.74,10.19,38.42,-7.24,4.42,111,-2.81,108.19,,,
9411,14.68,40.27,-0.19,0,0.01,0,-1.79,-4.58,16.03,36.19,-7.07,4.35,100.62,-2.72,97.9,,,
9421,10.94,47.07,0.22,0,0.05,0,3.94,-4.69,15.39,36.64,-7.26,4.32,109.55,-2.94,106.61,,,
9431,16.71,53.32,-3.54,0,0,0,-0.9,-5.98,13.04,39.32,-7.13,4.37,111.97,-2.76,109.21,,,
9441,17.65,59.88,-0.88,0,0.04,0,0.07,-4.87,11.85,36.58,-7.4,4.38,120.33,-3.02,117.31,,,
9451,13.44,43.83,0.51,0,0.04,0,0.33,-5.37,12.97,38.04,-7.89,4.37,103.8,-3.52,100.28,,,
9461,11.3,57.96,-0.89,0,0.02,0,-1.01,-5.44,13.55,38.17,-7.95,4.34,113.66,-3.61,110.05,,,
9471,13.31,58.46,-4.46,0,0,0,-0.28,-4.97,12.6,37.08,-7.37,4.38,111.76,-2.99,108.77,,,
9481,17.42,51.27,0.44,0,0.04,0,-1.73,-4.34,13.99,36.61,-7.32,4.37,113.71,-2.94,110.76,,,
9491,14.52,50.62,-3.03,0,0.05,0,3.97,-5.9,14.28,38.78,-6.67,4.37,113.3,-2.3,111,,,
9501,20.61,54.01,-0.5,0,0.02,0,-0.31,-4.48,13.7,37,-6.83,4.41,120.05,-2.41,117.64,,,
9511,14.46,47.42,-1.68,0,0.01,0,1.9,-5.86,14.16,39.16,-7.66,4.43,109.57,-3.23,106.34,,,
9521,12.93,46.7,-1.42,0,0.03,0,1.95,-4.58,13.98,36.6,-7.48,4.44,106.19,-3.04,103.15,,,
9531,16.97,51.21,-1.99,0,0.05,0,0.99,-5.13,15.93,37.83,-7.26,4.39,115.86,-2.86,113,,,
9541,11.57,48,-3.93,0,0.02,0,0.89,-5.75,12.92,38.4,-7.43,4.42,102.11,-3.02,99.1,,,
9551,15.53,44.98,-2.74,0,0.04,0,0.63,-5.81,13.72,38.35,-7.81,4.4,104.71,-3.41,101.29,,,
9561,11.8,45.18,2.93,0,0.02,0,2.49,-4.95,14.65,37.26,-7.34,4.41,109.39,-2.93,106.46,,,
9571,14.21,45.65,0.29,0,0.01,0,4.66,-5.58,12.32,38.49,-7.31,4.4,110.05,-2.91,107.14,,,
9581,14.2,59.15,-3.49,0,0.02,0,-0.25,-5.59,11.68,37.91,-8.01,4.44,113.63,-3.58,110.06,,,
9591,17.36,46.91,-3.29,0,0.03,0,5.52,-5.6,12.16,38.11,-8.11,4.43,111.2,-3.68,107.52,,,
9601,15.8,54.24,-0.92,0,0.02,0,-0.69,-5.97,13.05,38.39,-7.5,4.44,113.93,-3.06,110.87,,,
9611,12.63,52.38,-1.94,0,0.03,0,0.01,-5.22,14.73,37.83,-7.5,4.47,110.46,-3.04,107.43,,,
9621,11.49,58.18,-0.36,0,0.02,0,-1.6,-4.91,12.47,37.07,-7.67,4.43,112.36,-3.24,109.12,,,
9631,15.15,57.37,-5.25,0,0,0,0.35,-5.09,12.33,38.14,-7.18,4.45,113.02,-2.73,110.29,,,
9641,10.21,61.98,0.66,0,0.01,0,1.79,-4.83,13.21,37.01,-7.63,4.42,120.03,-3.21,116.83,,,
9651,17.22,44.16,1.86,0,0.03,0,0.83,-5.32,12.82,37.55,-7.62,4.42,109.15,-3.2,105.95,,,
9661,13.45,56.62,-3.81,0,0.01,0,1.76,-5.69,14.37,38.38,-7.23,4.38,115.1,-2.84,112.25,,,
9671,15.42,47.42,-1.77,0,0.05,0,0.73,-5.49,12.02,38.04,-7.52,4.39,106.42,-3.13,103.3,,,
9681,11.94,46.25,0.26,0,0.07,0,-2.62,-5.04,12.84,37.04,-7.84,4.38,100.73,-3.45,97.28,,,
9691,7.55,48.92,-4.61,0,0.02,0,8.13,-5.57,15.11,38.68,-6.9,4.38,108.23,-2.51,105.72,,,
9701,16.53,55.12,1.3,0,0.04,0,-1.84,-5.94,14.51,38.89,-7.05,4.36,118.6,-2.68,115.92,,,
9711,12.62,49.57,-0.44,0,0.02,0,1.22,-5.42,12.98,38.31,-7.21,4.42,108.85,-2.79,106.07,,,
9721,11.89,58.53,-0.58,0,0.03,0,-0.34,-5.27,14.78,37.54,-7.58,4.38,116.58,-3.2,113.38,,,
9731,15.27,50.54,-0.87,0,0.01,0,3.5,-5.42,13.63,38.32,-7.41,4.38,114.98,-3.04,111.94,,,
9741,18.11,48.68,-2.3,0,0,0,2.24,-5.23,13.93,37.87,-7.15,4.41,113.3,-2.74,110.57,,,
9751,12.06,55.16,3.92,0,0.06,0,3.52,-5.69,13.07,38.49,-7.4,4.39,120.57,-3.01,117.56,,,
9761,16.23,46.93,-0.71,0,0.06,0,1.91,-5.72,16.71,38.78,-7.11,4.4,114.19,-2.71,111.49,,,
9771,12.24,46.8,-1.7,0,0.01,0,3.43,-5.61,15.14,38.49,-7.27,4.34,108.78,-2.93,105.86,,,
9781,12.6,44.57,0.59,0,0.04,0,1.94,-5.76,13.02,39.04,-7.32,4.36,106.04,-2.95,103.08,,,
9791,14.71,52.43,-1.43,0,0.01,0,1.84,-4.81,15.51,36.58,-7.76,4.44,114.84,-3.33,111.51,,,
9801,9.65,51.26,-0.4,0,0.03,0,3.74,-5.81,12.97,38.71,-7.8,4.38,110.15,-3.42,106.73,,,
9811,13.83,56.93,-0.81,0,0.02,0,-0.4,-4.96,13.97,37.55,-7.7,4.41,116.14,-3.29,112.84,,,
9821,19.44,48.43,-1.65,0,0.02,0,1.86,-5.06,11.86,37.26,-7.84,4.42,112.15,-3.42,108.73,,,
9831,15.27,46.94,-1.4,0,0.02,0,0.28,-4.97,12.78,37.48,-7.78,4.37,106.4,-3.4,103,,,
9841,14.18,52.4,1.42,0,0.03,0,2.26,-5.91,14.07,38.97,-7.13,4.41,117.42,-2.71,114.7,,,
9851,14.78,50.12,-2,0,0.02,0,2.81,-5.24,13.02,37.96,-7.67,4.4,111.49,-3.27,108.21,,,
9861,17.62,56.57,2.06,0,0.04,0,-0.24,-5.02,14.42,37.37,-7.4,4.39,122.83,-3.01,119.82,,,
9871,8.77,59.28,-3.04,0,0.06,0,-0.58,-5.35,12.95,37.76,-7.01,4.31,109.85,-2.7,107.15,,,
9881,10.91,50.57,-0.32,0,0,0,-2.22,-5.84,13.71,38.58,-7.18,4.38,105.39,-2.8,102.59,,,
9891,13.09,51.6,-1.84,0,0.02,0,0.57,-4.8,12.45,36.92,-7.14,4.39,108.01,-2.76,105.25,,,
9901,10.58,57.1,-1.83,0,0,0,1.8,-5.54,14.77,38.1,-7.53,4.42,114.97,-3.11,111.87,,,
9911,15.55,48.19,-2.1,0,0.01,0,-0.08,-5.12,14.24,37.46,-7.13,4.37,108.16,-2.76,105.4,,,
9921,11.65,50.74,-1.88,0,0.03,0,4.72,-5.43,13.9,38.89,-6.91,4.42,112.63,-2.49,110.15,,,
9931,10.6,61.59,-0.19,0,0.02,0,0.07,-4.83,16.11,37.25,-6.85,4.41,120.63,-2.44,118.19,,,
9941,15.07,51.6,-3.62,0,0.01,0,-0.52,-5.44,12.17,38.19,-7.6,4.43,107.46,-3.17,104.3,,,
9951,12.55,48.06,-1.11,0,0.01,0,1.62,-4.99,12.86,37.88,-7.04,4.36,106.88,-2.69,104.2,,,
9961,10.7,54.54,4.17,0,0.03,0,4.68,-4.9,15.01,37.42,-6.63,4.31,121.66,-2.32,119.35,,,
9971,8.57,50.35,-1.65,0,0.02,0,0.19,-5.58,14.92,38.37,-7.58,4.36,105.19,-3.21,101.98,,,
9981,15.33,50.69,-2.06,0,0.03,0,2.35,-5.68,11.61,38.79,-7.3,4.38,111.05,-2.92,108.13,,,
9991,16.28,47.61,-2.69,0,0.02,0,0.67,-5.2,14.68,37.93,-7.1,4.4,109.29,-2.7,106.59,,,
10001,13.31,61.97,0.77,0,0.04,0,-1.14,-5.46,13.59,38.35,-7.3,4.35,121.44,-2.95,118.49,,,
,,,,,,,,,,,,,,,,,,
Delta Energy Terms,,,,,,,,,,,,,,,,,,
Frame #,BOND,ANGLE,DIHED,UB,IMP,CMAP,VDWAALS,EEL,1-4 VDW,1-4 EEL,EGB,ESURF,GGAS,GSOLV,TOTAL,,,
1,0,0,0,0,0,0,-40.41,3.93,0,0,10.44,-5.62,-36.48,4.82,-31.66,,,
11,0,0,0,0,0,0,-25.04,-13.62,0,0,19.03,-3.79,-38.66,15.24,-23.42,,,
21,0,0,0,0,0,0,-34.07,0.35,0,0,15.76,-4.62,-33.72,11.14,-22.58,,-21.77888112,5.225199895
31,0,0,0,0,0,0,-29.55,-15.5,0,0,22.16,-3.91,-45.05,18.24,-26.8,,,
41,0,0,0,0,0,0,-33.01,-15.38,0,0,22.38,-4.56,-48.39,17.81,-30.57,,,
51,0,0,0,0,0,0,-32.12,-3.03,0,0,16.82,-4.13,-35.15,12.69,-22.46,,,
61,0,0,0,0,0,0,-31.71,-4.61,0,0,19.25,-4.25,-36.32,15,-21.32,,,
71,0,0,0,0,0,0,-30.68,-5.41,0,0,18.79,-4.08,-36.1,14.71,-21.38,,,
81,0,0,0,0,0,0,-30.95,-7.64,0,0,20.9,-4.03,-38.59,16.87,-21.71,,,
91,0,0,0,0,0,0,-28.2,-4.21,0,0,16.52,-3.63,-32.41,12.89,-19.52,,,
101,0,0,0,0,0,0,-30.64,-8.8,0,0,21.2,-4.02,-39.43,17.18,-22.25,,,
111,0,0,0,0,0,0,-29.35,-10.83,0,0,21.56,-3.7,-40.18,17.86,-22.33,,,
121,0,0,0,0,0,0,-28.2,-3.02,0,0,17.07,-3.62,-31.22,13.45,-17.77,,,
131,0,0,0,0,0,0,-30.2,-7.54,0,0,20.79,-4.13,-37.73,16.66,-21.07,,,
141,0,0,0,0,0,0,-24.72,-5.18,0,0,15.45,-3.15,-29.9,12.3,-17.61,,,
151,0,0,0,0,0,0,-28.23,-11.18,0,0,21.04,-3.49,-39.42,17.55,-21.87,,,
161,0,0,0,0,0,0,-30.21,-7.04,0,0,19.03,-3.95,-37.24,15.07,-22.17,,,
171,0,0,0,0,0,0,-28.05,-2.47,0,0,14.69,-3.45,-30.52,11.24,-19.28,,,
181,0,0,0,0,0,0,-29.88,-4.39,0,0,16.45,-3.43,-34.27,13.02,-21.25,,,
191,0,0,0,0,0,0,-30.92,-2.64,0,0,16.73,-4.09,-33.56,12.64,-20.91,,,
201,0,0,0,0,0,0,-30.89,-3.41,0,0,19.24,-4.07,-34.29,15.17,-19.13,,,
211,0,0,0,0,0,0,-24.13,-0.83,0,0,14.62,-3.75,-24.96,10.88,-14.08,,,
221,0,0,0,0,0,0,-26.14,-6.01,0,0,17.87,-3.52,-32.15,14.35,-17.8,,,
231,0,0,0,0,0,0,-21.67,-5.67,0,0,16.35,-2.57,-27.34,13.78,-13.56,,,
241,0,0,0,0,0,0,-26.45,-3.92,0,0,14.49,-3.4,-30.37,11.09,-19.27,,,
251,0,0,0,0,0,0,-21.75,-6.98,0,0,16.52,-2.8,-28.73,13.72,-15.01,,,
261,0,0,0,0,0,0,-22.3,-5.37,0,0,15.17,-2.78,-27.67,12.39,-15.29,,,
271,0,0,0,0,0,0,-23.53,-5.37,0,0,16.37,-3.21,-28.91,13.16,-15.75,,,
281,0,0,0,0,0,0,-24.48,-3.65,0,0,13.75,-2.91,-28.13,10.85,-17.28,,,
291,0,0,0,0,0,0,-24.42,-2.9,0,0,15.68,-3.31,-27.32,12.37,-14.95,,,
301,0,0,0,0,0,0,-25.15,-3.93,0,0,15.79,-3.32,-29.08,12.47,-16.62,,,
311,0,0,0,0,0,0,-26.18,-2.31,0,0,13.8,-3.35,-28.49,10.45,-18.04,,,
321,0,0,0,0,0,0,-24.37,-1.35,0,0,12.94,-3.22,-25.71,9.72,-16,,,
331,0,0,0,0,0,0,-21.69,2.31,0,0,8.34,-2.52,-19.38,5.82,-13.56,,,
341,0,0,0,0,0,0,-24.21,-6.52,0,0,18.81,-3.58,-30.73,15.23,-15.49,,,
351,0,0,0,0,0,0,-24.65,-6.7,0,0,17.17,-3.19,-31.34,13.98,-17.36,,,
361,0,0,0,0,0,0,-23.83,-5.4,0,0,15.95,-3.23,-29.23,12.72,-16.51,,,
371,0,0,0,0,0,0,-24.04,-8.4,0,0,20.16,-3.46,-32.43,16.69,-15.74,,,
381,0,0,0,0,0,0,-20.28,-11.86,0,0,21.63,-3.52,-32.13,18.11,-14.03,,,
391,0,0,0,0,0,0,-19.98,-5.04,0,0,15.68,-3.03,-25.02,12.66,-12.37,,,
401,0,0,0,0,0,0,-23.31,-7.44,0,0,18.86,-2.99,-30.74,15.87,-14.88,,,
411,0,0,0,0,0,0,-23.86,-5.48,0,0,17.72,-3.31,-29.34,14.41,-14.93,,,
421,0,0,0,0,0,0,-22.06,-8.42,0,0,18.21,-2.98,-30.48,15.23,-15.25,,,
431,0,0,0,0,0,0,-24.16,-1.68,0,0,12.2,-2.98,-25.83,9.22,-16.61,,,
441,0,0,0,0,0,0,-21.76,-3.63,0,0,14.35,-2.9,-25.39,11.45,-13.94,,,
451,0,0,0,0,0,0,-24.75,-4.95,0,0,16.54,-3.74,-29.7,12.8,-16.9,,,
461,0,0,0,0,0,0,-21.02,-5.46,0,0,15.97,-2.53,-26.49,13.43,-13.05,,,
471,0,0,0,0,0,0,-21.71,-6.07,0,0,17.15,-2.96,-27.77,14.19,-13.59,,,
481,0,0,0,0,0,0,-21.91,-5.12,0,0,15.66,-2.88,-27.02,12.78,-14.24,,,
491,0,0,0,0,0,0,-25.42,-6.46,0,0,17.66,-3.39,-31.88,14.28,-17.6,,,
501,0,0,0,0,0,0,-24.57,1.94,0,0,10.13,-3.01,-22.63,7.12,-15.51,,,
511,0,0,0,0,0,0,-24.26,-5.77,0,0,17.72,-3.35,-30.02,14.37,-15.65,,,
521,0,0,0,0,0,0,-22.78,-3.94,0,0,16.3,-3.21,-26.72,13.09,-13.63,,,
531,0,0,0,0,0,0,-22.63,-4.37,0,0,15.94,-3.04,-27,12.89,-14.11,,,
541,0,0,0,0,0,0,-25.68,-5.67,0,0,17.36,-3.52,-31.35,13.84,-17.5,,,
551,0,0,0,0,0,0,-22.67,-4.84,0,0,15.09,-2.94,-27.51,12.16,-15.36,,,
561,0,0,0,0,0,0,-24.85,-5.67,0,0,17.52,-3.4,-30.52,14.12,-16.4,,,
571,0,0,0,0,0,0,-20.36,-3.63,0,0,14.35,-2.72,-24,11.63,-12.36,,,
581,0,0,0,0,0,0,-21.76,-3.97,0,0,14.55,-2.76,-25.74,11.79,-13.95,,,
591,0,0,0,0,0,0,-23.25,-1.49,0,0,13.55,-2.73,-24.73,10.82,-13.91,,,
601,0,0,0,0,0,0,-23.85,3.1,0,0,9.97,-2.9,-20.75,7.08,-13.67,,,
611,0,0,0,0,0,0,-18.55,1.11,0,0,8.41,-2.33,-17.44,6.08,-11.36,,,
621,0,0,0,0,0,0,-20.64,1.93,0,0,8.53,-2.3,-18.71,6.22,-12.49,,,
631,0,0,0,0,0,0,-24.86,1.33,0,0,12.14,-3.17,-23.54,8.97,-14.56,,,
641,0,0,0,0,0,0,-28.49,-1.42,0,0,15.35,-3.45,-29.91,11.9,-18.01,,,
651,0,0,0,0,0,0,-26.96,-3.38,0,0,15.42,-3.04,-30.34,12.38,-17.96,,,
661,0,0,0,0,0,0,-27.53,1.54,0,0,11.03,-3.05,-25.99,7.98,-18.01,,,
671,0,0,0,0,0,0,-25.87,1.06,0,0,11.79,-3.11,-24.82,8.68,-16.13,,,
681,0,0,0,0,0,0,-27.81,-1.5,0,0,12.86,-3.31,-29.3,9.56,-19.75,,,
691,0,0,0,0,0,0,-29.68,-1.19,0,0,13.96,-3.15,-30.87,10.81,-20.06,,,
701,0,0,0,0,0,0,-30.35,2.38,0,0,11.09,-3.46,-27.96,7.62,-20.34,,,
711,0,0,0,0,0,0,-20.53,-5.23,0,0,12.65,-3.03,-25.76,9.62,-16.14,,,
721,0,0,0,0,0,0,-24.92,0.24,0,0,11.36,-2.97,-24.69,8.4,-16.29,,,
731,0,0,0,0,0,0,-27.5,1.58,0,0,11.1,-3.13,-25.92,7.97,-17.95,,,
741,0,0,0,0,0,0,-28.18,-0.67,0,0,13.71,-3.32,-28.85,10.39,-18.46,,,
751,0,0,0,0,0,0,-27,0.15,0,0,11.94,-3.18,-26.85,8.75,-18.1,,,
761,0,0,0,0,0,0,-29.38,5.01,0,0,9.87,-3.42,-24.37,6.45,-17.92,,,
771,0,0,0,0,0,0,-23.65,0.16,0,0,10.28,-2.89,-23.49,7.38,-16.11,,,
781,0,0,0,0,0,0,-29.48,-5.28,0,0,17.65,-3.35,-34.76,14.3,-20.46,,,
791,0,0,0,0,0,0,-25.25,2.08,0,0,10.93,-3.13,-23.17,7.8,-15.37,,,
801,0,0,0,0,0,0,-22.99,-2.48,0,0,14.3,-2.87,-25.47,11.44,-14.03,,,
811,0,0,0,0,0,0,-29.14,-2.21,0,0,14.92,-3.2,-31.35,11.72,-19.63,,,
821,0,0,0,0,0,0,-17.26,-4.71,0,0,13.1,-2.11,-21.97,10.99,-10.98,,,
831,0,0,0,0,0,0,-18.12,-2.64,0,0,12.52,-2.14,-20.75,10.38,-10.37,,,
841,0,0,0,0,0,0,-18.81,-3.15,0,0,12.14,-2.33,-21.95,9.81,-12.15,,,
851,0,0,0,0,0,0,-22.35,-1.87,0,0,13.58,-2.75,-24.22,10.83,-13.4,,,
861,0,0,0,0,0,0,-24.45,-3.42,0,0,15.68,-2.95,-27.86,12.73,-15.14,,,
871,0,0,0,0,0,0,-22.95,-2.79,0,0,13.7,-2.87,-25.74,10.83,-14.91,,,
881,0,0,0,0,0,0,-21.96,-3.73,0,0,14.57,-2.82,-25.69,11.75,-13.94,,,
891,0,0,0,0,0,0,-26.27,-0.46,0,0,14.56,-3.33,-26.73,11.23,-15.5,,,
901,0,0,0,0,0,0,-19.72,-2.84,0,0,11.77,-2.35,-22.56,9.42,-13.14,,,
911,0,0,0,0,0,0,-27.34,-3.39,0,0,14.7,-3.37,-30.73,11.32,-19.41,,,
921,0,0,0,0,0,0,-27.65,-1.49,0,0,16.45,-3.56,-29.14,12.9,-16.25,,,
931,0,0,0,0,0,0,-19.52,-2.69,0,0,12.57,-2.41,-22.21,10.16,-12.05,,,
941,0,0,0,0,0,0,-18.6,-1.74,0,0,11.4,-2.45,-20.34,8.95,-11.39,,,
951,0,0,0,0,0,0,-26.5,-3.78,0,0,15.1,-3.5,-30.28,11.6,-18.68,,,
961,0,0,0,0,0,0,-22.06,-4.68,0,0,14.41,-2.89,-26.74,11.52,-15.22,,,
971,0,0,0,0,0,0,-24.43,-3.93,0,0,15.08,-3.46,-28.36,11.62,-16.74,,,
981,0,0,0,0,0,0,-24.69,-1.12,0,0,14.96,-3.54,-25.81,11.42,-14.39,,,
991,0,0,0,0,0,0,-20.35,-3.46,0,0,13.63,-2.57,-23.8,11.06,-12.74,,,
1001,0,0,0,0,0,0,-23.99,-3.6,0,0,14.65,-3.16,-27.58,11.49,-16.09,,,
1011,0,0,0,0,0,0,-20.66,-3.81,0,0,14.8,-2.75,-24.47,12.05,-12.42,,,
1021,0,0,0,0,0,0,-14.98,-2.2,0,0,11.35,-1.94,-17.18,9.41,-7.77,,,
1031,0,0,0,0,0,0,-18.06,-1.13,0,0,11.26,-2.25,-19.2,9.01,-10.19,,,
1041,0,0,0,0,0,0,-19.77,2.91,0,0,8.35,-2.79,-16.86,5.55,-11.31,,,
1051,0,0,0,0,0,0,-21.7,-3.47,0,0,14.45,-2.99,-25.17,11.46,-13.71,,,
1061,0,0,0,0,0,0,-19.2,-0.92,0,0,10.66,-2.58,-20.13,8.08,-12.05,,,
1071,0,0,0,0,0,0,-25.13,-3.9,0,0,16.2,-3.6,-29.04,12.6,-16.44,,,
1081,0,0,0,0,0,0,-20.65,-4.29,0,0,14.99,-2.75,-24.94,12.24,-12.7,,,
1091,0,0,0,0,0,0,-24.62,-1.59,0,0,12.91,-2.97,-26.21,9.93,-16.28,,,
1101,0,0,0,0,0,0,-24.43,-7,0,0,16.65,-3.45,-31.42,13.19,-18.23,,,
1111,0,0,0,0,0,0,-30.08,-12.09,0,0,20.63,-3.96,-42.17,16.67,-25.51,,,
1121,0,0,0,0,0,0,-25.55,-12.87,0,0,20.37,-3.59,-38.42,16.78,-21.64,,,
1131,0,0,0,0,0,0,-21.82,-5.22,0,0,15.69,-2.68,-27.04,13.01,-14.03,,,
1141,0,0,0,0,0,0,-23.91,-5.99,0,0,19.31,-3.23,-29.9,16.08,-13.82,,,
1151,0,0,0,0,0,0,-25.19,-2.72,0,0,14.97,-3.51,-27.91,11.46,-16.45,,,
1161,0,0,0,0,0,0,-20.97,-3.1,0,0,13.55,-2.66,-24.07,10.89,-13.18,,,
1171,0,0,0,0,0,0,-22.3,-5.61,0,0,17.76,-2.94,-27.91,14.82,-13.09,,,
1181,0,0,0,0,0,0,-22.16,1.15,0,0,8.59,-2.69,-21.01,5.91,-15.1,,,
1191,0,0,0,0,0,0,-24.11,0.46,0,0,11.16,-3.08,-23.66,8.08,-15.58,,,
1201,0,0,0,0,0,0,-19.24,-2.87,0,0,14.36,-2.37,-22.11,11.99,-10.12,,,
1211,0,0,0,0,0,0,-25.62,-2.58,0,0,14.58,-3.12,-28.2,11.45,-16.75,,,
1221,0,0,0,0,0,0,-24.22,-1.99,0,0,14.12,-3.02,-26.22,11.1,-15.11,,,
1231,0,0,0,0,0,0,-23.29,-3.48,0,0,16.14,-3.21,-26.77,12.92,-13.85,,,
1241,0,0,0,0,0,0,-27.98,-4.92,0,0,19.03,-3.61,-32.9,15.42,-17.48,,,
1251,0,0,0,0,0,0,-31.28,-3.71,0,0,18.35,-3.83,-34.98,14.53,-20.46,,,
1261,0,0,0,0,0,0,-23.56,-3.14,0,0,16.51,-3.03,-26.7,13.48,-13.22,,,
1271,0,0,0,0,0,0,-24.95,0.42,0,0,11.92,-3.09,-24.53,8.83,-15.7,,,
1281,0,0,0,0,0,0,-26.6,-0.84,0,0,13.69,-3.2,-27.44,10.49,-16.95,,,
1291,0,0,0,0,0,0,-26.44,1.69,0,0,11.58,-3.25,-24.75,8.32,-16.42,,,
1301,0,0,0,0,0,0,-23.21,-4.46,0,0,16.68,-3.04,-27.66,13.64,-14.02,,,
1311,0,0,0,0,0,0,-25.02,-2.62,0,0,16.65,-3.6,-27.64,13.05,-14.58,,,
1321,0,0,0,0,0,0,-28.78,-5.13,0,0,18.57,-3.57,-33.91,15,-18.91,,,
1331,0,0,0,0,0,0,-26.86,-2.91,0,0,16.51,-3.26,-29.77,13.25,-16.51,,,
1341,0,0,0,0,0,0,-21.66,-3.19,0,0,15.1,-2.99,-24.85,12.11,-12.74,,,
1351,0,0,0,0,0,0,-21.58,-2.19,0,0,12.27,-2.48,-23.77,9.79,-13.98,,,
1361,0,0,0,0,0,0,-26.05,-0.24,0,0,14.02,-3.52,-26.29,10.5,-15.79,,,
1371,0,0,0,0,0,0,-26.44,-1.58,0,0,14.55,-3,-28.02,11.55,-16.47,,,
1381,0,0,0,0,0,0,-26.26,-1.42,0,0,14.37,-3.15,-27.68,11.22,-16.46,,,
1391,0,0,0,0,0,0,-27.22,2.51,0,0,10.83,-3.1,-24.71,7.73,-16.99,,,
1401,0,0,0,0,0,0,-23.32,-1.24,0,0,14.62,-3.18,-24.56,11.45,-13.12,,,
1411,0,0,0,0,0,0,-23.92,3.19,0,0,10.29,-3.13,-20.73,7.16,-13.58,,,
1421,0,0,0,0,0,0,-24.72,-3.5,0,0,15.4,-3.05,-28.22,12.35,-15.88,,,
1431,0,0,0,0,0,0,-24.79,-1.3,0,0,12.94,-2.97,-26.09,9.97,-16.12,,,
1441,0,0,0,0,0,0,-26.71,-5.11,0,0,17.66,-3.19,-31.82,14.47,-17.35,,,
1451,0,0,0,0,0,0,-25.11,-1.29,0,0,11.92,-2.72,-26.4,9.2,-17.2,,,
1461,0,0,0,0,0,0,-23.98,-1.6,0,0,12.89,-2.91,-25.58,9.98,-15.6,,,
1471,0,0,0,0,0,0,-23.68,4.67,0,0,7.9,-3.18,-19.01,4.72,-14.29,,,
1481,0,0,0,0,0,0,-23.9,-10.51,0,0,19.68,-2.94,-34.41,16.75,-17.66,,,
1491,0,0,0,0,0,0,-24.75,6.61,0,0,7.06,-2.97,-18.14,4.09,-14.05,,,
1501,0,0,0,0,0,0,-24.81,-8.76,0,0,20.18,-3.29,-33.58,16.89,-16.69,,,
1511,0,0,0,0,0,0,-24.36,-9.26,0,0,18.06,-2.96,-33.62,15.09,-18.52,,,
1521,0,0,0,0,0,0,-24.52,-9.88,0,0,17.94,-2.92,-34.4,15.02,-19.38,,,
1531,0,0,0,0,0,0,-26.01,-3.9,0,0,15.46,-3.02,-29.91,12.44,-17.48,,,
1541,0,0,0,0,0,0,-28.52,2.93,0,0,10.35,-3.59,-25.59,6.76,-18.83,,,
1551,0,0,0,0,0,0,-23.6,-11.33,0,0,19.73,-2.91,-34.92,16.82,-18.1,,,
1561,0,0,0,0,0,0,-29.03,-13.52,0,0,23.36,-3.43,-42.54,19.94,-22.6,,,
1571,0,0,0,0,0,0,-24.28,-10.79,0,0,18.43,-3.09,-35.07,15.34,-19.74,,,
1581,0,0,0,0,0,0,-25.23,-1.15,0,0,11.91,-2.75,-26.38,9.16,-17.22,,,
1591,0,0,0,0,0,0,-28,-2.34,0,0,16.51,-3.24,-30.34,13.27,-17.07,,,
1601,0,0,0,0,0,0,-24.8,-1.25,0,0,11.9,-2.6,-26.05,9.3,-16.75,,,
1611,0,0,0,0,0,0,-21.99,-9.7,0,0,17.4,-2.88,-31.7,14.52,-17.18,,,
1621,0,0,0,0,0,0,-23,3.29,0,0,8.34,-2.69,-19.71,5.65,-14.06,,,
1631,0,0,0,0,0,0,-24.37,1.49,0,0,9.97,-2.82,-22.88,7.15,-15.73,,,
1641,0,0,0,0,0,0,-21.51,-2.23,0,0,12.14,-2.25,-23.74,9.9,-13.85,,,
1651,0,0,0,0,0,0,-24.97,3.98,0,0,8.78,-3.05,-20.99,5.73,-15.26,,,
1661,0,0,0,0,0,0,-26.98,-2.29,0,0,15.07,-3.24,-29.27,11.83,-17.44,,,
1671,0,0,0,0,0,0,-28.57,4.41,0,0,9.91,-3.32,-24.15,6.59,-17.56,,,
1681,0,0,0,0,0,0,-22.19,-13,0,0,20.8,-3.14,-35.19,17.66,-17.52,,,
1691,0,0,0,0,0,0,-26.4,-1.84,0,0,12.91,-2.97,-28.24,9.94,-18.3,,,
1701,0,0,0,0,0,0,-22.05,-12.17,0,0,23.28,-3.14,-34.22,20.14,-14.09,,,
1711,0,0,0,0,0,0,-25.1,-4.64,0,0,18.94,-3.08,-29.74,15.86,-13.89,,,
1721,0,0,0,0,0,0,-23.74,-3.78,0,0,15.27,-2.88,-27.52,12.39,-15.13,,,
1731,0,0,0,0,0,0,-21.16,1.29,0,0,9.6,-2.59,-19.87,7.01,-12.86,,,
1741,0,0,0,0,0,0,-20.85,0.24,0,0,11.3,-2.42,-20.61,8.88,-11.73,,,
1751,0,0,0,0,0,0,-21.07,-3.19,0,0,13.95,-2.56,-24.26,11.39,-12.87,,,
1761,0,0,0,0,0,0,-24.59,1.35,0,0,11.81,-2.98,-23.24,8.83,-14.42,,,
1771,0,0,0,0,0,0,-22.7,-3.68,0,0,14.1,-2.69,-26.38,11.41,-14.96,,,
1781,0,0,0,0,0,0,-21.94,-2.77,0,0,13.76,-2.65,-24.71,11.11,-13.6,,,
1791,0,0,0,0,0,0,-25.32,0.2,0,0,13.18,-3.25,-25.12,9.93,-15.19,,,
1801,0,0,0,0,0,0,-22.31,0.69,0,0,13.09,-3.05,-21.63,10.05,-11.58,,,
1811,0,0,0,0,0,0,-25.1,-1.77,0,0,14.2,-2.96,-26.86,11.24,-15.63,,,
1821,0,0,0,0,0,0,-21.89,1.26,0,0,10.91,-2.54,-20.63,8.37,-12.26,,,
1831,0,0,0,0,0,0,-24.44,-3.22,0,0,15.16,-2.88,-27.66,12.28,-15.39,,,
1841,0,0,0,0,0,0,-22.12,-1.9,0,0,13.69,-2.69,-24.02,11.01,-13.02,,,
1851,0,0,0,0,0,0,-23.65,-1.79,0,0,12.45,-2.87,-25.43,9.58,-15.85,,,
1861,0,0,0,0,0,0,-24.05,-0.79,0,0,13.7,-2.85,-24.84,10.85,-13.98,,,
1871,0,0,0,0,0,0,-21.69,0.91,0,0,11.62,-2.73,-20.78,8.89,-11.89,,,
1881,0,0,0,0,0,0,-26.93,1.67,0,0,11.33,-3.18,-25.26,8.15,-17.11,,,
1891,0,0,0,0,0,0,-25.83,1.02,0,0,12.97,-3.15,-24.81,9.82,-14.99,,,
1901,0,0,0,0,0,0,-23.68,-3.55,0,0,16.68,-3.08,-27.23,13.6,-13.63,,,
1911,0,0,0,0,0,0,-22.13,-1.22,0,0,12.32,-2.71,-23.35,9.61,-13.74,,,
1921,0,0,0,0,0,0,-23.26,0.65,0,0,10.19,-2.85,-22.6,7.33,-15.27,,,
1931,0,0,0,0,0,0,-21.11,-0.79,0,0,13.35,-2.8,-21.9,10.54,-11.36,,,
1941,0,0,0,0,0,0,-24.25,1.85,0,0,9.82,-2.8,-22.4,7.02,-15.38,,,
1951,0,0,0,0,0,0,-23.25,-2.11,0,0,13.12,-2.68,-25.36,10.45,-14.91,,,
1961,0,0,0,0,0,0,-23.26,-2.41,0,0,15.25,-3.06,-25.67,12.19,-13.48,,,
1971,0,0,0,0,0,0,-21.38,-0.05,0,0,13.39,-3.11,-21.44,10.28,-11.15,,,
1981,0,0,0,0,0,0,-26.68,-2.54,0,0,14.5,-3.35,-29.22,11.15,-18.06,,,
1991,0,0,0,0,0,0,-23.97,1,0,0,12.2,-2.86,-22.97,9.34,-13.64,,,
2001,0,0,0,0,0,0,-24.45,0.44,0,0,15.28,-3.71,-24.01,11.58,-12.43,,,
2011,0,0,0,0,0,0,-23.98,-3.15,0,0,15.89,-3.28,-27.13,12.61,-14.52,,,
2021,0,0,0,0,0,0,-20.9,-2.24,0,0,13.23,-2.9,-23.14,10.34,-12.8,,,
2031,0,0,0,0,0,0,-23.93,-2.85,0,0,15.63,-3.05,-26.78,12.59,-14.19,,,
2041,0,0,0,0,0,0,-19.4,-3.16,0,0,14.93,-2.47,-22.55,12.45,-10.1,,,
2051,0,0,0,0,0,0,-24.48,1.21,0,0,11.71,-3.07,-23.27,8.64,-14.63,,,
2061,0,0,0,0,0,0,-20.25,0.52,0,0,11.19,-2.74,-19.72,8.45,-11.28,,,
2071,0,0,0,0,0,0,-25.03,-1.47,0,0,13.85,-2.88,-26.5,10.97,-15.53,,,
2081,0,0,0,0,0,0,-23.17,-2.36,0,0,13.96,-2.79,-25.53,11.17,-14.36,,,
2091,0,0,0,0,0,0,-22.2,-2.58,0,0,14.26,-2.62,-24.78,11.64,-13.14,,,
2101,0,0,0,0,0,0,-26.36,-0.52,0,0,14.22,-3.06,-26.88,11.16,-15.72,,,
2111,0,0,0,0,0,0,-23.85,-0.07,0,0,11.76,-2.91,-23.92,8.84,-15.08,,,
2121,0,0,0,0,0,0,-25.25,-1.26,0,0,14.62,-3.21,-26.5,11.42,-15.09,,,
2131,0,0,0,0,0,0,-25.06,-1.07,0,0,12.27,-3.02,-26.13,9.26,-16.88,,,
2141,0,0,0,0,0,0,-25.22,-0.58,0,0,13.72,-2.98,-25.8,10.75,-15.05,,,
2151,0,0,0,0,0,0,-24.14,-2.99,0,0,15.57,-3.04,-27.13,12.53,-14.6,,,
2161,0,0,0,0,0,0,-23.28,-2.05,0,0,12.89,-3.01,-25.34,9.88,-15.46,,,
2171,0,0,0,0,0,0,-24.49,-2,0,0,15.72,-3.18,-26.49,12.54,-13.95,,,
2181,0,0,0,0,0,0,-25.15,-3.5,0,0,14.68,-3.12,-28.65,11.56,-17.09,,,
2191,0,0,0,0,0,0,-25.55,0.43,0,0,11.77,-2.97,-25.13,8.8,-16.32,,,
2201,0,0,0,0,0,0,-24.86,0.45,0,0,11.66,-2.97,-24.41,8.69,-15.72,,,
2211,0,0,0,0,0,0,-26.34,-2.04,0,0,15.19,-3.18,-28.38,12.02,-16.36,,,
2221,0,0,0,0,0,0,-26.15,-1.96,0,0,15.17,-3.18,-28.11,12,-16.12,,,
2231,0,0,0,0,0,0,-25.79,-1.41,0,0,14.75,-3.22,-27.2,11.54,-15.66,,,
2241,0,0,0,0,0,0,-23.17,-0.74,0,0,13.75,-2.83,-23.92,10.92,-13,,,
2251,0,0,0,0,0,0,-25.51,-5.13,0,0,18.16,-3.28,-30.64,14.88,-15.75,,,
2261,0,0,0,0,0,0,-25.42,0.26,0,0,12.61,-3,-25.15,9.61,-15.54,,,
2271,0,0,0,0,0,0,-22.3,-0.91,0,0,12.15,-2.68,-23.21,9.48,-13.73,,,
2281,0,0,0,0,0,0,-20.26,0.72,0,0,11.59,-2.7,-19.54,8.89,-10.65,,,
2291,0,0,0,0,0,0,-25.6,1.4,0,0,12.1,-3.06,-24.19,9.04,-15.15,,,
2301,0,0,0,0,0,0,-24.12,-3.1,0,0,15.2,-2.85,-27.23,12.35,-14.87,,,
2311,0,0,0,0,0,0,-22.44,0.4,0,0,12.76,-2.73,-22.04,10.03,-12,,,
2321,0,0,0,0,0,0,-22.26,-0.71,0,0,13.4,-2.72,-22.97,10.68,-12.29,,,
2331,0,0,0,0,0,0,-24.42,-4.83,0,0,16.44,-2.79,-29.25,13.64,-15.6,,,
2341,0,0,0,0,0,0,-22.06,-0.78,0,0,12.82,-2.65,-22.84,10.17,-12.66,,,
2351,0,0,0,0,0,0,-28.53,2.72,0,0,11.84,-3.41,-25.81,8.42,-17.38,,,
2361,0,0,0,0,0,0,-27.49,-0.02,0,0,12.56,-3.16,-27.51,9.4,-18.11,,,
2371,0,0,0,0,0,0,-19.69,-1.43,0,0,12.11,-2.33,-21.12,9.78,-11.34,,,
2381,0,0,0,0,0,0,-23.66,0.68,0,0,12.16,-2.96,-22.99,9.2,-13.78,,,
2391,0,0,0,0,0,0,-24.91,-0.14,0,0,14.47,-3.09,-25.05,11.38,-13.67,,,
2401,0,0,0,0,0,0,-25.33,-2.76,0,0,16.39,-3.36,-28.09,13.02,-15.07,,,
2411,0,0,0,0,0,0,-23.73,-2.22,0,0,15.5,-2.94,-25.95,12.55,-13.4,,,
2421,0,0,0,0,0,0,-28.41,-1.6,0,0,17.05,-3.54,-30,13.51,-16.49,,,
2431,0,0,0,0,0,0,-26.44,-1.2,0,0,17.66,-3.54,-27.64,14.13,-13.52,,,
2441,0,0,0,0,0,0,-26.22,-2.31,0,0,16.45,-3.42,-28.53,13.03,-15.5,,,
2451,0,0,0,0,0,0,-24.11,-2.17,0,0,13.39,-2.82,-26.28,10.58,-15.7,,,
2461,0,0,0,0,0,0,-27.79,2.69,0,0,12.77,-3.53,-25.11,9.24,-15.87,,,
2471,0,0,0,0,0,0,-22.84,-1.2,0,0,12.59,-2.52,-24.04,10.08,-13.97,,,
2481,0,0,0,0,0,0,-24.14,-1.77,0,0,13.94,-2.79,-25.91,11.15,-14.76,,,
2491,0,0,0,0,0,0,-22.93,-1.78,0,0,13.31,-2.81,-24.71,10.5,-14.21,,,
2501,0,0,0,0,0,0,-25.69,-3.14,0,0,17.32,-3.21,-28.82,14.11,-14.71,,,
2511,0,0,0,0,0,0,-23.59,-3.66,0,0,15.53,-2.84,-27.24,12.69,-14.55,,,
2521,0,0,0,0,0,0,-23.21,-0.13,0,0,11.03,-2.64,-23.35,8.4,-14.95,,,
2531,0,0,0,0,0,0,-24.81,-3.54,0,0,16.71,-3.1,-28.35,13.61,-14.75,,,
2541,0,0,0,0,0,0,-25.29,-2.96,0,0,15.57,-2.94,-28.24,12.63,-15.62,,,
2551,0,0,0,0,0,0,-25.83,2.71,0,0,12.05,-3.31,-23.12,8.74,-14.39,,,
2561,0,0,0,0,0,0,-26.29,-0.75,0,0,15.01,-3.47,-27.04,11.53,-15.51,,,
2571,0,0,0,0,0,0,-22.28,1.27,0,0,11.38,-2.88,-21.01,8.5,-12.51,,,
2581,0,0,0,0,0,0,-26.98,-2.58,0,0,16.01,-3.5,-29.56,12.52,-17.05,,,
2591,0,0,0,0,0,0,-18.81,-1.91,0,0,12.46,-2.37,-20.72,10.1,-10.63,,,
2601,0,0,0,0,0,0,-23.9,-3.27,0,0,15.45,-2.92,-27.17,12.53,-14.64,,,
2611,0,0,0,0,0,0,-23.01,-0.77,0,0,11.6,-2.7,-23.78,8.9,-14.88,,,
2621,0,0,0,0,0,0,-23.75,-1.37,0,0,11.46,-2.62,-25.12,8.84,-16.28,,,
2631,0,0,0,0,0,0,-20.89,3.51,0,0,7.18,-2.48,-17.37,4.7,-12.67,,,
2641,0,0,0,0,0,0,-24.6,-0.45,0,0,12.25,-2.95,-25.05,9.3,-15.75,,,
2651,0,0,0,0,0,0,-26.12,1,0,0,12.2,-3.3,-25.12,8.91,-16.21,,,
2661,0,0,0,0,0,0,-25.84,-3.34,0,0,14.98,-3.04,-29.18,11.94,-17.25,,,
2671,0,0,0,0,0,0,-27.7,-3.02,0,0,15.35,-3.29,-30.72,12.06,-18.66,,,
2681,0,0,0,0,0,0,-26.94,-1.57,0,0,13.56,-3.24,-28.51,10.32,-18.19,,,
2691,0,0,0,0,0,0,-25.74,-0.45,0,0,12.31,-3.01,-26.18,9.3,-16.88,,,
2701,0,0,0,0,0,0,-24.79,-2.78,0,0,14.57,-3.07,-27.57,11.5,-16.07,,,
2711,0,0,0,0,0,0,-24.56,0.4,0,0,10.96,-2.89,-24.17,8.07,-16.1,,,
2721,0,0,0,0,0,0,-25.48,-0.9,0,0,12.26,-2.91,-26.38,9.35,-17.04,,,
2731,0,0,0,0,0,0,-23.62,-3.15,0,0,13.99,-2.78,-26.76,11.21,-15.55,,,
2741,0,0,0,0,0,0,-23.42,2.44,0,0,9.54,-2.73,-20.99,6.81,-14.18,,,
2751,0,0,0,0,0,0,-21.77,-0.16,0,0,10.09,-2.51,-21.93,7.57,-14.36,,,
2761,0,0,0,0,0,0,-21.78,-1.09,0,0,11.57,-2.67,-22.88,8.9,-13.98,,,
2771,0,0,0,0,0,0,-24.51,-3.38,0,0,14.5,-3.22,-27.88,11.28,-16.6,,,
2781,0,0,0,0,0,0,-23.41,-0.1,0,0,12.16,-3.18,-23.52,8.98,-14.54,,,
2791,0,0,0,0,0,0,-23.7,-0.62,0,0,11.5,-2.79,-24.32,8.71,-15.6,,,
2801,0,0,0,0,0,0,-22.03,1.56,0,0,10.74,-2.88,-20.48,7.86,-12.62,,,
2811,0,0,0,0,0,0,-25.88,-0.55,0,0,10.2,-2.97,-26.43,7.23,-19.2,,,
2821,0,0,0,0,0,0,-19.59,-1.68,0,0,13.52,-2.72,-21.27,10.8,-10.47,,,
2831,0,0,0,0,0,0,-21.68,-0.38,0,0,11.36,-2.28,-22.06,9.08,-12.98,,,
2841,0,0,0,0,0,0,-25.29,-1.44,0,0,13.81,-3.13,-26.73,10.68,-16.05,,,
2851,0,0,0,0,0,0,-25.41,-2.41,0,0,13.05,-3.23,-27.82,9.82,-18.01,,,
2861,0,0,0,0,0,0,-23.69,-2.75,0,0,13.35,-2.91,-26.44,10.43,-16.01,,,
2871,0,0,0,0,0,0,-23.27,-2.14,0,0,14.62,-3.02,-25.41,11.6,-13.81,,,
2881,0,0,0,0,0,0,-23.54,-2.42,0,0,14.81,-3.02,-25.96,11.79,-14.17,,,
2891,0,0,0,0,0,0,-25.08,1.27,0,0,12.54,-3.17,-23.81,9.36,-14.45,,,
2901,0,0,0,0,0,0,-26.88,-1.78,0,0,15.15,-3.26,-28.66,11.89,-16.77,,,
2911,0,0,0,0,0,0,-23.07,-2.93,0,0,15.42,-3,-26,12.42,-13.58,,,
2921,0,0,0,0,0,0,-25.99,0.38,0,0,12.01,-2.94,-25.62,9.07,-16.54,,,
2931,0,0,0,0,0,0,-21.59,-0.53,0,0,10.04,-2.5,-22.12,7.54,-14.58,,,
2941,0,0,0,0,0,0,-24.62,1.38,0,0,9.82,-2.89,-23.24,6.92,-16.31,,,
2951,0,0,0,0,0,0,-21.96,-2.35,0,0,14.93,-2.87,-24.3,12.06,-12.25,,,
2961,0,0,0,0,0,0,-22.24,0.98,0,0,9.64,-2.77,-21.26,6.87,-14.38,,,
2971,0,0,0,0,0,0,-25.27,1.22,0,0,9.62,-2.93,-24.06,6.69,-17.36,,,
2981,0,0,0,0,0,0,-26.76,0.43,0,0,11.86,-3.35,-26.33,8.51,-17.82,,,
2991,0,0,0,0,0,0,-24.76,-3.16,0,0,14.23,-3.1,-27.92,11.13,-16.79,,,
3001,0,0,0,0,0,0,-23.84,-3.62,0,0,15.02,-2.95,-27.47,12.07,-15.4,,,
3011,0,0,0,0,0,0,-25.68,-3.24,0,0,15.68,-3.2,-28.93,12.48,-16.45,,,
3021,0,0,0,0,0,0,-24.87,0.12,0,0,13.32,-3.09,-24.74,10.23,-14.51,,,
3031,0,0,0,0,0,0,-26.77,-1.56,0,0,13.07,-3.09,-28.33,9.98,-18.35,,,
3041,0,0,0,0,0,0,-22.92,-2.99,0,0,13.76,-2.83,-25.91,10.93,-14.98,,,
3051,0,0,0,0,0,0,-26.42,-0.91,0,0,15.07,-3.38,-27.33,11.69,-15.64,,,
3061,0,0,0,0,0,0,-25.85,-1.38,0,0,14.67,-3.41,-27.23,11.26,-15.97,,,
3071,0,0,0,0,0,0,-25.19,-3.28,0,0,14.66,-3.1,-28.48,11.56,-16.91,,,
3081,0,0,0,0,0,0,-24.05,-3.75,0,0,16.96,-3.1,-27.8,13.86,-13.94,,,
3091,0,0,0,0,0,0,-27.16,0.75,0,0,11.29,-3.24,-26.41,8.05,-18.37,,,
3101,0,0,0,0,0,0,-24.05,-2.18,0,0,13.13,-3.16,-26.23,9.97,-16.26,,,
3111,0,0,0,0,0,0,-24.99,1.69,0,0,12.12,-3.53,-23.3,8.59,-14.71,,,
3121,0,0,0,0,0,0,-23.65,-5.35,0,0,16.1,-2.76,-29,13.33,-15.67,,,
3131,0,0,0,0,0,0,-25.32,-0.59,0,0,11.62,-3,-25.91,8.62,-17.29,,,
3141,0,0,0,0,0,0,-23.39,-0.52,0,0,10.75,-2.92,-23.91,7.83,-16.08,,,
3151,0,0,0,0,0,0,-23.73,3.19,0,0,8.27,-2.87,-20.54,5.4,-15.14,,,
3161,0,0,0,0,0,0,-24.9,-2.72,0,0,12.92,-2.89,-27.61,10.03,-17.58,,,
3171,0,0,0,0,0,0,-26.62,-4.55,0,0,16.41,-3.41,-31.17,13,-18.17,,,
3181,0,0,0,0,0,0,-25.63,-4.75,0,0,15.92,-3.02,-30.37,12.9,-17.47,,,
3191,0,0,0,0,0,0,-24.86,-3.56,0,0,15.17,-3.14,-28.41,12.04,-16.38,,,
3201,0,0,0,0,0,0,-20.06,-5.27,0,0,15.52,-2.43,-25.33,13.09,-12.25,,,
3211,0,0,0,0,0,0,-25.13,0.54,0,0,10.65,-2.96,-24.59,7.69,-16.9,,,
3221,0,0,0,0,0,0,-26.58,-1.33,0,0,13.82,-3.06,-27.91,10.75,-17.15,,,
3231,0,0,0,0,0,0,-23.11,2.68,0,0,8.56,-3.02,-20.43,5.54,-14.88,,,
3241,0,0,0,0,0,0,-23.78,1.77,0,0,11.49,-3.23,-22,8.26,-13.74,,,
3251,0,0,0,0,0,0,-23.94,2.49,0,0,10.04,-3.13,-21.44,6.91,-14.53,,,
3261,0,0,0,0,0,0,-16.11,4.83,0,0,4.67,-1.89,-11.29,2.78,-8.51,,,
3271,0,0,0,0,0,0,-24.62,-0.74,0,0,12.82,-2.94,-25.36,9.88,-15.49,,,
3281,0,0,0,0,0,0,-18.39,-2.63,0,0,11.62,-1.85,-21.02,9.76,-11.26,,,
3291,0,0,0,0,0,0,-23.71,-1.13,0,0,11.64,-2.85,-24.84,8.79,-16.05,,,
3301,0,0,0,0,0,0,-22.19,1.87,0,0,8.33,-2.6,-20.32,5.73,-14.59,,,
3311,0,0,0,0,0,0,-22.73,1.03,0,0,8.87,-2.7,-21.7,6.18,-15.52,,,
3321,0,0,0,0,0,0,-23.46,-3.47,0,0,14.41,-2.67,-26.93,11.74,-15.19,,,
3331,0,0,0,0,0,0,-23.69,-0.4,0,0,10.95,-2.67,-24.09,8.28,-15.81,,,
3341,0,0,0,0,0,0,-23.23,-2.25,0,0,13.65,-2.89,-25.48,10.76,-14.72,,,
3351,0,0,0,0,0,0,-22.39,-0.23,0,0,10.52,-2.83,-22.62,7.69,-14.93,,,
3361,0,0,0,0,0,0,-24.87,-3.62,0,0,13.91,-3,-28.49,10.91,-17.57,,,
3371,0,0,0,0,0,0,-25.23,-2.28,0,0,13.67,-2.98,-27.51,10.68,-16.83,,,
3381,0,0,0,0,0,0,-26.44,0.03,0,0,12.71,-3.17,-26.4,9.54,-16.87,,,
3391,0,0,0,0,0,0,-26.64,-1.32,0,0,12.62,-2.97,-27.96,9.65,-18.31,,,
3401,0,0,0,0,0,0,-25.13,-2.4,0,0,13.77,-3.02,-27.53,10.76,-16.77,,,
3411,0,0,0,0,0,0,-24.89,1.3,0,0,10.1,-2.98,-23.59,7.12,-16.47,,,
3421,0,0,0,0,0,0,-24.1,-3.28,0,0,14.64,-2.95,-27.38,11.69,-15.69,,,
3431,0,0,0,0,0,0,-23.27,-4.05,0,0,15.09,-2.77,-27.32,12.32,-15,,,
3441,0,0,0,0,0,0,-23.33,-4.17,0,0,14.11,-2.75,-27.5,11.36,-16.14,,,
3451,0,0,0,0,0,0,-20.06,1.75,0,0,8.53,-2.33,-18.3,6.2,-12.11,,,
3461,0,0,0,0,0,0,-22.57,-1.73,0,0,12.38,-2.63,-24.3,9.75,-14.55,,,
3471,0,0,0,0,0,0,-23.29,0.03,0,0,11.16,-2.99,-23.25,8.17,-15.09,,,
3481,0,0,0,0,0,0,-22.64,-1.84,0,0,13.15,-2.81,-24.48,10.34,-14.14,,,
3491,0,0,0,0,0,0,-25.03,-0.06,0,0,11.81,-3.09,-25.09,8.72,-16.37,,,
3501,0,0,0,0,0,0,-24.04,-10.57,0,0,17.37,-4.07,-34.61,13.3,-21.31,,,
3511,0,0,0,0,0,0,-23.64,-10.23,0,0,20.07,-3.43,-33.88,16.65,-17.23,,,
3521,0,0,0,0,0,0,-26.9,-12.27,0,0,19.1,-3.5,-39.17,15.6,-23.57,,,
3531,0,0,0,0,0,0,-28.66,-11.22,0,0,19.44,-3.86,-39.88,15.58,-24.3,,,
3541,0,0,0,0,0,0,-30.61,-8.91,0,0,20.04,-4.07,-39.52,15.97,-23.55,,,
3551,0,0,0,0,0,0,-26.9,-14.47,0,0,19.03,-4.15,-41.37,14.88,-26.49,,,
3561,0,0,0,0,0,0,-26.08,-13.69,0,0,20.2,-4.53,-39.77,15.67,-24.1,,,
3571,0,0,0,0,0,0,-30.67,-15.62,0,0,23.55,-4.62,-46.3,18.93,-27.36,,,
3581,0,0,0,0,0,0,-34.19,-10.95,0,0,22.43,-4.68,-45.14,17.75,-27.39,,,
3591,0,0,0,0,0,0,-30.46,-1.93,0,0,14.93,-3.99,-32.39,10.94,-21.46,,,
3601,0,0,0,0,0,0,-32.39,-2.54,0,0,17.81,-4.32,-34.92,13.48,-21.44,,,
3611,0,0,0,0,0,0,-29.16,-9.76,0,0,20.66,-4.8,-38.91,15.86,-23.05,,,
3621,0,0,0,0,0,0,-30.07,-9.84,0,0,19.5,-3.86,-39.91,15.65,-24.26,,,
3631,0,0,0,0,0,0,-30.95,-13.19,0,0,18.95,-4.2,-44.14,14.75,-29.39,,,
3641,0,0,0,0,0,0,-23.66,-17.54,0,0,20.96,-4.23,-41.19,16.73,-24.46,,,
3651,0,0,0,0,0,0,-34.66,-8.88,0,0,19.52,-4.9,-43.54,14.62,-28.92,,,
3661,0,0,0,0,0,0,-36.06,-10.76,0,0,17.68,-4.92,-46.82,12.76,-34.06,,,
3671,0,0,0,0,0,0,-28.6,-13.89,0,0,18.45,-3.8,-42.49,14.66,-27.83,,,
3681,0,0,0,0,0,0,-27.16,-3.06,0,0,15.01,-3.51,-30.22,11.5,-18.72,,,
3691,0,0,0,0,0,0,-25.98,-1.14,0,0,13.33,-2.93,-27.12,10.4,-16.72,,,
3701,0,0,0,0,0,0,-26.5,0.46,0,0,12.56,-3.6,-26.05,8.96,-17.08,,,
3711,0,0,0,0,0,0,-27.31,-5.22,0,0,17.06,-3.43,-32.53,13.63,-18.89,,,
3721,0,0,0,0,0,0,-29.55,-2.12,0,0,18.17,-4.14,-31.67,14.03,-17.64,,,
3731,0,0,0,0,0,0,-33.35,-5.37,0,0,22.51,-4.6,-38.73,17.91,-20.81,,,
3741,0,0,0,0,0,0,-30.07,-3.3,0,0,18.53,-4.1,-33.36,14.43,-18.93,,,
3751,0,0,0,0,0,0,-29.6,-1.05,0,0,15,-3.99,-30.65,11.01,-19.64,,,
3761,0,0,0,0,0,0,-25.89,1.16,0,0,12.48,-3.92,-24.73,8.56,-16.17,,,
3771,0,0,0,0,0,0,-30.45,-1.24,0,0,14.98,-4.07,-31.69,10.9,-20.78,,,
3781,0,0,0,0,0,0,-29.84,-2.98,0,0,18.21,-4.3,-32.82,13.91,-18.91,,,
3791,0,0,0,0,0,0,-32.46,-1.93,0,0,15.81,-4.15,-34.39,11.66,-22.73,,,
3801,0,0,0,0,0,0,-30.47,-2.49,0,0,16.22,-3.91,-32.96,12.31,-20.65,,,
3811,0,0,0,0,0,0,-31.78,-2.57,0,0,17.51,-4.17,-34.35,13.34,-21,,,
3821,0,0,0,0,0,0,-36.77,-2.44,0,0,17.24,-4.35,-39.21,12.89,-26.32,,,
3831,0,0,0,0,0,0,-27.6,-3.04,0,0,14.6,-3.32,-30.64,11.28,-19.36,,,
3841,0,0,0,0,0,0,-33.69,-1.81,0,0,18.2,-4.4,-35.5,13.8,-21.7,,,
3851,0,0,0,0,0,0,-37.46,-0.81,0,0,17.49,-5.13,-38.27,12.37,-25.9,,,
3861,0,0,0,0,0,0,-34.32,-4.17,0,0,20.04,-4.49,-38.49,15.55,-22.94,,,
3871,0,0,0,0,0,0,-33.31,-1.64,0,0,17.32,-4.54,-34.95,12.78,-22.17,,,
3881,0,0,0,0,0,0,-33.08,-2.23,0,0,16.38,-4.38,-35.31,12,-23.31,,,
3891,0,0,0,0,0,0,-30.09,-2.77,0,0,17.03,-3.77,-32.86,13.26,-19.6,,,
3901,0,0,0,0,0,0,-36.25,-2.62,0,0,19.06,-4.72,-38.88,14.33,-24.55,,,
3911,0,0,0,0,0,0,-36.25,-1.88,0,0,16.36,-4.64,-38.13,11.72,-26.41,,,
3921,0,0,0,0,0,0,-33.12,-2.65,0,0,18.09,-4.42,-35.77,13.66,-22.11,,,
3931,0,0,0,0,0,0,-33.2,-0.25,0,0,16.71,-4.53,-33.45,12.18,-21.26,,,
3941,0,0,0,0,0,0,-38.78,-1.37,0,0,17.81,-5.13,-40.15,12.68,-27.47,,,
3951,0,0,0,0,0,0,-41.52,1.5,0,0,16.04,-5.53,-40.02,10.51,-29.5,,,
3961,0,0,0,0,0,0,-36.7,-2.75,0,0,17.04,-4.77,-39.45,12.28,-27.17,,,
3971,0,0,0,0,0,0,-35.16,-1.49,0,0,16.12,-4.92,-36.65,11.2,-25.45,,,
3981,0,0,0,0,0,0,-34.34,-2.72,0,0,16.21,-4.26,-37.07,11.95,-25.11,,,
3991,0,0,0,0,0,0,-36.8,-3.4,0,0,18.91,-4.64,-40.2,14.27,-25.93,,,
4001,0,0,0,0,0,0,-32.79,-0.16,0,0,16.57,-4.15,-32.95,12.42,-20.53,,,
4011,0,0,0,0,0,0,-32.11,-1.95,0,0,15.35,-4.11,-34.06,11.23,-22.82,,,
4021,0,0,0,0,0,0,-31.28,-4.74,0,0,18.58,-4.27,-36.02,14.31,-21.71,,,
4031,0,0,0,0,0,0,-31.81,-2.34,0,0,15.62,-4.2,-34.16,11.42,-22.74,,,
4041,0,0,0,0,0,0,-35.83,-4.47,0,0,17.54,-4.48,-40.3,13.05,-27.25,,,
4051,0,0,0,0,0,0,-29.88,-5.9,0,0,17.77,-3.8,-35.78,13.97,-21.81,,,
4061,0,0,0,0,0,0,-31.98,-3.74,0,0,16.12,-3.82,-35.72,12.3,-23.42,,,
4071,0,0,0,0,0,0,-29.32,-2.36,0,0,13.78,-3.35,-31.68,10.43,-21.24,,,
4081,0,0,0,0,0,0,-23.31,-0.83,0,0,12.32,-2.79,-24.14,9.53,-14.61,,,
4091,0,0,0,0,0,0,-37.62,-3.04,0,0,20.58,-4.85,-40.66,15.73,-24.93,,,
4101,0,0,0,0,0,0,-33.95,-0.75,0,0,14.42,-4.12,-34.7,10.3,-24.4,,,
4111,0,0,0,0,0,0,-35.41,-0.12,0,0,15.78,-4.52,-35.53,11.26,-24.26,,,
4121,0,0,0,0,0,0,-33.8,-1.74,0,0,17.44,-4.38,-35.54,13.06,-22.47,,,
4131,0,0,0,0,0,0,-33.18,-3.19,0,0,18.47,-4.54,-36.37,13.93,-22.44,,,
4141,0,0,0,0,0,0,-34.48,-0.32,0,0,15.44,-4.3,-34.8,11.14,-23.66,,,
4151,0,0,0,0,0,0,-29.98,-1.16,0,0,15.61,-4.16,-31.14,11.45,-19.69,,,
4161,0,0,0,0,0,0,-35.19,1.85,0,0,15.73,-4.65,-33.35,11.08,-22.26,,,
4171,0,0,0,0,0,0,-35.07,-0.88,0,0,19.1,-4.69,-35.94,14.41,-21.53,,,
4181,0,0,0,0,0,0,-34.22,-1.34,0,0,17.27,-4.49,-35.55,12.79,-22.77,,,
4191,0,0,0,0,0,0,-36.79,-1.39,0,0,19.8,-4.95,-38.18,14.85,-23.33,,,
4201,0,0,0,0,0,0,-32.92,-0.81,0,0,16.42,-4.61,-33.73,11.82,-21.91,,,
4211,0,0,0,0,0,0,-38.07,-1.79,0,0,17.28,-4.86,-39.86,12.43,-27.44,,,
4221,0,0,0,0,0,0,-37.86,-3.04,0,0,19.42,-4.92,-40.91,14.49,-26.41,,,
4231,0,0,0,0,0,0,-33.2,-1.68,0,0,14.61,-3.9,-34.88,10.71,-24.18,,,
4241,0,0,0,0,0,0,-35.73,-2.74,0,0,18.56,-4.49,-38.47,14.07,-24.4,,,
4251,0,0,0,0,0,0,-32.15,-1.83,0,0,16.46,-4.48,-33.99,11.98,-22.01,,,
4261,0,0,0,0,0,0,-40.78,-0.58,0,0,17.18,-5.08,-41.36,12.1,-29.25,,,
4271,0,0,0,0,0,0,-32,-0.88,0,0,13.83,-3.89,-32.88,9.94,-22.94,,,
4281,0,0,0,0,0,0,-37.9,-1.37,0,0,15.94,-4.86,-39.26,11.08,-28.19,,,
4291,0,0,0,0,0,0,-32.82,-1.41,0,0,16.23,-4.39,-34.23,11.83,-22.4,,,
4301,0,0,0,0,0,0,-31.38,-2.18,0,0,15.87,-3.78,-33.56,12.09,-21.47,,,
4311,0,0,0,0,0,0,-34.13,-1.62,0,0,15.55,-4.14,-35.74,11.4,-24.34,,,
4321,0,0,0,0,0,0,-33,-0.83,0,0,15.18,-4.28,-33.83,10.91,-22.92,,,
4331,0,0,0,0,0,0,-28.61,-0.34,0,0,13.02,-4.01,-28.96,9.01,-19.95,,,
4341,0,0,0,0,0,0,-31.48,-3.89,0,0,17.47,-4.45,-35.37,13.02,-22.36,,,
4351,0,0,0,0,0,0,-36.74,-1.76,0,0,15.9,-4.74,-38.5,11.16,-27.34,,,
4361,0,0,0,0,0,0,-37.24,-1.84,0,0,17.48,-4.92,-39.08,12.56,-26.52,,,
4371,0,0,0,0,0,0,-37.47,-0.41,0,0,15.99,-4.88,-37.88,11.11,-26.77,,,
4381,0,0,0,0,0,0,-39.37,0.57,0,0,16.72,-5.42,-38.81,11.31,-27.5,,,
4391,0,0,0,0,0,0,-37.37,-1.75,0,0,18.04,-4.94,-39.12,13.1,-26.02,,,
4401,0,0,0,0,0,0,-40.57,-1.41,0,0,17.11,-5.31,-41.98,11.8,-30.18,,,
4411,0,0,0,0,0,0,-37.14,-1.18,0,0,18.65,-4.83,-38.32,13.83,-24.5,,,
4421,0,0,0,0,0,0,-39.26,-2.24,0,0,18.22,-5.16,-41.5,13.06,-28.44,,,
4431,0,0,0,0,0,0,-34.67,-1.69,0,0,16.37,-4.73,-36.36,11.65,-24.71,,,
4441,0,0,0,0,0,0,-38.13,-1.35,0,0,16.31,-5.24,-39.48,11.07,-28.42,,,
4451,0,0,0,0,0,0,-33.71,-0.77,0,0,16.44,-4.7,-34.48,11.73,-22.75,,,
4461,0,0,0,0,0,0,-37.44,-1.78,0,0,17.44,-5.05,-39.22,12.39,-26.83,,,
4471,0,0,0,0,0,0,-34.31,-2.24,0,0,17.83,-4.64,-36.55,13.18,-23.37,,,
4481,0,0,0,0,0,0,-33.1,-0.75,0,0,15.15,-4.48,-33.85,10.66,-23.18,,,
4491,0,0,0,0,0,0,-39.97,-1.2,0,0,16.89,-5.29,-41.17,11.6,-29.57,,,
4501,0,0,0,0,0,0,-39.31,-0.67,0,0,15.91,-5.26,-39.98,10.65,-29.33,,,
4511,0,0,0,0,0,0,-37.59,-2.47,0,0,18.32,-5.3,-40.05,13.02,-27.03,,,
4521,0,0,0,0,0,0,-35.81,-1.06,0,0,18.12,-5,-36.88,13.12,-23.76,,,
4531,0,0,0,0,0,0,-34.16,-0.49,0,0,14.54,-4.5,-34.65,10.04,-24.61,,,
4541,0,0,0,0,0,0,-36.75,-0.62,0,0,16.31,-5.02,-37.37,11.29,-26.08,,,
4551,0,0,0,0,0,0,-33,-1.36,0,0,15.89,-4.25,-34.36,11.65,-22.71,,,
4561,0,0,0,0,0,0,-35.82,-0.93,0,0,16.58,-4.72,-36.75,11.86,-24.89,,,
4571,0,0,0,0,0,0,-33.1,-3.09,0,0,17.22,-4.62,-36.19,12.6,-23.59,,,
4581,0,0,0,0,0,0,-36.81,0.1,0,0,16.4,-4.89,-36.71,11.51,-25.2,,,
4591,0,0,0,0,0,0,-35.64,-1.76,0,0,16.99,-5.07,-37.4,11.91,-25.48,,,
4601,0,0,0,0,0,0,-36.13,-3.6,0,0,17.87,-4.7,-39.73,13.17,-26.55,,,
4611,0,0,0,0,0,0,-36.38,-0.94,0,0,15.76,-4.97,-37.32,10.78,-26.54,,,
4621,0,0,0,0,0,0,-33.46,0.76,0,0,12.29,-4.28,-32.71,8.01,-24.69,,,
4631,0,0,0,0,0,0,-32.78,-0.62,0,0,14.19,-4.29,-33.41,9.9,-23.5,,,
4641,0,0,0,0,0,0,-33.69,-0.25,0,0,16.04,-4.63,-33.95,11.41,-22.54,,,
4651,0,0,0,0,0,0,-36.27,-0.34,0,0,19.06,-4.92,-36.61,14.14,-22.47,,,
4661,0,0,0,0,0,0,-35.61,-3.51,0,0,16.88,-4.5,-39.12,12.38,-26.74,,,
4671,0,0,0,0,0,0,-34.9,-2.44,0,0,16.5,-4.46,-37.34,12.04,-25.3,,,
4681,0,0,0,0,0,0,-29.99,-2.31,0,0,15.57,-4.2,-32.3,11.36,-20.94,,,
4691,0,0,0,0,0,0,-34.46,-2.51,0,0,17.3,-4.66,-36.97,12.64,-24.32,,,
4701,0,0,0,0,0,0,-32.87,-2.55,0,0,16.98,-4.82,-35.42,12.16,-23.26,,,
4711,0,0,0,0,0,0,-33.84,-3.8,0,0,17.86,-4.46,-37.64,13.39,-24.24,,,
4721,0,0,0,0,0,0,-31.85,-0.3,0,0,14.63,-4.34,-32.15,10.29,-21.86,,,
4731,0,0,0,0,0,0,-35.09,-3.8,0,0,18.36,-4.64,-38.89,13.72,-25.17,,,
4741,0,0,0,0,0,0,-32.59,-2.98,0,0,15.11,-3.93,-35.57,11.18,-24.39,,,
4751,0,0,0,0,0,0,-33.68,-1.72,0,0,14.96,-4.16,-35.4,10.8,-24.6,,,
4761,0,0,0,0,0,0,-30.2,-13.5,0,0,21.14,-4.05,-43.7,17.09,-26.62,,,
4771,0,0,0,0,0,0,-33.04,-4.55,0,0,19.04,-4.64,-37.59,14.4,-23.19,,,
4781,0,0,0,0,0,0,-37.32,1.09,0,0,16.41,-4.99,-36.23,11.43,-24.8,,,
4791,0,0,0,0,0,0,-39.03,-5.61,0,0,21.52,-5.39,-44.64,16.13,-28.51,,,
4801,0,0,0,0,0,0,-35.61,-7.65,0,0,21.08,-5.02,-43.26,16.06,-27.19,,,
4811,0,0,0,0,0,0,-37.39,-1.63,0,0,16.42,-4.91,-39.03,11.51,-27.52,,,
4821,0,0,0,0,0,0,-32.92,-1.83,0,0,16.35,-4.52,-34.75,11.83,-22.92,,,
4831,0,0,0,0,0,0,-27.5,-1.44,0,0,13.39,-3.45,-28.95,9.94,-19.01,,,
4841,0,0,0,0,0,0,-31.98,-1.14,0,0,15.55,-4.06,-33.13,11.49,-21.63,,,
4851,0,0,0,0,0,0,-32.07,-1.34,0,0,15.69,-3.9,-33.41,11.79,-21.62,,,
4861,0,0,0,0,0,0,-32.62,0.15,0,0,15.05,-4.11,-32.47,10.95,-21.52,,,
4871,0,0,0,0,0,0,-31.53,-0.3,0,0,13.72,-3.96,-31.83,9.77,-22.06,,,
4881,0,0,0,0,0,0,-36.07,-4.18,0,0,17.94,-4.48,-40.25,13.46,-26.79,,,
4891,0,0,0,0,0,0,-37.38,-2.61,0,0,17.25,-4.86,-39.99,12.39,-27.6,,,
4901,0,0,0,0,0,0,-34.97,-4.16,0,0,17.8,-4.29,-39.13,13.51,-25.62,,,
4911,0,0,0,0,0,0,-31.26,0.19,0,0,13.81,-4.29,-31.07,9.52,-21.55,,,
4921,0,0,0,0,0,0,-33.34,-7.81,0,0,19.36,-4.52,-41.15,14.84,-26.3,,,
4931,0,0,0,0,0,0,-34.25,-3.26,0,0,16.37,-4.61,-37.51,11.75,-25.76,,,
4941,0,0,0,0,0,0,-34.53,-3.22,0,0,18.27,-4.61,-37.75,13.66,-24.08,,,
4951,0,0,0,0,0,0,-35.27,-0.89,0,0,16.06,-4.76,-36.16,11.29,-24.87,,,
4961,0,0,0,0,0,0,-37.29,-2.93,0,0,17.96,-4.92,-40.22,13.04,-27.18,,,
4971,0,0,0,0,0,0,-36.73,-9.14,0,0,21.48,-5.31,-45.87,16.17,-29.7,,,
4981,0,0,0,0,0,0,-35.67,0.23,0,0,14.98,-4.75,-35.44,10.23,-25.21,,,
4991,0,0,0,0,0,0,-32.78,-2.14,0,0,16.22,-4.23,-34.92,11.99,-22.93,,,
5001,0,0,0,0,0,0,-31.77,-4.04,0,0,17.7,-4.14,-35.8,13.56,-22.25,,,
5011,0,0,0,0,0,0,-30.06,-8.23,0,0,16.13,-3.72,-38.3,12.41,-25.88,,,
5021,0,0,0,0,0,0,-31.14,-7.18,0,0,18.56,-4.55,-38.32,14.01,-24.31,,,
5031,0,0,0,0,0,0,-35.38,-2.34,0,0,17.66,-4.63,-37.73,13.04,-24.69,,,
5041,0,0,0,0,0,0,-36.86,0.28,0,0,16.32,-5.13,-36.58,11.19,-25.39,,,
5051,0,0,0,0,0,0,-37.69,-0.72,0,0,16.71,-5.03,-38.4,11.68,-26.72,,,
5061,0,0,0,0,0,0,-38.23,-2.11,0,0,17.61,-4.85,-40.34,12.76,-27.58,,,
5071,0,0,0,0,0,0,-34.92,-11.23,0,0,22.14,-4.68,-46.15,17.45,-28.7,,,
5081,0,0,0,0,0,0,-34.81,-6.25,0,0,20.74,-4.77,-41.06,15.97,-25.09,,,
5091,0,0,0,0,0,0,-33.25,-0.62,0,0,16.44,-4.89,-33.87,11.55,-22.32,,,
5101,0,0,0,0,0,0,-36.23,-4.04,0,0,18.37,-4.85,-40.27,13.52,-26.75,,,
5111,0,0,0,0,0,0,-37.39,-4.29,0,0,20.57,-5.11,-41.68,15.46,-26.22,,,
5121,0,0,0,0,0,0,-37.69,-3.12,0,0,19,-5.06,-40.81,13.94,-26.87,,,
5131,0,0,0,0,0,0,-36.66,0.02,0,0,16.09,-4.9,-36.64,11.19,-25.45,,,
5141,0,0,0,0,0,0,-34.67,-3.11,0,0,18.01,-4.39,-37.78,13.62,-24.16,,,
5151,0,0,0,0,0,0,-37.36,-2.29,0,0,19.63,-5.03,-39.66,14.6,-25.06,,,
5161,0,0,0,0,0,0,-35.63,0.17,0,0,17.06,-5.08,-35.46,11.98,-23.48,,,
5171,0,0,0,0,0,0,-33.35,-1.77,0,0,16.37,-4.91,-35.13,11.46,-23.67,,,
5181,0,0,0,0,0,0,-34.47,-1.12,0,0,15.75,-4.53,-35.59,11.22,-24.37,,,
5191,0,0,0,0,0,0,-34.15,1.05,0,0,17.88,-5.11,-33.1,12.77,-20.33,,,
5201,0,0,0,0,0,0,-38.9,-1.39,0,0,18.06,-4.85,-40.28,13.21,-27.07,,,
5211,0,0,0,0,0,0,-35.83,-0.6,0,0,16.98,-5.36,-36.43,11.62,-24.81,,,
5221,0,0,0,0,0,0,-35.71,-1.78,0,0,18.87,-5.09,-37.49,13.78,-23.71,,,
5231,0,0,0,0,0,0,-38.11,-1.88,0,0,18.8,-5.22,-40,13.57,-26.42,,,
5241,0,0,0,0,0,0,-39.67,-0.69,0,0,17.21,-5.26,-40.36,11.95,-28.41,,,
5251,0,0,0,0,0,0,-36.94,-3.17,0,0,19.89,-4.97,-40.12,14.92,-25.2,,,
5261,0,0,0,0,0,0,-37.23,0.48,0,0,18.61,-5.41,-36.75,13.2,-23.55,,,
5271,0,0,0,0,0,0,-37.88,-2.84,0,0,20.13,-5.09,-40.73,15.04,-25.69,,,
5281,0,0,0,0,0,0,-35.03,-2.95,0,0,18.76,-4.9,-37.98,13.86,-24.12,,,
5291,0,0,0,0,0,0,-37.82,-2.05,0,0,18.11,-5.13,-39.87,12.98,-26.88,,,
5301,0,0,0,0,0,0,-36.33,-4.87,0,0,20.27,-4.85,-41.2,15.42,-25.78,,,
5311,0,0,0,0,0,0,-41.35,-3.53,0,0,19.46,-5.69,-44.88,13.77,-31.11,,,
5321,0,0,0,0,0,0,-40.2,-11.6,0,0,24.45,-5.44,-51.8,19.01,-32.79,,,
5331,0,0,0,0,0,0,-32.81,-13.48,0,0,21.79,-5.33,-46.29,16.46,-29.83,,,
5341,0,0,0,0,0,0,-34.58,-8.53,0,0,23,-4.85,-43.1,18.15,-24.95,,,
5351,0,0,0,0,0,0,-34.78,-1.65,0,0,18.21,-5.28,-36.43,12.92,-23.5,,,
5361,0,0,0,0,0,0,-36.59,-7.87,0,0,22.01,-4.93,-44.46,17.08,-27.38,,,
5371,0,0,0,0,0,0,-41.44,-3.87,0,0,21.11,-5.51,-45.31,15.6,-29.71,,,
5381,0,0,0,0,0,0,-35.39,-3.62,0,0,18.46,-4.78,-39.01,13.67,-25.34,,,
5391,0,0,0,0,0,0,-39.45,-3.2,0,0,19.61,-5.18,-42.65,14.43,-28.22,,,
5401,0,0,0,0,0,0,-38.26,-4.04,0,0,20.38,-5.18,-42.3,15.2,-27.1,,,
5411,0,0,0,0,0,0,-36.78,-3.67,0,0,20.45,-5.33,-40.45,15.12,-25.33,,,
5421,0,0,0,0,0,0,-37.28,-3.49,0,0,18.24,-4.9,-40.77,13.35,-27.43,,,
5431,0,0,0,0,0,0,-40.26,-0.61,0,0,18.22,-5.3,-40.87,12.92,-27.95,,,
5441,0,0,0,0,0,0,-36.07,-4.99,0,0,20.43,-4.85,-41.06,15.59,-25.47,,,
5451,0,0,0,0,0,0,-34.17,0.03,0,0,15.36,-4.48,-34.14,10.88,-23.26,,,
5461,0,0,0,0,0,0,-34.92,0.59,0,0,15.88,-4.76,-34.32,11.12,-23.2,,,
5471,0,0,0,0,0,0,-36.32,-3.39,0,0,22.43,-5.43,-39.71,17.01,-22.71,,,
5481,0,0,0,0,0,0,-37.03,-0.9,0,0,17.9,-4.9,-37.93,13,-24.93,,,
5491,0,0,0,0,0,0,-34.83,-3.8,0,0,20.03,-4.61,-38.63,15.43,-23.21,,,
5501,0,0,0,0,0,0,-35.41,-3.33,0,0,17.51,-4.53,-38.75,12.97,-25.77,,,
5511,0,0,0,0,0,0,-33.96,0.06,0,0,16.58,-4.95,-33.89,11.63,-22.26,,,
5521,0,0,0,0,0,0,-38.54,-7.13,0,0,21.69,-4.93,-45.66,16.76,-28.91,,,
5531,0,0,0,0,0,0,-37.93,-3.77,0,0,20.03,-5.26,-41.69,14.77,-26.92,,,
5541,0,0,0,0,0,0,-38.14,-4.91,0,0,22.37,-5.31,-43.05,17.06,-25.99,,,
5551,0,0,0,0,0,0,-38.24,-2.85,0,0,19.26,-5.24,-41.09,14.03,-27.06,,,
5561,0,0,0,0,0,0,-37.68,-2.42,0,0,18.25,-5.17,-40.1,13.08,-27.02,,,
5571,0,0,0,0,0,0,-35.73,0.42,0,0,15.32,-5.01,-35.31,10.32,-24.99,,,
5581,0,0,0,0,0,0,-32.6,-3.14,0,0,18.74,-4.74,-35.74,14,-21.74,,,
5591,0,0,0,0,0,0,-32.54,-1.5,0,0,16.07,-4.53,-34.04,11.55,-22.49,,,
5601,0,0,0,0,0,0,-34.48,-3.01,0,0,17.76,-4.67,-37.49,13.1,-24.39,,,
5611,0,0,0,0,0,0,-35.93,-3.53,0,0,18.87,-5.13,-39.46,13.75,-25.72,,,
5621,0,0,0,0,0,0,-36.63,-2.71,0,0,20.19,-5.02,-39.34,15.17,-24.17,,,
5631,0,0,0,0,0,0,-37.48,-1.71,0,0,18.32,-5.19,-39.19,13.13,-26.06,,,
5641,0,0,0,0,0,0,-36.88,-3.73,0,0,19.32,-4.85,-40.61,14.48,-26.14,,,
5651,0,0,0,0,0,0,-38.42,0.41,0,0,16.35,-5.12,-38.01,11.24,-26.77,,,
5661,0,0,0,0,0,0,-36.64,-4.9,0,0,21.48,-5.04,-41.54,16.44,-25.1,,,
5671,0,0,0,0,0,0,-33.33,-4.6,0,0,21.72,-4.82,-37.93,16.9,-21.03,,,
5681,0,0,0,0,0,0,-35.3,-3.95,0,0,20.29,-5.32,-39.25,14.97,-24.28,,,
5691,0,0,0,0,0,0,-36.88,-2.08,0,0,16.91,-4.88,-38.95,12.03,-26.92,,,
5701,0,0,0,0,0,0,-37.62,-3.25,0,0,19.89,-5.47,-40.88,14.42,-26.46,,,
5711,0,0,0,0,0,0,-37.52,-2.5,0,0,20.73,-5.57,-40.02,15.16,-24.86,,,
5721,0,0,0,0,0,0,-40.49,-3.08,0,0,18.38,-5.13,-43.57,13.25,-30.32,,,
5731,0,0,0,0,0,0,-36.38,-1.99,0,0,19,-5.06,-38.37,13.94,-24.43,,,
5741,0,0,0,0,0,0,-34.48,2.39,0,0,12.44,-4.66,-32.09,7.78,-24.31,,,
5751,0,0,0,0,0,0,-36.13,-2.53,0,0,17.04,-4.92,-38.66,12.13,-26.53,,,
5761,0,0,0,0,0,0,-33.24,-2.56,0,0,16.33,-4.42,-35.8,11.91,-23.89,,,
5771,0,0,0,0,0,0,-38.56,-3.39,0,0,18.83,-4.9,-41.95,13.93,-28.01,,,
5781,0,0,0,0,0,0,-37.29,-1.77,0,0,16.51,-4.92,-39.06,11.58,-27.48,,,
5791,0,0,0,0,0,0,-38.77,-2.67,0,0,17.25,-4.79,-41.44,12.46,-28.98,,,
5801,0,0,0,0,0,0,-39.58,-3.92,0,0,18.96,-5.23,-43.49,13.74,-29.76,,,
5811,0,0,0,0,0,0,-38.5,-4.15,0,0,19.49,-5.15,-42.66,14.34,-28.31,,,
5821,0,0,0,0,0,0,-35.57,-1.66,0,0,16.89,-4.7,-37.22,12.19,-25.03,,,
5831,0,0,0,0,0,0,-36.8,1.75,0,0,13.77,-4.96,-35.05,8.82,-26.23,,,
5841,0,0,0,0,0,0,-37.27,-3.24,0,0,21.38,-5.63,-40.51,15.75,-24.77,,,
5851,0,0,0,0,0,0,-35.91,-2.97,0,0,18.27,-4.85,-38.88,13.42,-25.46,,,
5861,0,0,0,0,0,0,-40.71,-1.51,0,0,18.69,-5.55,-42.22,13.14,-29.09,,,
5871,0,0,0,0,0,0,-38.42,-3.54,0,0,18.99,-5.27,-41.96,13.72,-28.25,,,
5881,0,0,0,0,0,0,-35.47,-14.11,0,0,22.19,-5.3,-49.58,16.89,-32.69,,,
5891,0,0,0,0,0,0,-32.63,-13.13,0,0,19.77,-5.22,-45.76,14.55,-31.21,,,
5901,0,0,0,0,0,0,-35.76,-2.73,0,0,17.77,-4.69,-38.49,13.07,-25.41,,,
5911,0,0,0,0,0,0,-38.45,-0.53,0,0,18.44,-5.38,-38.98,13.06,-25.92,,,
5921,0,0,0,0,0,0,-34.62,-2.24,0,0,16.38,-4.59,-36.85,11.79,-25.06,,,
5931,0,0,0,0,0,0,-34.75,-1.61,0,0,16,-4.73,-36.36,11.27,-25.09,,,
5941,0,0,0,0,0,0,-37.83,-3.71,0,0,18.79,-5.01,-41.55,13.77,-27.78,,,
5951,0,0,0,0,0,0,-37.52,-2.52,0,0,18.85,-4.85,-40.03,13.99,-26.04,,,
5961,0,0,0,0,0,0,-38.72,2.84,0,0,12.49,-4.94,-35.88,7.55,-28.33,,,
5971,0,0,0,0,0,0,-36.79,-4.06,0,0,20.59,-5.1,-40.85,15.5,-25.35,,,
5981,0,0,0,0,0,0,-38.26,-4.01,0,0,20.09,-5.2,-42.28,14.89,-27.39,,,
5991,0,0,0,0,0,0,-35.09,-3.54,0,0,17.13,-4.64,-38.63,12.5,-26.13,,,
6001,0,0,0,0,0,0,-38.76,-4.24,0,0,21.02,-5.29,-43,15.73,-27.27,,,
6011,0,0,0,0,0,0,-36.2,-5.12,0,0,21.33,-4.99,-41.33,16.34,-24.98,,,
6021,0,0,0,0,0,0,-31.11,3.75,0,0,11.23,-4.27,-27.37,6.96,-20.4,,,
6031,0,0,0,0,0,0,-37.31,-1.87,0,0,16.98,-4.98,-39.18,12,-27.18,,,
6041,0,0,0,0,0,0,-37.46,-3.6,0,0,18.72,-5.02,-41.06,13.7,-27.36,,,
6051,0,0,0,0,0,0,-32.95,-2.7,0,0,15.9,-4.12,-35.64,11.78,-23.87,,,
6061,0,0,0,0,0,0,-35.15,-2.79,0,0,16.84,-4.52,-37.94,12.32,-25.62,,,
6071,0,0,0,0,0,0,-37.48,-3,0,0,18.52,-4.91,-40.48,13.61,-26.86,,,
6081,0,0,0,0,0,0,-36.18,-4.49,0,0,17.83,-4.46,-40.67,13.37,-27.3,,,
6091,0,0,0,0,0,0,-34.1,-3.35,0,0,18.64,-4.63,-37.45,14,-23.45,,,
6101,0,0,0,0,0,0,-34.16,-2.16,0,0,16.58,-4.28,-36.32,12.3,-24.02,,,
6111,0,0,0,0,0,0,-37.39,-4.98,0,0,21.72,-5.4,-42.37,16.32,-26.04,,,
6121,0,0,0,0,0,0,-35.86,-3.46,0,0,16.77,-4.67,-39.32,12.1,-27.22,,,
6131,0,0,0,0,0,0,-37.32,-3.65,0,0,20.58,-5.18,-40.97,15.4,-25.57,,,
6141,0,0,0,0,0,0,-38.09,0.9,0,0,16.44,-5.01,-37.19,11.43,-25.76,,,
6151,0,0,0,0,0,0,-37.22,-4.45,0,0,20.19,-4.93,-41.67,15.27,-26.4,,,
6161,0,0,0,0,0,0,-37.28,-3.85,0,0,18.19,-4.63,-41.13,13.56,-27.57,,,
6171,0,0,0,0,0,0,-39.84,-3.69,0,0,18.46,-5,-43.53,13.45,-30.07,,,
6181,0,0,0,0,0,0,-34.4,-5.52,0,0,21.99,-4.85,-39.92,17.14,-22.78,,,
6191,0,0,0,0,0,0,-35.6,-3.7,0,0,19.19,-4.55,-39.3,14.64,-24.66,,,
6201,0,0,0,0,0,0,-36.56,-0.02,0,0,16.43,-5.05,-36.57,11.38,-25.19,,,
6211,0,0,0,0,0,0,-36.51,-3.05,0,0,18.63,-5.17,-39.57,13.46,-26.1,,,
6221,0,0,0,0,0,0,-36.14,-7.43,0,0,21.61,-4.92,-43.57,16.69,-26.88,,,
6231,0,0,0,0,0,0,-37.32,-9.81,0,0,24.94,-5.35,-47.13,19.59,-27.54,,,
6241,0,0,0,0,0,0,-36.23,-8.14,0,0,20.92,-4.83,-44.37,16.09,-28.28,,,
6251,0,0,0,0,0,0,-31.81,-10.76,0,0,19.63,-4.5,-42.57,15.12,-27.45,,,
6261,0,0,0,0,0,0,-34.64,-6.68,0,0,20.5,-4.69,-41.32,15.8,-25.52,,,
6271,0,0,0,0,0,0,-35.35,-6.72,0,0,18.35,-4.7,-42.06,13.66,-28.41,,,
6281,0,0,0,0,0,0,-33.68,-2.25,0,0,16.46,-4.61,-35.93,11.85,-24.08,,,
6291,0,0,0,0,0,0,-32.47,-2.55,0,0,18.51,-4.94,-35.02,13.57,-21.45,,,
6301,0,0,0,0,0,0,-37.99,-3.76,0,0,17.97,-5.28,-41.74,12.69,-29.05,,,
6311,0,0,0,0,0,0,-36.44,-2.48,0,0,17.07,-4.71,-38.91,12.36,-26.56,,,
6321,0,0,0,0,0,0,-35.03,-0.11,0,0,13.06,-4.35,-35.15,8.7,-26.45,,,
6331,0,0,0,0,0,0,-38.83,-3.19,0,0,17.7,-5.1,-42.02,12.61,-29.42,,,
6341,0,0,0,0,0,0,-34.54,-1.55,0,0,14.42,-4.5,-36.09,9.93,-26.17,,,
6351,0,0,0,0,0,0,-34.56,1.78,0,0,12.47,-4.51,-32.78,7.96,-24.82,,,
6361,0,0,0,0,0,0,-36.24,-2.03,0,0,17.76,-5.38,-38.27,12.38,-25.89,,,
6371,0,0,0,0,0,0,-30.3,-1.05,0,0,14.69,-4.24,-31.35,10.45,-20.9,,,
6381,0,0,0,0,0,0,-30.78,-2.13,0,0,15.88,-4.42,-32.91,11.46,-21.45,,,
6391,0,0,0,0,0,0,-36.64,-4.93,0,0,20.28,-4.75,-41.57,15.53,-26.04,,,
6401,0,0,0,0,0,0,-35.54,-1.64,0,0,20.16,-4.95,-37.18,15.21,-21.96,,,
6411,0,0,0,0,0,0,-36.82,-4.04,0,0,20.15,-4.87,-40.87,15.28,-25.58,,,
6421,0,0,0,0,0,0,-36.57,-2.84,0,0,18.27,-4.73,-39.41,13.54,-25.87,,,
6431,0,0,0,0,0,0,-36.55,-9,0,0,20.45,-5.09,-45.55,15.36,-30.19,,,
6441,0,0,0,0,0,0,-36.46,-4.29,0,0,18.42,-4.89,-40.75,13.53,-27.22,,,
6451,0,0,0,0,0,0,-36.44,-1.48,0,0,15.83,-4.79,-37.93,11.03,-26.89,,,
6461,0,0,0,0,0,0,-34.79,-2.99,0,0,19.71,-4.84,-37.78,14.87,-22.91,,,
6471,0,0,0,0,0,0,-34.2,-4.65,0,0,19,-4.68,-38.85,14.33,-24.52,,,
6481,0,0,0,0,0,0,-35.65,-3.28,0,0,18.71,-4.62,-38.94,14.09,-24.84,,,
6491,0,0,0,0,0,0,-36.54,-4.01,0,0,19.84,-4.99,-40.54,14.84,-25.7,,,
6501,0,0,0,0,0,0,-36.97,0.05,0,0,16.48,-4.92,-36.92,11.56,-25.36,,,
6511,0,0,0,0,0,0,-31.57,-5.45,0,0,18.34,-4.35,-37.03,13.99,-23.03,,,
6521,0,0,0,0,0,0,-40.76,-3.55,0,0,20.22,-5.51,-44.31,14.71,-29.59,,,
6531,0,0,0,0,0,0,-36.71,-3.78,0,0,18.27,-4.96,-40.49,13.31,-27.18,,,
6541,0,0,0,0,0,0,-33.39,-2.8,0,0,15.72,-4.3,-36.19,11.41,-24.78,,,
6551,0,0,0,0,0,0,-38.59,-1.7,0,0,17.35,-5.24,-40.28,12.11,-28.17,,,
6561,0,0,0,0,0,0,-35.47,-2.21,0,0,17.83,-5.03,-37.68,12.8,-24.87,,,
6571,0,0,0,0,0,0,-34.49,-1.71,0,0,16.33,-4.51,-36.2,11.82,-24.38,,,
6581,0,0,0,0,0,0,-34.51,-1.85,0,0,15.89,-4.63,-36.36,11.27,-25.09,,,
6591,0,0,0,0,0,0,-31.16,-5.17,0,0,21.63,-5.03,-36.34,16.6,-19.74,,,
6601,0,0,0,0,0,0,-33.33,-3.03,0,0,16.83,-4.22,-36.36,12.61,-23.74,,,
6611,0,0,0,0,0,0,-37.43,-4.41,0,0,19.48,-4.98,-41.83,14.5,-27.33,,,
6621,0,0,0,0,0,0,-36.09,-1.98,0,0,16.14,-4.68,-38.07,11.45,-26.62,,,
6631,0,0,0,0,0,0,-32.81,-3.64,0,0,17.81,-4.5,-36.44,13.31,-23.13,,,
6641,0,0,0,0,0,0,-33.59,-0.87,0,0,13.64,-4.23,-34.45,9.41,-25.04,,,
6651,0,0,0,0,0,0,-33.13,-2.26,0,0,15.09,-4.55,-35.4,10.54,-24.85,,,
6661,0,0,0,0,0,0,-34.52,-8.2,0,0,18.5,-4.53,-42.72,13.97,-28.75,,,
6671,0,0,0,0,0,0,-26.63,-10.39,0,0,18.84,-3.83,-37.02,15.01,-22.01,,,
6681,0,0,0,0,0,0,-34.78,-3.83,0,0,17.56,-4.6,-38.61,12.95,-25.65,,,
6691,0,0,0,0,0,0,-31.47,-2.57,0,0,14.13,-3.9,-34.03,10.23,-23.8,,,
6701,0,0,0,0,0,0,-30.97,-6.61,0,0,20.32,-4.15,-37.58,16.16,-21.42,,,
6711,0,0,0,0,0,0,-32.22,-4.72,0,0,18.95,-4.44,-36.95,14.51,-22.44,,,
6721,0,0,0,0,0,0,-29.46,-3.8,0,0,16.8,-3.88,-33.26,12.93,-20.34,,,
6731,0,0,0,0,0,0,-36.12,-4.34,0,0,18.29,-4.94,-40.47,13.35,-27.12,,,
6741,0,0,0,0,0,0,-36.21,-1.03,0,0,18.46,-5.06,-37.24,13.4,-23.84,,,
6751,0,0,0,0,0,0,-34.7,-3.54,0,0,17.67,-4.97,-38.24,12.7,-25.55,,,
6761,0,0,0,0,0,0,-37.08,-3.57,0,0,18.11,-4.76,-40.65,13.35,-27.29,,,
6771,0,0,0,0,0,0,-39.66,-3.21,0,0,19.37,-5.32,-42.86,14.06,-28.81,,,
6781,0,0,0,0,0,0,-30.74,-3.58,0,0,17.61,-4.16,-34.32,13.45,-20.86,,,
6791,0,0,0,0,0,0,-37.52,-2.81,0,0,17.87,-5.01,-40.33,12.87,-27.47,,,
6801,0,0,0,0,0,0,-35.66,-0.62,0,0,15.59,-4.97,-36.28,10.62,-25.66,,,
6811,0,0,0,0,0,0,-31.85,-2.47,0,0,15.26,-4.2,-34.33,11.06,-23.27,,,
6821,0,0,0,0,0,0,-34.72,-5.8,0,0,18.85,-4.66,-40.52,14.19,-26.33,,,
6831,0,0,0,0,0,0,-33.25,-10.27,0,0,21.05,-4.66,-43.52,16.39,-27.13,,,
6841,0,0,0,0,0,0,-43.11,-12.2,0,0,23.93,-5.85,-55.31,18.08,-37.23,,,
6851,0,0,0,0,0,0,-38.27,-8.91,0,0,21.48,-5.32,-47.18,16.16,-31.02,,,
6861,0,0,0,0,0,0,-37.58,-2.6,0,0,18.76,-4.94,-40.18,13.82,-26.36,,,
6871,0,0,0,0,0,0,-39.39,-2.64,0,0,22.33,-5.54,-42.03,16.79,-25.24,,,
6881,0,0,0,0,0,0,-37.79,-1.07,0,0,17.82,-5.17,-38.86,12.65,-26.21,,,
6891,0,0,0,0,0,0,-38.22,-3.29,0,0,17.88,-4.93,-41.51,12.95,-28.56,,,
6901,0,0,0,0,0,0,-33.61,-1.15,0,0,14.27,-4.29,-34.76,9.97,-24.78,,,
6911,0,0,0,0,0,0,-36.34,-3.78,0,0,20,-4.85,-40.12,15.15,-24.97,,,
6921,0,0,0,0,0,0,-32.95,-1.88,0,0,18.26,-4.44,-34.84,13.81,-21.02,,,
6931,0,0,0,0,0,0,-32.08,-2.41,0,0,16.31,-4.4,-34.49,11.9,-22.59,,,
6941,0,0,0,0,0,0,-33.16,0.39,0,0,15.52,-4.3,-32.77,11.22,-21.54,,,
6951,0,0,0,0,0,0,-34.47,-1.18,0,0,16.35,-4.66,-35.64,11.69,-23.95,,,
6961,0,0,0,0,0,0,-37.47,-2.57,0,0,17.83,-4.94,-40.03,12.89,-27.14,,,
6971,0,0,0,0,0,0,-32.59,0.87,0,0,15.66,-4.81,-31.72,10.85,-20.87,,,
6981,0,0,0,0,0,0,-39.22,-5.88,0,0,21.21,-5.25,-45.09,15.96,-29.13,,,
6991,0,0,0,0,0,0,-35.21,-0.01,0,0,16.66,-4.72,-35.22,11.94,-23.28,,,
7001,0,0,0,0,0,0,-34.09,-2.45,0,0,16.76,-4.53,-36.53,12.22,-24.31,,,
7011,0,0,0,0,0,0,-30.16,-1.87,0,0,15.15,-4.27,-32.04,10.88,-21.16,,,
7021,0,0,0,0,0,0,-36.61,-2.08,0,0,18.21,-4.88,-38.7,13.33,-25.37,,,
7031,0,0,0,0,0,0,-34.15,-2.06,0,0,18.03,-4.61,-36.22,13.42,-22.8,,,
7041,0,0,0,0,0,0,-34.5,-1.28,0,0,16.36,-4.52,-35.78,11.84,-23.94,,,
7051,0,0,0,0,0,0,-33.09,-0.62,0,0,16.14,-4.48,-33.71,11.66,-22.05,,,
7061,0,0,0,0,0,0,-33.06,-2.99,0,0,17.98,-4.89,-36.05,13.1,-22.95,,,
7071,0,0,0,0,0,0,-31.99,-0.8,0,0,17.07,-4.28,-32.79,12.79,-20,,,
7081,0,0,0,0,0,0,-35.67,0.55,0,0,16.09,-4.5,-35.12,11.58,-23.54,,,
7091,0,0,0,0,0,0,-33.38,-2.69,0,0,18.38,-4.42,-36.07,13.96,-22.11,,,
7101,0,0,0,0,0,0,-32.71,-3.96,0,0,18.28,-4.39,-36.67,13.88,-22.78,,,
7111,0,0,0,0,0,0,-34.34,-6.3,0,0,21.64,-4.78,-40.63,16.86,-23.78,,,
7121,0,0,0,0,0,0,-34.26,-1.5,0,0,15.32,-4.45,-35.76,10.86,-24.89,,,
7131,0,0,0,0,0,0,-33.29,-0.8,0,0,15.67,-4.35,-34.09,11.32,-22.77,,,
7141,0,0,0,0,0,0,-34.33,-3.79,0,0,19.24,-4.38,-38.12,14.86,-23.26,,,
7151,0,0,0,0,0,0,-29.89,-0.88,0,0,14.28,-3.99,-30.77,10.28,-20.49,,,
7161,0,0,0,0,0,0,-37.41,-3.09,0,0,17.21,-4.64,-40.5,12.57,-27.93,,,
7171,0,0,0,0,0,0,-36.91,-1.03,0,0,18.26,-4.98,-37.94,13.28,-24.66,,,
7181,0,0,0,0,0,0,-37.92,1.36,0,0,17.18,-5.32,-36.57,11.86,-24.71,,,
7191,0,0,0,0,0,0,-36.95,0.13,0,0,17.06,-5.1,-36.82,11.96,-24.86,,,
7201,0,0,0,0,0,0,-33.52,-0.83,0,0,16.74,-4.69,-34.35,12.05,-22.3,,,
7211,0,0,0,0,0,0,-36.84,-1.68,0,0,20.24,-4.73,-38.52,15.51,-23,,,
7221,0,0,0,0,0,0,-31.81,-0.63,0,0,15.56,-4.47,-32.44,11.09,-21.35,,,
7231,0,0,0,0,0,0,-37.19,-5,0,0,20.57,-4.67,-42.19,15.9,-26.29,,,
7241,0,0,0,0,0,0,-38.42,-3.19,0,0,20.54,-5.2,-41.61,15.33,-26.28,,,
7251,0,0,0,0,0,0,-36.11,-2.73,0,0,17.87,-4.75,-38.83,13.12,-25.71,,,
7261,0,0,0,0,0,0,-33.98,-1.82,0,0,18.2,-4.91,-35.8,13.29,-22.51,,,
7271,0,0,0,0,0,0,-35.4,0.19,0,0,15.46,-4.79,-35.22,10.67,-24.55,,,
7281,0,0,0,0,0,0,-34.71,-1.58,0,0,19.01,-4.78,-36.29,14.22,-22.06,,,
7291,0,0,0,0,0,0,-37.44,-0.71,0,0,17.29,-4.91,-38.15,12.38,-25.77,,,
7301,0,0,0,0,0,0,-34.38,-2.2,0,0,16.51,-4.61,-36.57,11.9,-24.67,,,
7311,0,0,0,0,0,0,-34.76,-2.18,0,0,17.68,-4.8,-36.94,12.88,-24.05,,,
7321,0,0,0,0,0,0,-36.39,-2.24,0,0,18.25,-5.03,-38.63,13.22,-25.41,,,
7331,0,0,0,0,0,0,-39.31,-2.32,0,0,17.33,-5.09,-41.63,12.25,-29.39,,,
7341,0,0,0,0,0,0,-38.44,-2.96,0,0,19.11,-5.1,-41.39,14.01,-27.38,,,
7351,0,0,0,0,0,0,-37.26,-3.34,0,0,18.7,-4.82,-40.61,13.88,-26.73,,,
7361,0,0,0,0,0,0,-35.97,-2.01,0,0,19.37,-4.99,-37.98,14.38,-23.61,,,
7371,0,0,0,0,0,0,-38.7,-3.62,0,0,19.97,-5.05,-42.33,14.92,-27.41,,,
7381,0,0,0,0,0,0,-40.82,-4.09,0,0,20.24,-5.21,-44.9,15.03,-29.87,,,
7391,0,0,0,0,0,0,-35.9,-0.75,0,0,18.35,-5.05,-36.64,13.29,-23.35,,,
7401,0,0,0,0,0,0,-38.88,-2.73,0,0,21.03,-5.4,-41.6,15.63,-25.98,,,
7411,0,0,0,0,0,0,-36.31,-3.3,0,0,18.88,-4.53,-39.61,14.35,-25.26,,,
7421,0,0,0,0,0,0,-37.66,-1.15,0,0,17.92,-5.16,-38.81,12.77,-26.05,,,
7431,0,0,0,0,0,0,-35.07,-3.48,0,0,17.75,-4.75,-38.55,13,-25.55,,,
7441,0,0,0,0,0,0,-33.67,-2.41,0,0,17.58,-4.63,-36.09,12.95,-23.14,,,
7451,0,0,0,0,0,0,-37.66,-2.09,0,0,18.65,-4.94,-39.75,13.72,-26.03,,,
7461,0,0,0,0,0,0,-38.3,-2.5,0,0,19.2,-5.37,-40.8,13.83,-26.97,,,
7471,0,0,0,0,0,0,-40.75,-1.7,0,0,20.35,-5.34,-42.45,15.01,-27.44,,,
7481,0,0,0,0,0,0,-41.56,-1.95,0,0,18.89,-5.25,-43.52,13.65,-29.87,,,
7491,0,0,0,0,0,0,-35.42,-3.03,0,0,18.15,-4.93,-38.45,13.21,-25.24,,,
7501,0,0,0,0,0,0,-37.43,-2.77,0,0,18.39,-4.77,-40.2,13.63,-26.58,,,
7511,0,0,0,0,0,0,-32.52,-2.63,0,0,18.97,-4.71,-35.15,14.26,-20.89,,,
7521,0,0,0,0,0,0,-40.25,-3.68,0,0,20.81,-5.42,-43.93,15.38,-28.55,,,
7531,0,0,0,0,0,0,-36.61,-2.88,0,0,18.98,-5.01,-39.49,13.96,-25.53,,,
7541,0,0,0,0,0,0,-37.6,-2.41,0,0,18.12,-4.9,-40.01,13.22,-26.79,,,
7551,0,0,0,0,0,0,-36.84,-4.84,0,0,19.39,-4.61,-41.68,14.78,-26.9,,,
7561,0,0,0,0,0,0,-42.37,-3.6,0,0,21.47,-5.59,-45.97,15.88,-30.09,,,
7571,0,0,0,0,0,0,-31.71,-2.59,0,0,16.49,-4.41,-34.31,12.08,-22.22,,,
7581,0,0,0,0,0,0,-26,-7.56,0,0,19.07,-3.34,-33.56,15.73,-17.83,,,
7591,0,0,0,0,0,0,-33.01,-3.98,0,0,18.5,-4.72,-36.99,13.78,-23.21,,,
7601,0,0,0,0,0,0,-35.92,-3.44,0,0,18.49,-4.64,-39.36,13.86,-25.5,,,
7611,0,0,0,0,0,0,-36.96,-3.17,0,0,18.15,-4.98,-40.13,13.17,-26.97,,,
7621,0,0,0,0,0,0,-35.06,-3.3,0,0,17.56,-4.3,-38.36,13.25,-25.11,,,
7631,0,0,0,0,0,0,-38.67,-1.69,0,0,18.61,-5.43,-40.36,13.18,-27.18,,,
7641,0,0,0,0,0,0,-39.41,-2.57,0,0,19.32,-5.16,-41.98,14.16,-27.82,,,
7651,0,0,0,0,0,0,-36.11,-2.49,0,0,17.12,-4.78,-38.6,12.34,-26.26,,,
7661,0,0,0,0,0,0,-33.78,-2.56,0,0,17.18,-4.42,-36.34,12.76,-23.58,,,
7671,0,0,0,0,0,0,-38.97,-0.95,0,0,17.2,-5.02,-39.92,12.18,-27.74,,,
7681,0,0,0,0,0,0,-33.08,-3.15,0,0,18.37,-4.6,-36.23,13.77,-22.47,,,
7691,0,0,0,0,0,0,-38.15,-2.95,0,0,20.57,-5.14,-41.1,15.43,-25.67,,,
7701,0,0,0,0,0,0,-37.54,-2.93,0,0,19.52,-5.04,-40.47,14.49,-25.98,,,
7711,0,0,0,0,0,0,-36.3,-0.54,0,0,17.76,-5.04,-36.84,12.72,-24.12,,,
7721,0,0,0,0,0,0,-36.56,-1.46,0,0,17.44,-4.88,-38.02,12.57,-25.45,,,
7731,0,0,0,0,0,0,-40.65,1.31,0,0,19.98,-5.44,-39.34,14.54,-24.8,,,
7741,0,0,0,0,0,0,-37.29,-1.66,0,0,18.33,-5.07,-38.95,13.25,-25.7,,,
7751,0,0,0,0,0,0,-39.46,3.58,0,0,18.24,-5.5,-35.87,12.74,-23.14,,,
7761,0,0,0,0,0,0,-39.17,1.3,0,0,17.16,-5.33,-37.86,11.83,-26.03,,,
7771,0,0,0,0,0,0,-40.53,-1.24,0,0,19.53,-5.57,-41.78,13.96,-27.82,,,
7781,0,0,0,0,0,0,-41.08,-0.46,0,0,18.19,-5.57,-41.54,12.62,-28.91,,,
7791,0,0,0,0,0,0,-41.35,-2.21,0,0,21.08,-5.54,-43.56,15.54,-28.01,,,
7801,0,0,0,0,0,0,-37.68,1.19,0,0,17.93,-5.36,-36.48,12.56,-23.92,,,
7811,0,0,0,0,0,0,-36.36,-2.47,0,0,18.62,-5.08,-38.83,13.54,-25.29,,,
7821,0,0,0,0,0,0,-39.21,0.33,0,0,16.21,-5.03,-38.88,11.18,-27.7,,,
7831,0,0,0,0,0,0,-38.89,1.59,0,0,15.39,-5.19,-37.29,10.19,-27.1,,,
7841,0,0,0,0,0,0,-41.49,-0.89,0,0,19.76,-5.48,-42.38,14.28,-28.1,,,
7851,0,0,0,0,0,0,-40.04,1.42,0,0,15.65,-5.27,-38.61,10.38,-28.23,,,
7861,0,0,0,0,0,0,-35.22,-1.07,0,0,16.57,-4.79,-36.28,11.78,-24.5,,,
7871,0,0,0,0,0,0,-41.03,2.68,0,0,17.4,-5.75,-38.35,11.65,-26.7,,,
7881,0,0,0,0,0,0,-35.67,-2.73,0,0,17.84,-4.95,-38.4,12.89,-25.51,,,
7891,0,0,0,0,0,0,-35.4,-1.24,0,0,15.76,-4.87,-36.64,10.88,-25.76,,,
7901,0,0,0,0,0,0,-42.22,-2.47,0,0,19.41,-5.68,-44.7,13.73,-30.96,,,
7911,0,0,0,0,0,0,-38.08,-1.23,0,0,17.39,-5.1,-39.31,12.29,-27.02,,,
7921,0,0,0,0,0,0,-34.44,0.23,0,0,18.48,-5.41,-34.21,13.08,-21.13,,,
7931,0,0,0,0,0,0,-35.86,-3.68,0,0,18.69,-4.71,-39.53,13.98,-25.55,,,
7941,0,0,0,0,0,0,-37.7,-1.59,0,0,18.38,-5.25,-39.29,13.13,-26.16,,,
7951,0,0,0,0,0,0,-35.63,-1.26,0,0,16.55,-5.08,-36.88,11.47,-25.41,,,
7961,0,0,0,0,0,0,-37.18,0.88,0,0,16.51,-5.17,-36.29,11.34,-24.95,,,
7971,0,0,0,0,0,0,-35.63,-1.04,0,0,16.94,-4.52,-36.67,12.42,-24.25,,,
7981,0,0,0,0,0,0,-36.65,0.61,0,0,16.76,-5.27,-36.04,11.49,-24.55,,,
7991,0,0,0,0,0,0,-36.22,-0.74,0,0,15.63,-4.81,-36.96,10.82,-26.14,,,
8001,0,0,0,0,0,0,-35.35,-3.07,0,0,17.98,-4.78,-38.42,13.2,-25.22,,,
8011,0,0,0,0,0,0,-38.7,-2.85,0,0,22.47,-5.67,-41.55,16.8,-24.75,,,
8021,0,0,0,0,0,0,-40.33,-2.79,0,0,19.29,-5.27,-43.12,14.02,-29.1,,,
8031,0,0,0,0,0,0,-39.31,-1.32,0,0,18.61,-5.34,-40.63,13.27,-27.36,,,
8041,0,0,0,0,0,0,-39.41,0.05,0,0,19.34,-5.66,-39.36,13.69,-25.67,,,
8051,0,0,0,0,0,0,-41.23,-3.83,0,0,20.92,-5.2,-45.06,15.72,-29.34,,,
8061,0,0,0,0,0,0,-39.44,-1.25,0,0,16.85,-5.42,-40.69,11.43,-29.26,,,
8071,0,0,0,0,0,0,-38.54,-1.33,0,0,18.2,-5.37,-39.87,12.83,-27.03,,,
8081,0,0,0,0,0,0,-41.16,-3.08,0,0,20.85,-5.4,-44.24,15.45,-28.79,,,
8091,0,0,0,0,0,0,-35.19,-1.94,0,0,19.56,-5.08,-37.12,14.48,-22.64,,,
8101,0,0,0,0,0,0,-39.92,-2.58,0,0,19.34,-5.31,-42.5,14.03,-28.47,,,
8111,0,0,0,0,0,0,-38.56,-1.5,0,0,18.97,-5.23,-40.06,13.73,-26.32,,,
8121,0,0,0,0,0,0,-40.72,-4.18,0,0,21.91,-5.47,-44.9,16.44,-28.45,,,
8131,0,0,0,0,0,0,-40.86,-2.31,0,0,18.13,-5.3,-43.17,12.83,-30.35,,,
8141,0,0,0,0,0,0,-37.32,0.13,0,0,17.88,-4.84,-37.19,13.04,-24.15,,,
8151,0,0,0,0,0,0,-37.25,0.12,0,0,17.97,-5.56,-37.13,12.41,-24.72,,,
8161,0,0,0,0,0,0,-39.31,-0.04,0,0,19.49,-5.24,-39.36,14.25,-25.11,,,
8171,0,0,0,0,0,0,-33.62,-2.51,0,0,18.94,-5.04,-36.13,13.89,-22.24,,,
8181,0,0,0,0,0,0,-39.41,-2.79,0,0,19.59,-5.13,-42.2,14.46,-27.74,,,
8191,0,0,0,0,0,0,-37.67,-2.59,0,0,18.23,-5.04,-40.27,13.19,-27.08,,,
8201,0,0,0,0,0,0,-37.3,-1.08,0,0,18.08,-4.85,-38.38,13.23,-25.15,,,
8211,0,0,0,0,0,0,-35.94,-0.61,0,0,17.77,-5.25,-36.55,12.53,-24.03,,,
8221,0,0,0,0,0,0,-36.78,-2.69,0,0,17.87,-4.91,-39.47,12.96,-26.51,,,
8231,0,0,0,0,0,0,-39.26,-1.72,0,0,18.32,-5.36,-40.97,12.96,-28.02,,,
8241,0,0,0,0,0,0,-37.55,-3.02,0,0,18.96,-5.08,-40.58,13.88,-26.7,,,
8251,0,0,0,0,0,0,-37.68,-3,0,0,17.62,-4.84,-40.68,12.78,-27.9,,,
8261,0,0,0,0,0,0,-37.96,0.71,0,0,18.97,-5.49,-37.25,13.49,-23.76,,,
8271,0,0,0,0,0,0,-43.6,-3.03,0,0,21.77,-5.72,-46.62,16.05,-30.57,,,
8281,0,0,0,0,0,0,-37.09,-1.3,0,0,18.18,-5.22,-38.39,12.96,-25.43,,,
8291,0,0,0,0,0,0,-39.65,0.65,0,0,17.65,-5.03,-39,12.62,-26.38,,,
8301,0,0,0,0,0,0,-38.57,-3.29,0,0,19.48,-4.93,-41.86,14.55,-27.31,,,
8311,0,0,0,0,0,0,-35.47,-2.15,0,0,17.26,-4.76,-37.61,12.49,-25.12,,,
8321,0,0,0,0,0,0,-38.75,-8.06,0,0,24.61,-5.45,-46.81,19.16,-27.66,,,
8331,0,0,0,0,0,0,-39.05,-2.71,0,0,18.96,-4.98,-41.76,13.98,-27.78,,,
8341,0,0,0,0,0,0,-40.38,-1.82,0,0,20.62,-5.58,-42.21,15.03,-27.17,,,
8351,0,0,0,0,0,0,-36.68,-3.76,0,0,21.21,-5.07,-40.44,16.13,-24.31,,,
8361,0,0,0,0,0,0,-39.91,-0.03,0,0,20.8,-5.57,-39.94,15.23,-24.71,,,
8371,0,0,0,0,0,0,-39.48,-5.74,0,0,22.9,-5.31,-45.22,17.58,-27.64,,,
8381,0,0,0,0,0,0,-39.63,-2.66,0,0,19.85,-5.37,-42.29,14.48,-27.81,,,
8391,0,0,0,0,0,0,-33.65,-3.88,0,0,19.57,-4.4,-37.53,15.17,-22.36,,,
8401,0,0,0,0,0,0,-35.14,-3.32,0,0,18.47,-4.4,-38.46,14.07,-24.38,,,
8411,0,0,0,0,0,0,-36.84,-2.98,0,0,20.21,-5.41,-39.82,14.8,-25.02,,,
8421,0,0,0,0,0,0,-35.04,-3.44,0,0,18.43,-4.68,-38.49,13.74,-24.74,,,
8431,0,0,0,0,0,0,-41.95,-3.69,0,0,21.44,-5.48,-45.63,15.96,-29.67,,,
8441,0,0,0,0,0,0,-36.66,-2.19,0,0,18.03,-4.61,-38.85,13.41,-25.44,,,
8451,0,0,0,0,0,0,-39.11,-1.87,0,0,17.67,-5.13,-40.98,12.54,-28.44,,,
8461,0,0,0,0,0,0,-34.69,-3.57,0,0,17.25,-4.34,-38.26,12.9,-25.35,,,
8471,0,0,0,0,0,0,-31.44,-3.59,0,0,18.97,-4.53,-35.03,14.44,-20.59,,,
8481,0,0,0,0,0,0,-35.41,-2.37,0,0,18.19,-4.87,-37.78,13.32,-24.46,,,
8491,0,0,0,0,0,0,-36.87,-3.44,0,0,19.01,-4.84,-40.31,14.18,-26.13,,,
8501,0,0,0,0,0,0,-37.51,-3.74,0,0,20.71,-5.13,-41.25,15.58,-25.67,,,
8511,0,0,0,0,0,0,-38.54,-4.31,0,0,19.78,-5.03,-42.85,14.75,-28.1,,,
8521,0,0,0,0,0,0,-37.72,-2.27,0,0,18.88,-5.16,-39.99,13.73,-26.27,,,
8531,0,0,0,0,0,0,-38.58,-4.41,0,0,19.13,-4.95,-42.99,14.18,-28.82,,,
8541,0,0,0,0,0,0,-38.37,-3.46,0,0,19.65,-5.25,-41.83,14.4,-27.43,,,
8551,0,0,0,0,0,0,-36.13,-1.98,0,0,17.52,-5.11,-38.11,12.41,-25.69,,,
8561,0,0,0,0,0,0,-36.35,-2.43,0,0,18.36,-4.69,-38.78,13.67,-25.11,,,
8571,0,0,0,0,0,0,-35.36,-0.54,0,0,15.64,-4.85,-35.9,10.79,-25.11,,,
8581,0,0,0,0,0,0,-36.56,-0.41,0,0,16.24,-5.04,-36.97,11.19,-25.78,,,
8591,0,0,0,0,0,0,-35.42,-2.1,0,0,18.31,-4.84,-37.51,13.47,-24.04,,,
8601,0,0,0,0,0,0,-35.13,2.49,0,0,14.59,-4.62,-32.64,9.98,-22.67,,,
8611,0,0,0,0,0,0,-36.2,0.36,0,0,16.36,-4.82,-35.84,11.54,-24.3,,,
8621,0,0,0,0,0,0,-35.7,2.96,0,0,12.7,-4.73,-32.74,7.97,-24.77,,,
8631,0,0,0,0,0,0,-34.07,-2.81,0,0,18.58,-4.72,-36.88,13.85,-23.03,,,
8641,0,0,0,0,0,0,-34.77,1.93,0,0,14.54,-5.13,-32.84,9.41,-23.43,,,
8651,0,0,0,0,0,0,-38.2,-1.18,0,0,16.79,-5.06,-39.39,11.73,-27.65,,,
8661,0,0,0,0,0,0,-39.12,-2.31,0,0,19.55,-5.23,-41.43,14.32,-27.11,,,
8671,0,0,0,0,0,0,-34.52,-5.1,0,0,21.52,-4.93,-39.63,16.59,-23.04,,,
8681,0,0,0,0,0,0,-39.6,-3,0,0,19.48,-5.3,-42.59,14.18,-28.41,,,
8691,0,0,0,0,0,0,-38.79,-2.68,0,0,20.2,-5.3,-41.47,14.9,-26.57,,,
8701,0,0,0,0,0,0,-39.38,-2.91,0,0,20.29,-5.13,-42.28,15.16,-27.12,,,
8711,0,0,0,0,0,0,-35.81,-2.95,0,0,17.27,-4.5,-38.76,12.77,-25.99,,,
8721,0,0,0,0,0,0,-36.6,-4.05,0,0,19.98,-5.11,-40.65,14.87,-25.78,,,
8731,0,0,0,0,0,0,-35.93,-4.83,0,0,18.4,-4.62,-40.76,13.78,-26.99,,,
8741,0,0,0,0,0,0,-36.17,-3.35,0,0,18.52,-4.88,-39.52,13.64,-25.88,,,
8751,0,0,0,0,0,0,-33.31,-3.32,0,0,18.99,-4.36,-36.63,14.63,-22,,,
8761,0,0,0,0,0,0,-34.6,-2.85,0,0,19.65,-4.99,-37.45,14.66,-22.79,,,
8771,0,0,0,0,0,0,-35,-2.26,0,0,16.85,-4.69,-37.25,12.16,-25.1,,,
8781,0,0,0,0,0,0,-35.87,-3.63,0,0,19.29,-4.8,-39.5,14.48,-25.01,,,
8791,0,0,0,0,0,0,-38.5,-3.81,0,0,20.65,-5.13,-42.31,15.52,-26.79,,,
8801,0,0,0,0,0,0,-33.04,-2.23,0,0,15.99,-4.32,-35.27,11.67,-23.6,,,
8811,0,0,0,0,0,0,-36.2,-3.43,0,0,19.58,-4.98,-39.63,14.6,-25.03,,,
8821,0,0,0,0,0,0,-32.77,-1.24,0,0,16.58,-4.21,-34.01,12.37,-21.64,,,
8831,0,0,0,0,0,0,-38.99,-2.58,0,0,20.89,-5.37,-41.57,15.51,-26.06,,,
8841,0,0,0,0,0,0,-34.47,-2.94,0,0,17.77,-4.31,-37.41,13.46,-23.94,,,
8851,0,0,0,0,0,0,-30.27,-1.71,0,0,15.91,-4.15,-31.98,11.76,-20.22,,,
8861,0,0,0,0,0,0,-36.84,-2.83,0,0,19.29,-4.89,-39.67,14.4,-25.26,,,
8871,0,0,0,0,0,0,-38.81,-3.36,0,0,20.44,-5.21,-42.17,15.24,-26.93,,,
8881,0,0,0,0,0,0,-36.95,-3.86,0,0,20.33,-4.95,-40.81,15.38,-25.43,,,
8891,0,0,0,0,0,0,-35.2,-2.99,0,0,18.69,-4.71,-38.2,13.97,-24.22,,,
8901,0,0,0,0,0,0,-34.28,-3.07,0,0,18.56,-4.6,-37.35,13.96,-23.38,,,
8911,0,0,0,0,0,0,-38.87,-3.73,0,0,19.84,-5.17,-42.61,14.67,-27.94,,,
8921,0,0,0,0,0,0,-35.48,-3.81,0,0,20.31,-5.2,-39.3,15.11,-24.19,,,
8931,0,0,0,0,0,0,-35.99,-2.91,0,0,18.67,-4.88,-38.9,13.79,-25.11,,,
8941,0,0,0,0,0,0,-31.07,-3.13,0,0,16.58,-3.96,-34.2,12.62,-21.58,,,
8951,0,0,0,0,0,0,-37.77,-4.04,0,0,20.36,-4.9,-41.82,15.46,-26.36,,,
8961,0,0,0,0,0,0,-36.93,-3.69,0,0,19.5,-5.02,-40.62,14.49,-26.14,,,
8971,0,0,0,0,0,0,-35.32,-3.73,0,0,20.01,-5.07,-39.05,14.94,-24.11,,,
8981,0,0,0,0,0,0,-36.96,-3.7,0,0,19.54,-4.97,-40.66,14.57,-26.09,,,
8991,0,0,0,0,0,0,-35.53,-1.57,0,0,16.45,-4.48,-37.1,11.97,-25.12,,,
9001,0,0,0,0,0,0,-34.99,-3.58,0,0,19.2,-4.8,-38.57,14.41,-24.17,,,
9011,0,0,0,0,0,0,-38.22,-4.87,0,0,20.04,-5.05,-43.08,14.99,-28.09,,,
9021,0,0,0,0,0,0,-35,-2.63,0,0,19.29,-5.17,-37.63,14.12,-23.52,,,
9031,0,0,0,0,0,0,-36.69,-2.27,0,0,17.49,-4.75,-38.96,12.74,-26.22,,,
9041,0,0,0,0,0,0,-37.29,-1.61,0,0,17.96,-5.09,-38.91,12.86,-26.05,,,
9051,0,0,0,0,0,0,-33.27,-2.13,0,0,15.39,-4.34,-35.4,11.05,-24.35,,,
9061,0,0,0,0,0,0,-32.02,-1.55,0,0,15.51,-4.42,-33.57,11.09,-22.48,,,
9071,0,0,0,0,0,0,-36.56,-3.19,0,0,17.22,-4.7,-39.75,12.52,-27.23,,,
9081,0,0,0,0,0,0,-37.23,-1.11,0,0,17.32,-4.85,-38.34,12.47,-25.87,,,
9091,0,0,0,0,0,0,-36.59,-3.12,0,0,18.97,-4.66,-39.71,14.31,-25.4,,,
9101,0,0,0,0,0,0,-38.84,-2.59,0,0,19.74,-5.37,-41.43,14.38,-27.06,,,
9111,0,0,0,0,0,0,-34.16,-2.83,0,0,17.55,-4.84,-36.99,12.71,-24.28,,,
9121,0,0,0,0,0,0,-34.93,-2.64,0,0,18.71,-4.87,-37.57,13.84,-23.73,,,
9131,0,0,0,0,0,0,-37.95,0.43,0,0,15.64,-4.77,-37.53,10.87,-26.65,,,
9141,0,0,0,0,0,0,-38.72,-2.86,0,0,18.38,-5,-41.59,13.39,-28.2,,,
9151,0,0,0,0,0,0,-38.99,-3.46,0,0,20.22,-5.21,-42.45,15.01,-27.44,,,
9161,0,0,0,0,0,0,-33.6,-1.75,0,0,15.36,-4.38,-35.35,10.98,-24.37,,,
9171,0,0,0,0,0,0,-35.89,-3.38,0,0,19.87,-5.18,-39.27,14.7,-24.57,,,
9181,0,0,0,0,0,0,-31.13,-2.48,0,0,16.88,-4.83,-33.6,12.05,-21.55,,,
9191,0,0,0,0,0,0,-32.8,-1.53,0,0,17.59,-4.61,-34.33,12.98,-21.35,,,
9201,0,0,0,0,0,0,-36.27,-4.16,0,0,20.2,-4.92,-40.44,15.28,-25.15,,,
9211,0,0,0,0,0,0,-38.34,-3.25,0,0,20.12,-5.1,-41.59,15.02,-26.57,,,
9221,0,0,0,0,0,0,-35.57,-1.52,0,0,18.27,-4.79,-37.09,13.49,-23.6,,,
9231,0,0,0,0,0,0,-37.98,-3.87,0,0,18.51,-4.91,-41.85,13.6,-28.24,,,
9241,0,0,0,0,0,0,-31.05,-2.34,0,0,17.08,-4.38,-33.39,12.7,-20.69,,,
9251,0,0,0,0,0,0,-33.38,-0.01,0,0,14.31,-4.51,-33.39,9.81,-23.58,,,
9261,0,0,0,0,0,0,-30.33,-1.78,0,0,14.26,-3.99,-32.11,10.27,-21.84,,,
9271,0,0,0,0,0,0,-34.82,-1.74,0,0,15.53,-4.51,-36.56,11.02,-25.54,,,
9281,0,0,0,0,0,0,-38.2,-1.38,0,0,18.53,-4.95,-39.58,13.58,-26,,,
9291,0,0,0,0,0,0,-34.45,-2.76,0,0,18.93,-4.89,-37.21,14.04,-23.17,,,
9301,0,0,0,0,0,0,-34.38,-1.23,0,0,15.22,-4.61,-35.61,10.62,-24.99,,,
9311,0,0,0,0,0,0,-33.7,-0.86,0,0,13.67,-4.39,-34.56,9.28,-25.28,,,
9321,0,0,0,0,0,0,-34.5,0.62,0,0,14.18,-4.5,-33.88,9.68,-24.2,,,
9331,0,0,0,0,0,0,-31.5,-2.44,0,0,16.53,-4.43,-33.93,12.1,-21.83,,,
9341,0,0,0,0,0,0,-32.71,-1.59,0,0,15.71,-4.28,-34.3,11.43,-22.87,,,
9351,0,0,0,0,0,0,-35.83,-3.27,0,0,18.28,-5.09,-39.1,13.19,-25.91,,,
9361,0,0,0,0,0,0,-30.59,-6.45,0,0,18.96,-3.94,-37.04,15.02,-22.02,,,
9371,0,0,0,0,0,0,-35.33,-2.76,0,0,19.29,-4.77,-38.09,14.53,-23.56,,,
9381,0,0,0,0,0,0,-38.8,-2.09,0,0,19.18,-5.17,-40.89,14.01,-26.88,,,
9391,0,0,0,0,0,0,-36.46,-0.05,0,0,16.35,-4.6,-36.51,11.75,-24.76,,,
9401,0,0,0,0,0,0,-35.19,-2.49,0,0,17.88,-4.73,-37.68,13.15,-24.54,,,
9411,0,0,0,0,0,0,-33.77,1.67,0,0,13.66,-4.28,-32.1,9.38,-22.72,,,
9421,0,0,0,0,0,0,-35.44,-0.32,0,0,15.84,-4.81,-35.75,11.03,-24.72,,,
9431,0,0,0,0,0,0,-36.48,-3.51,0,0,19.08,-4.79,-40,14.29,-25.7,,,
9441,0,0,0,0,0,0,-36.8,-2.43,0,0,20.38,-4.95,-39.23,15.43,-23.8,,,
9451,0,0,0,0,0,0,-31.13,-2.43,0,0,15.49,-3.88,-33.56,11.61,-21.94,,,
9461,0,0,0,0,0,0,-36,-3.65,0,0,20.57,-4.72,-39.65,15.85,-23.81,,,
9471,0,0,0,0,0,0,-32.48,-1.34,0,0,16.05,-4.2,-33.82,11.85,-21.97,,,
9481,0,0,0,0,0,0,-29.52,-0.45,0,0,14.26,-3.98,-29.98,10.28,-19.7,,,
9491,0,0,0,0,0,0,-30.76,-2.32,0,0,16.95,-4.42,-33.08,12.53,-20.55,,,
9501,0,0,0,0,0,0,-34.1,1.72,0,0,13.72,-4.67,-32.38,9.05,-23.33,,,
9511,0,0,0,0,0,0,-32.08,-0.37,0,0,13.32,-3.95,-32.45,9.37,-23.08,,,
9521,0,0,0,0,0,0,-32.3,-0.15,0,0,14.18,-4.28,-32.44,9.9,-22.54,,,
9531,0,0,0,0,0,0,-33.87,-2.67,0,0,18.31,-4.42,-36.54,13.89,-22.65,,,
9541,0,0,0,0,0,0,-30.53,-3.3,0,0,16,-3.88,-33.84,12.12,-21.71,,,
9551,0,0,0,0,0,0,-34.11,1.77,0,0,13.58,-4.34,-32.34,9.24,-23.09,,,
9561,0,0,0,0,0,0,-35.33,-2.75,0,0,18.03,-4.8,-38.09,13.24,-24.85,,,
9571,0,0,0,0,0,0,-36.29,-3.69,0,0,20.32,-4.84,-39.99,15.48,-24.51,,,
9581,0,0,0,0,0,0,-32.99,-1.67,0,0,15.76,-4.32,-34.66,11.44,-23.22,,,
9591,0,0,0,0,0,0,-34.72,1.65,0,0,15.31,-4.49,-33.07,10.82,-22.25,,,
9601,0,0,0,0,0,0,-40.79,-2.54,0,0,18.33,-4.98,-43.33,13.35,-29.98,,,
9611,0,0,0,0,0,0,-37.61,-1.84,0,0,18.43,-4.88,-39.45,13.55,-25.9,,,
9621,0,0,0,0,0,0,-32.33,-1.35,0,0,15.88,-4.11,-33.68,11.77,-21.91,,,
9631,0,0,0,0,0,0,-34.6,-2.15,0,0,17.5,-4.68,-36.75,12.82,-23.93,,,
9641,0,0,0,0,0,0,-34.01,-2.1,0,0,16.49,-4.42,-36.11,12.07,-24.04,,,
9651,0,0,0,0,0,0,-37.85,-4.13,0,0,20.05,-5.04,-41.97,15.01,-26.96,,,
9661,0,0,0,0,0,0,-31.86,-3.45,0,0,16.79,-4.26,-35.31,12.53,-22.78,,,
9671,0,0,0,0,0,0,-36.17,-2.37,0,0,17.66,-4.87,-38.54,12.79,-25.75,,,
9681,0,0,0,0,0,0,-32.67,-2.75,0,0,17.44,-4.53,-35.42,12.92,-22.5,,,
9691,0,0,0,0,0,0,-36.27,-3.51,0,0,18.31,-4.84,-39.78,13.47,-26.31,,,
9701,0,0,0,0,0,0,-31.26,-1.16,0,0,15.46,-4.47,-32.42,10.99,-21.43,,,
9711,0,0,0,0,0,0,-31.73,-2.38,0,0,16.95,-4.2,-34.11,12.75,-21.36,,,
9721,0,0,0,0,0,0,-30.62,-2.14,0,0,14.64,-4.11,-32.76,10.53,-22.23,,,
9731,0,0,0,0,0,0,-36.35,-1.27,0,0,15.66,-4.91,-37.62,10.75,-26.87,,,
9741,0,0,0,0,0,0,-29.3,-2.02,0,0,13.43,-3.9,-31.32,9.53,-21.79,,,
9751,0,0,0,0,0,0,-35.25,-2.51,0,0,16.77,-4.41,-37.75,12.36,-25.39,,,
9761,0,0,0,0,0,0,-35.81,-2.93,0,0,21.5,-5.1,-38.74,16.4,-22.34,,,
9771,0,0,0,0,0,0,-35.27,-0.86,0,0,16.23,-4.73,-36.14,11.5,-24.63,,,
9781,0,0,0,0,0,0,-38.33,-3.97,0,0,20.65,-5.21,-42.31,15.44,-26.87,,,
9791,0,0,0,0,0,0,-34.73,-3.98,0,0,18.08,-4.59,-38.71,13.48,-25.22,,,
9801,0,0,0,0,0,0,-34.17,-0.86,0,0,16.27,-4.63,-35.03,11.64,-23.39,,,
9811,0,0,0,0,0,0,-36.61,-3.07,0,0,19.15,-4.92,-39.68,14.24,-25.45,,,
9821,0,0,0,0,0,0,-35.16,-3.25,0,0,19.27,-4.72,-38.41,14.55,-23.86,,,
9831,0,0,0,0,0,0,-33.56,-2.03,0,0,16.4,-4.47,-35.58,11.93,-23.65,,,
9841,0,0,0,0,0,0,-34.59,-1.86,0,0,16.34,-4.4,-36.45,11.94,-24.51,,,
9851,0,0,0,0,0,0,-34.26,-3.29,0,0,17.38,-4.44,-37.55,12.94,-24.61,,,
9861,0,0,0,0,0,0,-33.08,-2.48,0,0,16.77,-4.37,-35.56,12.4,-23.16,,,
9871,0,0,0,0,0,0,-32.75,-1.51,0,0,15.97,-4.44,-34.27,11.53,-22.74,,,
9881,0,0,0,0,0,0,-35.89,-3.06,0,0,19.59,-4.95,-38.95,14.63,-24.32,,,
9891,0,0,0,0,0,0,-36.24,-3.06,0,0,17.52,-4.94,-39.3,12.58,-26.73,,,
9901,0,0,0,0,0,0,-34.91,-1.43,0,0,16.9,-4.87,-36.34,12.03,-24.3,,,
9911,0,0,0,0,0,0,-37.95,-4.16,0,0,20.34,-5.1,-42.12,15.25,-26.87,,,
9921,0,0,0,0,0,0,-40.56,-2.6,0,0,18.22,-5.18,-43.16,13.04,-30.12,,,
9931,0,0,0,0,0,0,-34.51,-2.89,0,0,15.91,-4.41,-37.4,11.5,-25.9,,,
9941,0,0,0,0,0,0,-34.9,-3.5,0,0,19.44,-4.79,-38.4,14.66,-23.74,,,
9951,0,0,0,0,0,0,-37.9,-2.78,0,0,16.74,-4.92,-40.68,11.82,-28.86,,,
9961,0,0,0,0,0,0,-35.83,-1.89,0,0,16.56,-4.78,-37.73,11.78,-25.95,,,
9971,0,0,0,0,0,0,-37.87,-2.32,0,0,17.37,-4.88,-40.19,12.48,-27.71,,,
9981,0,0,0,0,0,0,-37.41,-1.78,0,0,16.93,-4.8,-39.18,12.14,-27.05,,,
9991,0,0,0,0,0,0,-32.49,-1.73,0,0,15.74,-4.35,-34.22,11.39,-22.83,,,
10001,0,0,0,0,0,0,-37.95,-3.85,0,0,19.22,-4.94,-41.8,14.28,-27.52,,,
