                :-) GROMACS - gmx mdrun, 2025.4-conda_forge (-:

Copyright 1991-2025 The GROMACS Authors.
GROMACS is free software; you can redistribute it and/or modify it
under the terms of the GNU Lesser General Public License
as published by the Free Software Foundation; either version 2.1
of the License, or (at your option) any later version.

                         Current GROMACS contributors:
       Mark Abraham           Andrey Alekseenko           Brian Andrews       
      Vladimir Basov              Paul Bauer                Hugh Bird         
      Eliane Briand               Ania Brown              Mahesh Doijade      
      Giacomo Fiorin          Stefan Fleischmann          Sergey Gorelov      
   Gilles Gouaillardet            Alan Gray              M. Eric Irrgang      
   Farzaneh Jalalypour         Petter Johansson          Carsten Kutzner      
    Grzegorz Łazarski         Justin A. Lemkul          Magnus Lundborg      
       Pascal Merz             Vedran Miletić            Dmitry Morozov      
     Lukas Müllender            Julien Nabet             Szilárd Páll      
 Andrea Pasquadibisceglie     Michele Pellegrino         Nicola Piasentin     
     Daniele Rapetti         Muhammad Umair Sadiq         Hubert Santuz       
      Roland Schulz             Michael Shirts           Tatiana Shugaeva     
     Alexey Shvetsov            Philip Turner            Alessandra Villa     
 Sebastian Wingbermühle  

                         Previous GROMACS contributors:
        Emile Apol             Rossen Apostolov           James Barnett       
  Herman J.C. Berendsen         Cathrine Bergh             Par Bjelkmar       
      Christian Blau          Viacheslav Bolnykh            Kevin Boyd        
    Aldert van Buuren          Carlo Camilloni           Rudi van Drunen      
      Anton Feenstra           Oliver Fleetwood            Vytas Gapsys       
       Gaurav Garg             Gerrit Groenhof            Bert de Groot       
      Anca Hamuraru           Vincent Hindriksen          Victor Holanda      
     Aleksei Iupinov              Joe Jordan            Christoph Junghans    
    Prashanth Kanduri        Dimitrios Karkoulis           Peter Kasson       
      Sebastian Kehl           Sebastian Keller             Jiri Kraus        
       Per Larsson              Viveca Lindahl            Erik Marklund       
    Pieter Meulenhoff           Teemu Murtola              Sander Pronk       
      Alfons Sijbers            Balint Soproni         David van der Spoel    
      Peter Tieleman            Carsten Uphoff             Jon Vincent        
     Teemu Virolainen         Christian Wennberg           Maarten Wolf       
      Artem Zhmurov       

                  Coordinated by the GROMACS project leaders:
                           Berk Hess and Erik Lindahl

GROMACS:      gmx mdrun, version 2025.4-conda_forge
Executable:   /home/konika/miniconda3/envs/gmxMMPBSA_mpi/bin.AVX2_256/gmx
Data prefix:  /home/konika/miniconda3/envs/gmxMMPBSA_mpi
Working dir:  /mnt/e/susmita mam/simulation/1A5Y/apo
Process ID:   1578
Command line:
  gmx mdrun -v -deffnm EM

GROMACS version:     2025.4-conda_forge
Precision:           mixed
Memory model:        64 bit
MPI library:         thread_mpi
OpenMP support:      enabled (GMX_OPENMP_MAX_THREADS = 128)
GPU support:         OpenCL
NBNxM GPU setup:     super-cluster 2x2x2 / cluster 8 (cluster-pair splitting on)
SIMD instructions:   AVX2_256
CPU FFT library:     fftw-3.3.10-sse2-avx
GPU FFT library:     clFFT
Multi-GPU FFT:       none
RDTSCP usage:        disabled
TNG support:         enabled
Hwloc support:       disabled
Tracing support:     disabled
C compiler:          /home/conda/feedstock_root/build_artifacts/gromacs_1764344590343/_build_env/bin/x86_64-conda-linux-gnu-cc GNU 14.3.0
C compiler flags:    -fexcess-precision=fast -funroll-all-loops -mavx2 -mfma -Wno-missing-field-initializers -O3 -DNDEBUG
C++ compiler:        /home/conda/feedstock_root/build_artifacts/gromacs_1764344590343/_build_env/bin/x86_64-conda-linux-gnu-c++ GNU 14.3.0
C++ compiler flags:  -fexcess-precision=fast -funroll-all-loops -mavx2 -mfma -Wno-missing-field-initializers -Wno-cast-function-type-strict SHELL:-fopenmp -O3 -DNDEBUG
BLAS library:        Internal
LAPACK library:      Internal
OpenCL include dir:  /home/konika/miniconda3/envs/gmxMMPBSA_mpi/include
OpenCL library:      /home/konika/miniconda3/envs/gmxMMPBSA_mpi/lib/libOpenCL.so
OpenCL version:      3.0


Running on 1 node with total 6 cores, 12 processing units (GPU detection failed: No valid OpenCL driver found)
Hardware detected on host Anika:
  CPU info:
    Vendor: AMD
    Brand:  AMD Ryzen 5 5600G with Radeon Graphics         
    Family: 25   Model: 80   Stepping: 0
    Features: aes amd apic avx avx2 clfsh cmov cx8 cx16 f16c fma htt lahf misalignsse mmx msr nonstop_tsc pclmuldq pdpe1gb popcnt pse rdrnd rdtscp sha sse2 sse3 sse4a sse4.1 sse4.2 ssse3
  Hardware topology: Basic
    Packages, cores, and logical processors:
    [indices refer to OS logical processors]
      Package  0: [   0   1] [   2   3] [   4   5] [   6   7] [   8   9] [  10  11]
    CPU limit set by OS: -1   Recommended max number of threads: 12

The current CPU can measure timings more accurately than the code in
gmx mdrun was configured to use. This might affect your simulation
speed as accurate timings are needed for load-balancing.
Please consider rebuilding gmx mdrun with the GMX_USE_RDTSCP=ON CMake option.

++++ PLEASE READ AND CITE THE FOLLOWING REFERENCE ++++
M. J. Abraham, T. Murtola, R. Schulz, S. Páll, J. C. Smith, B. Hess, E.
Lindahl
GROMACS: High performance molecular simulations through multi-level
parallelism from laptops to supercomputers
SoftwareX (2015)
DOI: 10.1016/j.softx.2015.06.001
-------- -------- --- Thank You --- -------- --------


++++ PLEASE READ AND CITE THE FOLLOWING REFERENCE ++++
S. Páll, M. J. Abraham, C. Kutzner, B. Hess, E. Lindahl
Tackling Exascale Software Challenges in Molecular Dynamics Simulations with
GROMACS
In S. Markidis & E. Laure (Eds.), Solving Software Challenges for Exascale (2015)
DOI: 10.1007/978-3-319-15976-8_1
-------- -------- --- Thank You --- -------- --------


++++ PLEASE READ AND CITE THE FOLLOWING REFERENCE ++++
S. Pronk, S. Páll, R. Schulz, P. Larsson, P. Bjelkmar, R. Apostolov, M. R.
Shirts, J. C. Smith, P. M. Kasson, D. van der Spoel, B. Hess, E. Lindahl
GROMACS 4.5: a high-throughput and highly parallel open source molecular
simulation toolkit
Bioinformatics (2013)
DOI: 10.1093/bioinformatics/btt055
-------- -------- --- Thank You --- -------- --------


++++ PLEASE READ AND CITE THE FOLLOWING REFERENCE ++++
B. Hess, C. Kutzner, D. van der Spoel, E. Lindahl
GROMACS 4: Algorithms for highly efficient, load-balanced, and scalable
molecular simulation
J. Chem. Theory Comput. (2008)
DOI: 10.1021/ct700301q
-------- -------- --- Thank You --- -------- --------


++++ PLEASE READ AND CITE THE FOLLOWING REFERENCE ++++
D. van der Spoel, E. Lindahl, B. Hess, G. Groenhof, A. E. Mark, H. J. C.
Berendsen
GROMACS: Fast, Flexible and Free
J. Comp. Chem. (2005)
DOI: 10.1002/jcc.20291
-------- -------- --- Thank You --- -------- --------


++++ PLEASE READ AND CITE THE FOLLOWING REFERENCE ++++
E. Lindahl, B. Hess, D. van der Spoel
GROMACS 3.0: A package for molecular simulation and trajectory analysis
J. Mol. Mod. (2001)
DOI: 10.1007/s008940100045
-------- -------- --- Thank You --- -------- --------


++++ PLEASE READ AND CITE THE FOLLOWING REFERENCE ++++
H. J. C. Berendsen, D. van der Spoel and R. van Drunen
GROMACS: A message-passing parallel molecular dynamics implementation
Comp. Phys. Comm. (1995)
DOI: 10.1016/0010-4655(95)00042-E
-------- -------- --- Thank You --- -------- --------

Input Parameters:
   integrator                     = steep
   tinit                          = 0
   dt                             = 0.001
   nsteps                         = 50000
   init-step                      = 0
   simulation-part                = 1
   mts                            = false
   mass-repartition-factor        = 1
   comm-mode                      = Linear
   nstcomm                        = 100
   bd-fric                        = 0
   ld-seed                        = -305046539
   emtol                          = 1000
   emstep                         = 0.01
   niter                          = 20
   fcstep                         = 0
   nstcgsteep                     = 1000
   nbfgscorr                      = 10
   rtpi                           = 0.05
   nstxout                        = 0
   nstvout                        = 0
   nstfout                        = 0
   nstlog                         = 1000
   nstcalcenergy                  = 100
   nstenergy                      = 1000
   nstxout-compressed             = 0
   compressed-x-precision         = 1000
   cutoff-scheme                  = Verlet
   nstlist                        = 1
   pbc                            = xyz
   periodic-molecules             = false
   verlet-buffer-tolerance        = 0.005
   verlet-buffer-pressure-tolerance = 0.5
   rlist                          = 1.2
   coulombtype                    = PME
   coulomb-modifier               = Potential-shift
   rcoulomb-switch                = 0
   rcoulomb                       = 1.2
   epsilon-r                      = 1
   epsilon-rf                     = inf
   vdw-type                       = Cut-off
   vdw-modifier                   = Force-switch
   rvdw-switch                    = 1
   rvdw                           = 1.2
   DispCorr                       = No
   table-extension                = 1
   fourierspacing                 = 0.12
   fourier-nx                     = 72
   fourier-ny                     = 60
   fourier-nz                     = 52
   pme-order                      = 4
   ewald-rtol                     = 1e-05
   ewald-rtol-lj                  = 0.001
   lj-pme-comb-rule               = Geometric
   ewald-geometry                 = 3d
   epsilon-surface                = 0
   ensemble-temperature-setting   = not available
   tcoupl                         = No
   nsttcouple                     = -1
   nh-chain-length                = 0
   print-nose-hoover-chain-variables = false
   pcoupl                         = No
   refcoord-scaling               = No
   posres-com: not available
   posres-comB: not available
   QMMM                           = false
qm-opts:
   ngQM                           = 0
   constraint-algorithm           = Lincs
   continuation                   = false
   Shake-SOR                      = false
   shake-tol                      = 0.0001
   lincs-order                    = 4
   lincs-iter                     = 1
   lincs-warnangle                = 30
   nwall                          = 0
   wall-type                      = 9-3
   wall-r-linpot                  = -1
   wall-atomtype[0]               = -1
   wall-atomtype[1]               = -1
   wall-density[0]                = 0
   wall-density[1]                = 0
   wall-ewald-zfac                = 3
   pull                           = false
   awh                            = false
   rotation                       = false
   interactiveMD                  = false
   disre                          = No
   disre-weighting                = Conservative
   disre-mixed                    = false
   dr-fc                          = 1000
   dr-tau                         = 0
   nstdisreout                    = 100
   orire-fc                       = 0
   orire-tau                      = 0
   nstorireout                    = 100
   free-energy                    = no
   cos-acceleration               = 0
   deform (3x3):
      deform[    0]={ 0.00000e+00,  0.00000e+00,  0.00000e+00}
      deform[    1]={ 0.00000e+00,  0.00000e+00,  0.00000e+00}
      deform[    2]={ 0.00000e+00,  0.00000e+00,  0.00000e+00}
   simulated-tempering            = false
   swapcoords                     = no
   userint1                       = 0
   userint2                       = 0
   userint3                       = 0
   userint4                       = 0
   userreal1                      = 0
   userreal2                      = 0
   userreal3                      = 0
   userreal4                      = 0
   applied-forces:
     electric-field:
       x:
         E0                       = 0
         omega                    = 0
         t0                       = 0
         sigma                    = 0
       y:
         E0                       = 0
         omega                    = 0
         t0                       = 0
         sigma                    = 0
       z:
         E0                       = 0
         omega                    = 0
         t0                       = 0
         sigma                    = 0
     density-guided-simulation:
       active                     = false
       group                      = protein
       similarity-measure         = inner-product
       atom-spreading-weight      = unity
       force-constant             = 1e+09
       gaussian-transform-spreading-width = 0.2
       gaussian-transform-spreading-range-in-multiples-of-width = 4
       reference-density-filename = reference.mrc
       nst                        = 1
       normalize-densities        = true
       adaptive-force-scaling     = false
       adaptive-force-scaling-time-constant = 4
       shift-vector               = 
       transformation-matrix      = 
     qmmm-cp2k:
       active                     = false
       qmgroup                    = System
       qmmethod                   = PBE
       qmfilenames                = 
       qmcharge                   = 0
       qmmultiplicity             = 1
     colvars:
       active                     = false
       configfile                 = 
       seed                       = -1
     nnpot:
       active                     = false
       modelfile                  = model.pt
       input-group                = System
       model-input1               = 
       model-input2               = 
       model-input3               = 
       model-input4               = 
grpopts:
   nrdf:       72903
   ref-t:           0
   tau-t:           0
annealing:          No
annealing-npoints:           0
   acc:	           0           0           0
   nfreeze:           N           N           N
   energygrp-flags[  0]: 0


Initializing Domain Decomposition on 1 ranks
NOTE: disabling dynamic load balancing as it is only supported with dynamics, not with integrator 'steep'.
Dynamic load balancing: off
Using update groups, nr 14466, average size 2.4 atoms, max. radius 0.078 nm
Minimum cell size due to atom displacement: 0.000 nm
Initial maximum distances in bonded interactions:
    two-body bonded interactions: 0.709 nm, LJ-14, atoms 3483 3489
  multi-body bonded interactions: 0.801 nm, CMAP Dih., atoms 3466 3485
Minimum cell size due to bonded interactions: 0.881 nm
Using 0 separate PME ranks because: there are too few total ranks for efficient splitting
Optimizing the DD grid for 1 cells with a minimum initial size of 0.881 nm
The maximum allowed number of cells is: X 9 Y 7 Z 6
Domain decomposition grid 1 x 1 x 1, separate PME ranks 0
PME domain decomposition: 1 x 1 x 1

The initial number of communication pulses is:
The initial domain decomposition cell size is:

The maximum allowed distance for atom groups involved in interactions is:
                 non-bonded interactions           1.356 nm
            two-body bonded interactions  (-rdd)   1.356 nm
          multi-body bonded interactions  (-rdd)   1.356 nm

Local state does not use filler particles

Using 1 MPI thread
Using 12 OpenMP threads 

System total charge: 0.000
Will do PME sum in reciprocal space for electrostatic interactions.

++++ PLEASE READ AND CITE THE FOLLOWING REFERENCE ++++
U. Essmann, L. Perera, M. L. Berkowitz, T. Darden, H. Lee, L. G. Pedersen 
A smooth particle mesh Ewald method
J. Chem. Phys. (1995)
DOI: 10.1063/1.470117
-------- -------- --- Thank You --- -------- --------

Using a Gaussian width (1/beta) of 0.384195 nm for Ewald
Potential shift: LJ r^-12: -2.648e-01 r^-6: -5.349e-01, Ewald -8.333e-06
Initialized non-bonded Coulomb Ewald tables, spacing: 1.02e-03 size: 1176

Generated table with 1100 data points for 1-4 COUL.
Tabscale = 500 points/nm
Generated table with 1100 data points for 1-4 LJ6.
Tabscale = 500 points/nm
Generated table with 1100 data points for 1-4 LJ12.
Tabscale = 500 points/nm


Using SIMD4xM 4x8 nonbonded short-range kernels

Using a 4x8 pair-list setup:
  updated every 1 steps, buffer 0.000 nm, rlist 1.200 nm
Removing pbc first time

Linking all bonded interactions to atoms


Pinning threads with an auto-selected logical cpu stride of 1

++++ PLEASE READ AND CITE THE FOLLOWING REFERENCE ++++
S. Miyamoto, P. A. Kollman
SETTLE: An Analytical Version of the SHAKE and RATTLE Algorithms for Rigid
Water Models
J. Comp. Chem. (1992)
DOI: 10.1002/jcc.540130805
-------- -------- --- Thank You --- -------- --------


Note that activating steepest-descent energy minimization via the integrator .mdp option and the command gmx mdrun may be available in a different form in a future version of GROMACS, e.g. gmx minimize and an .mdp option.
Initiating Steepest Descents

Atom distribution over 1 domains: av 34138 stddev 0 min 34138 max 34138
Started Steepest Descents on rank 0 Thu Jul 23 02:34:41 2026


Steepest Descents:
   Tolerance (Fmax)   =  1.00000e+03
   Number of steps    =        50000
           Step           Time
              0        0.00000

   Energies (kJ/mol)
           Bond            U-B    Proper Dih.  Improper Dih.      CMAP Dih.
    4.53851e+04    6.00741e+03    1.13873e+04    6.67553e+02   -2.12718e+02
          LJ-14     Coulomb-14        LJ (SR)   Coulomb (SR)   Coul. recip.
    4.69510e+03    4.74005e+04    2.53381e+05   -5.22461e+05    2.20539e+04
      Potential Pressure (bar)
   -1.31696e+05    5.65631e+04

           Step           Time
              1        1.00000

   Energies (kJ/mol)
           Bond            U-B    Proper Dih.  Improper Dih.      CMAP Dih.
    4.36859e+04    5.99444e+03    1.13855e+04    6.61531e+02   -2.15830e+02
          LJ-14     Coulomb-14        LJ (SR)   Coulomb (SR)   Coul. recip.
    4.69846e+03    4.73932e+04    2.09513e+05   -5.23060e+05    2.20316e+04
      Potential Pressure (bar)
   -1.77913e+05    4.66247e+04

           Step           Time
              2        2.00000

   Energies (kJ/mol)
           Bond            U-B    Proper Dih.  Improper Dih.      CMAP Dih.
    3.94840e+04    6.01739e+03    1.13875e+04    6.47895e+02   -2.22422e+02
          LJ-14     Coulomb-14        LJ (SR)   Coulomb (SR)   Coul. recip.
    4.70662e+03    4.73711e+04    1.63493e+05   -5.24089e+05    2.19622e+04
      Potential Pressure (bar)
   -2.29242e+05    3.63163e+04

           Step           Time
              3        3.00000

   Energies (kJ/mol)
           Bond            U-B    Proper Dih.  Improper Dih.      CMAP Dih.
    3.43837e+04    6.09316e+03    1.13931e+04    6.29691e+02   -2.29573e+02
          LJ-14     Coulomb-14        LJ (SR)   Coulomb (SR)   Coul. recip.
    4.71313e+03    4.73425e+04    1.41449e+05   -5.24921e+05    2.18484e+04
      Potential Pressure (bar)
   -2.57299e+05    3.13601e+04

           Step           Time
              4        4.00000

   Energies (kJ/mol)
           Bond            U-B    Proper Dih.  Improper Dih.      CMAP Dih.
    2.85321e+04    6.25057e+03    1.14022e+04    6.05375e+02   -2.38828e+02
          LJ-14     Coulomb-14        LJ (SR)   Coulomb (SR)   Coul. recip.
    4.71730e+03    4.73078e+04    1.26097e+05   -5.25812e+05    2.16785e+04
      Potential Pressure (bar)
   -2.79460e+05    2.77708e+04

           Step           Time
              5        5.00000

   Energies (kJ/mol)
           Bond            U-B    Proper Dih.  Improper Dih.      CMAP Dih.
    2.20336e+04    6.51513e+03    1.14161e+04    5.70759e+02   -2.51785e+02
          LJ-14     Coulomb-14        LJ (SR)   Coulomb (SR)   Coul. recip.
    4.71649e+03    4.72660e+04    1.13465e+05   -5.26922e+05    2.14158e+04
      Potential Pressure (bar)
   -2.99776e+05    2.45679e+04

           Step           Time
              6        6.00000

   Energies (kJ/mol)
           Bond            U-B    Proper Dih.  Improper Dih.      CMAP Dih.
    1.49143e+04    6.90332e+03    1.14398e+04    5.17927e+02   -2.71866e+02
          LJ-14     Coulomb-14        LJ (SR)   Coulomb (SR)   Coul. recip.
    4.70094e+03    4.72143e+04    1.01259e+05   -5.28587e+05    2.09533e+04
      Potential Pressure (bar)
   -3.20956e+05    2.10229e+04

           Step           Time
              7        7.00000

   Energies (kJ/mol)
           Bond            U-B    Proper Dih.  Improper Dih.      CMAP Dih.
    7.32565e+03    7.22376e+03    1.14903e+04    4.34301e+02   -3.11437e+02
          LJ-14     Coulomb-14        LJ (SR)   Coulomb (SR)   Coul. recip.
    4.62047e+03    4.71504e+04    8.69606e+04   -5.31876e+05    1.98978e+04
      Potential Pressure (bar)
   -3.47084e+05    1.58882e+04

           Step           Time
              8        8.00000

   Energies (kJ/mol)
           Bond            U-B    Proper Dih.  Improper Dih.      CMAP Dih.
    4.33690e+03    6.06690e+03    1.15205e+04    3.63363e+02   -3.51039e+02
          LJ-14     Coulomb-14        LJ (SR)   Coulomb (SR)   Coul. recip.
    4.41783e+03    4.71415e+04    7.68114e+04   -5.36058e+05    1.83858e+04
      Potential Pressure (bar)
   -3.67365e+05    1.16078e+04

           Step           Time
              9        9.00000

   Energies (kJ/mol)
           Bond            U-B    Proper Dih.  Improper Dih.      CMAP Dih.
    3.57412e+03    6.04599e+03    1.15253e+04    3.40517e+02   -3.61547e+02
          LJ-14     Coulomb-14        LJ (SR)   Coulomb (SR)   Coul. recip.
    4.31022e+03    4.71386e+04    7.00457e+04   -5.40138e+05    1.68375e+04
      Potential Pressure (bar)
   -3.80681e+05    8.57556e+03

           Step           Time
             10       10.00000

   Energies (kJ/mol)
           Bond            U-B    Proper Dih.  Improper Dih.      CMAP Dih.
    4.47111e+03    5.13542e+03    1.15345e+04    3.11775e+02   -3.69579e+02
          LJ-14     Coulomb-14        LJ (SR)   Coulomb (SR)   Coul. recip.
    4.24136e+03    4.71339e+04    6.75371e+04   -5.41991e+05    1.61167e+04
      Potential Pressure (bar)
   -3.85879e+05    7.77448e+03

           Step           Time
             11       11.00000

   Energies (kJ/mol)
           Bond            U-B    Proper Dih.  Improper Dih.      CMAP Dih.
    3.99239e+03    5.79798e+03    1.15161e+04    3.46892e+02   -3.75466e+02
          LJ-14     Coulomb-14        LJ (SR)   Coulomb (SR)   Coul. recip.
    4.21898e+03    4.71067e+04    6.54647e+04   -5.43763e+05    1.54752e+04
      Potential Pressure (bar)
   -3.90220e+05    6.77151e+03

           Step           Time
             12       12.00000

   Energies (kJ/mol)
           Bond            U-B    Proper Dih.  Improper Dih.      CMAP Dih.
    5.78166e+03    4.99141e+03    1.15286e+04    3.11500e+02   -3.76670e+02
          LJ-14     Coulomb-14        LJ (SR)   Coulomb (SR)   Coul. recip.
    4.19436e+03    4.71010e+04    6.36736e+04   -5.45204e+05    1.49025e+04
      Potential Pressure (bar)
   -3.93096e+05    6.34458e+03

           Step           Time
             13       13.00000

   Energies (kJ/mol)
           Bond            U-B    Proper Dih.  Improper Dih.      CMAP Dih.
    5.13506e+03    5.94312e+03    1.15351e+04    5.41595e+02   -3.83714e+02
          LJ-14     Coulomb-14        LJ (SR)   Coulomb (SR)   Coul. recip.
    4.16782e+03    4.70749e+04    6.22771e+04   -5.46733e+05    1.43859e+04
      Potential Pressure (bar)
   -3.96056e+05    5.50189e+03

           Step           Time
             14       14.00000

   Energies (kJ/mol)
           Bond            U-B    Proper Dih.  Improper Dih.      CMAP Dih.
    4.65342e+03    5.18244e+03    1.15226e+04    1.14370e+03   -3.94309e+02
          LJ-14     Coulomb-14        LJ (SR)   Coulomb (SR)   Coul. recip.
    4.15825e+03    4.70641e+04    6.17846e+04   -5.47187e+05    1.41967e+04
      Potential Pressure (bar)
   -3.97876e+05    5.49772e+03

           Step           Time
             15       15.00000

   Energies (kJ/mol)
           Bond            U-B    Proper Dih.  Improper Dih.      CMAP Dih.
    5.44404e+03    5.62650e+03    1.15052e+04    1.49114e+03   -4.07434e+02
          LJ-14     Coulomb-14        LJ (SR)   Coulomb (SR)   Coul. recip.
    4.13484e+03    4.70518e+04    5.97079e+04   -5.49110e+05    1.35241e+04
      Potential Pressure (bar)
   -4.01032e+05    4.71100e+03

           Step           Time
             16       16.00000

   Energies (kJ/mol)
           Bond            U-B    Proper Dih.  Improper Dih.      CMAP Dih.
    7.20032e+03    6.34738e+03    1.15139e+04    4.34642e+02   -4.00409e+02
          LJ-14     Coulomb-14        LJ (SR)   Coulomb (SR)   Coul. recip.
    4.11549e+03    4.70295e+04    5.84046e+04   -5.50423e+05    1.30141e+04
      Potential Pressure (bar)
   -4.02763e+05    4.28540e+03

           Step           Time
             17       17.00000

           Step           Time
             18       18.00000

   Energies (kJ/mol)
           Bond            U-B    Proper Dih.  Improper Dih.      CMAP Dih.
    4.49082e+03    5.93967e+03    1.15314e+04    2.46910e+03   -4.05637e+02
          LJ-14     Coulomb-14        LJ (SR)   Coulomb (SR)   Coul. recip.
    4.10244e+03    4.69808e+04    5.77196e+04   -5.51649e+05    1.26245e+04
      Potential Pressure (bar)
   -4.06197e+05    3.97545e+03

           Step           Time
             19       19.00000

   Energies (kJ/mol)
           Bond            U-B    Proper Dih.  Improper Dih.      CMAP Dih.
    6.44393e+03    5.64754e+03    1.15829e+04    3.35514e+02   -4.15171e+02
          LJ-14     Coulomb-14        LJ (SR)   Coulomb (SR)   Coul. recip.
    4.09157e+03    4.69735e+04    5.62593e+04   -5.52738e+05    1.22513e+04
      Potential Pressure (bar)
   -4.09567e+05    3.74063e+03

           Step           Time
             20       20.00000

           Step           Time
             21       21.00000

   Energies (kJ/mol)
           Bond            U-B    Proper Dih.  Improper Dih.      CMAP Dih.
    3.39014e+03    5.79053e+03    1.15601e+04    1.38159e+03   -4.24237e+02
          LJ-14     Coulomb-14        LJ (SR)   Coulomb (SR)   Coul. recip.
    4.09901e+03    4.69858e+04    5.56943e+04   -5.53678e+05    1.19904e+04
      Potential Pressure (bar)
   -4.13210e+05    3.38825e+03

           Step           Time
             22       22.00000

   Energies (kJ/mol)
           Bond            U-B    Proper Dih.  Improper Dih.      CMAP Dih.
    5.76316e+03    4.97796e+03    1.15411e+04    3.81603e+02   -4.14517e+02
          LJ-14     Coulomb-14        LJ (SR)   Coulomb (SR)   Coul. recip.
    4.06622e+03    4.69538e+04    5.48525e+04   -5.54382e+05    1.17327e+04
      Potential Pressure (bar)
   -4.14527e+05    3.31177e+03

           Step           Time
             23       23.00000

   Energies (kJ/mol)
           Bond            U-B    Proper Dih.  Improper Dih.      CMAP Dih.
    4.31483e+03    5.75651e+03    1.15344e+04    1.97573e+03   -4.15612e+02
          LJ-14     Coulomb-14        LJ (SR)   Coulomb (SR)   Coul. recip.
    4.06937e+03    4.69783e+04    5.43662e+04   -5.55274e+05    1.15147e+04
      Potential Pressure (bar)
   -4.15180e+05    2.90020e+03

           Step           Time
             24       24.00000

   Energies (kJ/mol)
           Bond            U-B    Proper Dih.  Improper Dih.      CMAP Dih.
    5.49442e+03    4.73294e+03    1.15257e+04    3.65038e+02   -4.24083e+02
          LJ-14     Coulomb-14        LJ (SR)   Coulomb (SR)   Coul. recip.
    4.05436e+03    4.69586e+04    5.38767e+04   -5.55686e+05    1.13466e+04
      Potential Pressure (bar)
   -4.17756e+05    2.90922e+03

           Step           Time
             25       25.00000

           Step           Time
             26       26.00000

   Energies (kJ/mol)
           Bond            U-B    Proper Dih.  Improper Dih.      CMAP Dih.
    2.08950e+03    4.75741e+03    1.15421e+04    5.66654e+02   -4.27032e+02
          LJ-14     Coulomb-14        LJ (SR)   Coulomb (SR)   Coul. recip.
    4.05468e+03    4.69635e+04    5.35408e+04   -5.56250e+05    1.12055e+04
      Potential Pressure (bar)
   -4.21956e+05    2.80975e+03

           Step           Time
             27       27.00000

   Energies (kJ/mol)
           Bond            U-B    Proper Dih.  Improper Dih.      CMAP Dih.
    4.25997e+03    4.56850e+03    1.15385e+04    5.13850e+02   -4.26962e+02
          LJ-14     Coulomb-14        LJ (SR)   Coulomb (SR)   Coul. recip.
    4.03241e+03    4.69338e+04    5.24056e+04   -5.57490e+05    1.08244e+04
      Potential Pressure (bar)
   -4.22840e+05    2.48821e+03

           Step           Time
             28       28.00000

           Step           Time
             29       29.00000

   Energies (kJ/mol)
           Bond            U-B    Proper Dih.  Improper Dih.      CMAP Dih.
    1.82477e+03    4.73066e+03    1.15485e+04    5.92686e+02   -4.28665e+02
          LJ-14     Coulomb-14        LJ (SR)   Coulomb (SR)   Coul. recip.
    4.03059e+03    4.69425e+04    5.20887e+04   -5.58005e+05    1.07040e+04
      Potential Pressure (bar)
   -4.25971e+05    2.36726e+03

           Step           Time
             30       30.00000

   Energies (kJ/mol)
           Bond            U-B    Proper Dih.  Improper Dih.      CMAP Dih.
    3.08827e+03    4.36755e+03    1.15421e+04    3.12849e+02   -4.34121e+02
          LJ-14     Coulomb-14        LJ (SR)   Coulomb (SR)   Coul. recip.
    4.01967e+03    4.69403e+04    5.13290e+04   -5.58998e+05    1.04101e+04
      Potential Pressure (bar)
   -4.27423e+05    2.16011e+03

           Step           Time
             31       31.00000

           Step           Time
             32       32.00000

   Energies (kJ/mol)
           Bond            U-B    Proper Dih.  Improper Dih.      CMAP Dih.
    1.67544e+03    4.60350e+03    1.15546e+04    3.43315e+02   -4.31134e+02
          LJ-14     Coulomb-14        LJ (SR)   Coulomb (SR)   Coul. recip.
    4.01701e+03    4.69401e+04    5.10307e+04   -5.59460e+05    1.03070e+04
      Potential Pressure (bar)
   -4.29419e+05    2.01776e+03

           Step           Time
             33       33.00000

   Energies (kJ/mol)
           Bond            U-B    Proper Dih.  Improper Dih.      CMAP Dih.
    3.38459e+03    4.33113e+03    1.15399e+04    3.45580e+02   -4.37315e+02
          LJ-14     Coulomb-14        LJ (SR)   Coulomb (SR)   Coul. recip.
    4.00030e+03    4.69186e+04    5.01146e+04   -5.60637e+05    9.97900e+03
      Potential Pressure (bar)
   -4.30460e+05    1.76065e+03

           Step           Time
             34       34.00000

   Energies (kJ/mol)
           Bond            U-B    Proper Dih.  Improper Dih.      CMAP Dih.
    2.23458e+03    4.88754e+03    1.15676e+04    2.80850e+02   -4.35402e+02
          LJ-14     Coulomb-14        LJ (SR)   Coulomb (SR)   Coul. recip.
    3.99930e+03    4.69204e+04    4.97955e+04   -5.61227e+05    9.85876e+03
      Potential Pressure (bar)
   -4.32117e+05    1.54578e+03

           Step           Time
             35       35.00000

           Step           Time
             36       36.00000

   Energies (kJ/mol)
           Bond            U-B    Proper Dih.  Improper Dih.      CMAP Dih.
    1.86240e+03    4.30723e+03    1.15526e+04    2.83118e+02   -4.38366e+02
          LJ-14     Coulomb-14        LJ (SR)   Coulomb (SR)   Coul. recip.
    3.99257e+03    4.69145e+04    4.94936e+04   -5.61570e+05    9.75583e+03
      Potential Pressure (bar)
   -4.33846e+05    1.56040e+03

           Step           Time
             37       37.00000

   Energies (kJ/mol)
           Bond            U-B    Proper Dih.  Improper Dih.      CMAP Dih.
    3.03012e+03    5.15272e+03    1.15696e+04    2.68064e+02   -4.38245e+02
          LJ-14     Coulomb-14        LJ (SR)   Coulomb (SR)   Coul. recip.
    3.98394e+03    4.69070e+04    4.87477e+04   -5.62804e+05    9.47755e+03
      Potential Pressure (bar)
   -4.34105e+05    1.12487e+03

           Step           Time
             38       38.00000

   Energies (kJ/mol)
           Bond            U-B    Proper Dih.  Improper Dih.      CMAP Dih.
    2.50194e+03    4.24697e+03    1.15488e+04    2.95113e+02   -4.45536e+02
          LJ-14     Coulomb-14        LJ (SR)   Coulomb (SR)   Coul. recip.
    3.97437e+03    4.68970e+04    4.84218e+04   -5.63125e+05    9.37591e+03
      Potential Pressure (bar)
   -4.36309e+05    1.20295e+03

           Step           Time
             39       39.00000

           Step           Time
             40       40.00000

   Energies (kJ/mol)
           Bond            U-B    Proper Dih.  Improper Dih.      CMAP Dih.
    1.63250e+03    4.50992e+03    1.15606e+04    2.62829e+02   -4.42913e+02
          LJ-14     Coulomb-14        LJ (SR)   Coulomb (SR)   Coul. recip.
    3.97301e+03    4.68959e+04    4.81819e+04   -5.63558e+05    9.29054e+03
      Potential Pressure (bar)
   -4.37693e+05    1.06592e+03

           Step           Time
             41       41.00000

   Energies (kJ/mol)
           Bond            U-B    Proper Dih.  Improper Dih.      CMAP Dih.
    2.98800e+03    4.22528e+03    1.15463e+04    2.82551e+02   -4.49161e+02
          LJ-14     Coulomb-14        LJ (SR)   Coulomb (SR)   Coul. recip.
    3.96107e+03    4.68846e+04    4.76615e+04   -5.64283e+05    9.10837e+03
      Potential Pressure (bar)
   -4.38075e+05    9.37657e+02

           Step           Time
             42       42.00000

   Energies (kJ/mol)
           Bond            U-B    Proper Dih.  Improper Dih.      CMAP Dih.
    1.88013e+03    4.61163e+03    1.15604e+04    2.66088e+02   -4.46374e+02
          LJ-14     Coulomb-14        LJ (SR)   Coulomb (SR)   Coul. recip.
    3.96059e+03    4.68835e+04    4.74249e+04   -5.64743e+05    9.02533e+03
      Potential Pressure (bar)
   -4.39577e+05    7.79217e+02

           Step           Time
             43       43.00000

           Step           Time
             44       44.00000

   Energies (kJ/mol)
           Bond            U-B    Proper Dih.  Improper Dih.      CMAP Dih.
    1.69705e+03    4.21037e+03    1.15522e+04    2.68704e+02   -4.50916e+02
          LJ-14     Coulomb-14        LJ (SR)   Coulomb (SR)   Coul. recip.
    3.95413e+03    4.68791e+04    4.72020e+04   -5.65028e+05    8.95195e+03
      Potential Pressure (bar)
   -4.40763e+05    7.81521e+02

           Step           Time
             45       45.00000

   Energies (kJ/mol)
           Bond            U-B    Proper Dih.  Improper Dih.      CMAP Dih.
    2.18465e+03    4.68434e+03    1.15594e+04    2.68901e+02   -4.50815e+02
          LJ-14     Coulomb-14        LJ (SR)   Coulomb (SR)   Coul. recip.
    3.94780e+03    4.68706e+04    4.67010e+04   -5.65900e+05    8.77492e+03
      Potential Pressure (bar)
   -4.41360e+05    5.07509e+02

           Step           Time
             46       46.00000

   Energies (kJ/mol)
           Bond            U-B    Proper Dih.  Improper Dih.      CMAP Dih.
    2.02104e+03    4.15778e+03    1.15493e+04    2.69400e+02   -4.55788e+02
          LJ-14     Coulomb-14        LJ (SR)   Coulomb (SR)   Coul. recip.
    3.93980e+03    4.68660e+04    4.64639e+04   -5.66187e+05    8.70020e+03
      Potential Pressure (bar)
   -4.42676e+05    5.30486e+02

           Step           Time
             47       47.00000

           Step           Time
             48       48.00000

   Energies (kJ/mol)
           Bond            U-B    Proper Dih.  Improper Dih.      CMAP Dih.
    1.50201e+03    4.32093e+03    1.15554e+04    2.57027e+02   -4.54597e+02
          LJ-14     Coulomb-14        LJ (SR)   Coulomb (SR)   Coul. recip.
    3.93817e+03    4.68635e+04    4.62779e+04   -5.66538e+05    8.63522e+03
      Potential Pressure (bar)
   -4.43642e+05    4.29575e+02

           Step           Time
             49       49.00000

   Energies (kJ/mol)
           Bond            U-B    Proper Dih.  Improper Dih.      CMAP Dih.
    2.33768e+03    4.13403e+03    1.15476e+04    2.65231e+02   -4.59530e+02
          LJ-14     Coulomb-14        LJ (SR)   Coulomb (SR)   Coul. recip.
    3.92713e+03    4.68543e+04    4.58332e+04   -5.67208e+05    8.48744e+03
      Potential Pressure (bar)
   -4.44281e+05    3.09348e+02

           Step           Time
             50       50.00000

   Energies (kJ/mol)
           Bond            U-B    Proper Dih.  Improper Dih.      CMAP Dih.
    1.63328e+03    4.38035e+03    1.15557e+04    2.55073e+02   -4.57888e+02
          LJ-14     Coulomb-14        LJ (SR)   Coulomb (SR)   Coul. recip.
    3.92632e+03    4.68517e+04    4.56465e+04   -5.67587e+05    8.42212e+03
      Potential Pressure (bar)
   -4.45373e+05    1.92119e+02

           Step           Time
             51       51.00000

           Step           Time
             52       52.00000

   Energies (kJ/mol)
           Bond            U-B    Proper Dih.  Improper Dih.      CMAP Dih.
    1.57913e+03    4.12628e+03    1.15508e+04    2.56842e+02   -4.61196e+02
          LJ-14     Coulomb-14        LJ (SR)   Coulomb (SR)   Coul. recip.
    3.92068e+03    4.68485e+04    4.54635e+04   -5.67846e+05    8.36401e+03
      Potential Pressure (bar)
   -4.46197e+05    1.78222e+02

           Step           Time
             53       53.00000

   Energies (kJ/mol)
           Bond            U-B    Proper Dih.  Improper Dih.      CMAP Dih.
    1.80907e+03    4.42851e+03    1.15557e+04    2.53655e+02   -4.61109e+02
          LJ-14     Coulomb-14        LJ (SR)   Coulomb (SR)   Coul. recip.
    3.91514e+03    4.68407e+04    4.50810e+04   -5.68547e+05    8.23280e+03
      Potential Pressure (bar)
   -4.46891e+05   -2.13002e+01

           Step           Time
             54       54.00000

   Energies (kJ/mol)
           Bond            U-B    Proper Dih.  Improper Dih.      CMAP Dih.
    1.78007e+03    4.08437e+03    1.15493e+04    2.55363e+02   -4.64967e+02
          LJ-14     Coulomb-14        LJ (SR)   Coulomb (SR)   Coul. recip.
    3.90822e+03    4.68374e+04    4.48868e+04   -5.68809e+05    8.17351e+03
      Potential Pressure (bar)
   -4.47799e+05   -2.09264e+01

           Step           Time
             55       55.00000

   Energies (kJ/mol)
           Bond            U-B    Proper Dih.  Improper Dih.      CMAP Dih.
    2.19206e+03    4.55091e+03    1.15567e+04    2.52652e+02   -4.63599e+02
          LJ-14     Coulomb-14        LJ (SR)   Coulomb (SR)   Coul. recip.
    3.90567e+03    4.68302e+04    4.46001e+04   -5.69389e+05    8.07270e+03
      Potential Pressure (bar)
   -4.47891e+05   -2.18095e+02

           Step           Time
             56       56.00000

   Energies (kJ/mol)
           Bond            U-B    Proper Dih.  Improper Dih.      CMAP Dih.
    2.26831e+03    4.08229e+03    1.15478e+04    2.55733e+02   -4.68008e+02
          LJ-14     Coulomb-14        LJ (SR)   Coulomb (SR)   Coul. recip.
    3.89710e+03    4.68271e+04    4.43968e+04   -5.69642e+05    8.01358e+03
      Potential Pressure (bar)
   -4.48821e+05   -1.97123e+02

           Step           Time
             57       57.00000

           Step           Time
             58       58.00000

   Energies (kJ/mol)
           Bond            U-B    Proper Dih.  Improper Dih.      CMAP Dih.
    1.42117e+03    4.18152e+03    1.15530e+04    2.47718e+02   -4.67549e+02
          LJ-14     Coulomb-14        LJ (SR)   Coulomb (SR)   Coul. recip.
    3.89661e+03    4.68249e+04    4.42734e+04   -5.69909e+05    7.97007e+03
      Potential Pressure (bar)
   -4.50008e+05   -2.63444e+02

           Step           Time
             59       59.00000

   Energies (kJ/mol)
           Bond            U-B    Proper Dih.  Improper Dih.      CMAP Dih.
    2.74249e+03    4.08913e+03    1.15462e+04    2.53278e+02   -4.71524e+02
          LJ-14     Coulomb-14        LJ (SR)   Coulomb (SR)   Coul. recip.
    3.88310e+03    4.68143e+04    4.37952e+04   -5.70696e+05    7.81676e+03
      Potential Pressure (bar)
   -4.50227e+05   -4.20336e+02

           Step           Time
             60       60.00000

   Energies (kJ/mol)
           Bond            U-B    Proper Dih.  Improper Dih.      CMAP Dih.
    1.57093e+03    4.24985e+03    1.15535e+04    2.45915e+02   -4.70905e+02
          LJ-14     Coulomb-14        LJ (SR)   Coulomb (SR)   Coul. recip.
    3.88356e+03    4.68118e+04    4.36670e+04   -5.70999e+05    7.77066e+03
      Potential Pressure (bar)
   -4.51717e+05   -4.99481e+02

           Step           Time
             61       61.00000

           Step           Time
             62       62.00000

   Energies (kJ/mol)
           Bond            U-B    Proper Dih.  Improper Dih.      CMAP Dih.
    1.64458e+03    4.01956e+03    1.15492e+04    2.46887e+02   -4.73459e+02
          LJ-14     Coulomb-14        LJ (SR)   Coulomb (SR)   Coul. recip.
    3.87734e+03    4.68091e+04    4.35002e+04   -5.71251e+05    7.72036e+03
      Potential Pressure (bar)
   -4.52358e+05   -5.14414e+02

           Step           Time
             63       63.00000

   Energies (kJ/mol)
           Bond            U-B    Proper Dih.  Improper Dih.      CMAP Dih.
    1.79266e+03    4.32347e+03    1.15542e+04    2.44518e+02   -4.72907e+02
          LJ-14     Coulomb-14        LJ (SR)   Coulomb (SR)   Coul. recip.
    3.87499e+03    4.68029e+04    4.32806e+04   -5.71717e+05    7.64417e+03
      Potential Pressure (bar)
   -4.52672e+05   -6.56729e+02

           Step           Time
             64       64.00000

   Energies (kJ/mol)
           Bond            U-B    Proper Dih.  Improper Dih.      CMAP Dih.
    1.96318e+03    4.01086e+03    1.15480e+04    2.46329e+02   -4.75847e+02
          LJ-14     Coulomb-14        LJ (SR)   Coulomb (SR)   Coul. recip.
    3.86750e+03    4.68004e+04    4.31093e+04   -5.71959e+05    7.59481e+03
      Potential Pressure (bar)
   -4.53295e+05   -6.56912e+02

           Step           Time
             65       65.00000

           Step           Time
             66       66.00000

   Energies (kJ/mol)
           Bond            U-B    Proper Dih.  Improper Dih.      CMAP Dih.
    1.36182e+03    4.08388e+03    1.15516e+04    2.42349e+02   -4.76014e+02
          LJ-14     Coulomb-14        LJ (SR)   Coulomb (SR)   Coul. recip.
    3.86693e+03    4.67980e+04    4.30110e+04   -5.72181e+05    7.56017e+03
      Potential Pressure (bar)
   -4.54181e+05   -7.09294e+02

           Step           Time
             67       67.00000

   Energies (kJ/mol)
           Bond            U-B    Proper Dih.  Improper Dih.      CMAP Dih.
    2.27749e+03    4.00670e+03    1.15467e+04    2.44485e+02   -4.79206e+02
          LJ-14     Coulomb-14        LJ (SR)   Coulomb (SR)   Coul. recip.
    3.85305e+03    4.67874e+04    4.25451e+04   -5.73012e+05    7.41212e+03
      Potential Pressure (bar)
   -4.54818e+05   -8.68305e+02

           Step           Time
             68       68.00000

   Energies (kJ/mol)
           Bond            U-B    Proper Dih.  Improper Dih.      CMAP Dih.
    1.43824e+03    4.12223e+03    1.15521e+04    2.40074e+02   -4.79423e+02
          LJ-14     Coulomb-14        LJ (SR)   Coulomb (SR)   Coul. recip.
    3.85322e+03    4.67847e+04    4.24417e+04   -5.73266e+05    7.37461e+03
      Potential Pressure (bar)
   -4.55939e+05   -9.30723e+02

           Step           Time
             69       69.00000

           Step           Time
             70       70.00000

   Energies (kJ/mol)
           Bond            U-B    Proper Dih.  Improper Dih.      CMAP Dih.
    1.54232e+03    3.96383e+03    1.15488e+04    2.40485e+02   -4.81098e+02
          LJ-14     Coulomb-14        LJ (SR)   Coulomb (SR)   Coul. recip.
    3.84754e+03    4.67820e+04    4.22958e+04   -5.73510e+05    7.33087e+03
      Potential Pressure (bar)
   -4.56440e+05   -9.53664e+02

           Step           Time
             71       71.00000

   Energies (kJ/mol)
           Bond            U-B    Proper Dih.  Improper Dih.      CMAP Dih.
    1.56938e+03    4.16946e+03    1.15526e+04    2.38775e+02   -4.81160e+02
          LJ-14     Coulomb-14        LJ (SR)   Coulomb (SR)   Coul. recip.
    3.84543e+03    4.67767e+04    4.21258e+04   -5.73890e+05    7.27184e+03
      Potential Pressure (bar)
   -4.56821e+05   -1.05938e+03

           Step           Time
             72       72.00000

   Energies (kJ/mol)
           Bond            U-B    Proper Dih.  Improper Dih.      CMAP Dih.
    1.75948e+03    3.95358e+03    1.15479e+04    2.39728e+02   -4.82965e+02
          LJ-14     Coulomb-14        LJ (SR)   Coulomb (SR)   Coul. recip.
    3.83878e+03    4.67743e+04    4.19796e+04   -5.74122e+05    7.22971e+03
      Potential Pressure (bar)
   -4.57282e+05   -1.07115e+03

           Step           Time
             73       73.00000

   Energies (kJ/mol)
           Bond            U-B    Proper Dih.  Improper Dih.      CMAP Dih.
    1.87297e+03    4.27194e+03    1.15537e+04    2.38000e+02   -4.82452e+02
          LJ-14     Coulomb-14        LJ (SR)   Coulomb (SR)   Coul. recip.
    3.83826e+03    4.67684e+04    4.18293e+04   -5.74492e+05    7.17461e+03
      Potential Pressure (bar)
   -4.57428e+05   -1.19148e+03

           Step           Time
             74       74.00000

   Energies (kJ/mol)
           Bond            U-B    Proper Dih.  Improper Dih.      CMAP Dih.
    2.24528e+03    3.98166e+03    1.15470e+04    2.39748e+02   -4.84316e+02
          LJ-14     Coulomb-14        LJ (SR)   Coulomb (SR)   Coul. recip.
    3.83024e+03    4.67665e+04    4.16834e+04   -5.74706e+05    7.13503e+03
      Potential Pressure (bar)
   -4.57761e+05   -1.18905e+03

           Step           Time
             75       75.00000

           Step           Time
             76       76.00000

   Energies (kJ/mol)
           Bond            U-B    Proper Dih.  Improper Dih.      CMAP Dih.
    1.31700e+03    3.99960e+03    1.15509e+04    2.35971e+02   -4.85386e+02
          LJ-14     Coulomb-14        LJ (SR)   Coulomb (SR)   Coul. recip.
    3.83029e+03    4.67644e+04    4.16094e+04   -5.74893e+05    7.10771e+03
      Potential Pressure (bar)
   -4.58963e+05   -1.22219e+03

           Step           Time
             77       77.00000

   Energies (kJ/mol)
           Bond            U-B    Proper Dih.  Improper Dih.      CMAP Dih.
    2.74465e+03    4.01112e+03    1.15457e+04    2.38320e+02   -4.87373e+02
          LJ-14     Coulomb-14        LJ (SR)   Coulomb (SR)   Coul. recip.
    3.81310e+03    4.67506e+04    4.10926e+04   -5.75911e+05    6.94225e+03
      Potential Pressure (bar)
   -4.59260e+05   -1.42609e+03

           Step           Time
             78       78.00000

   Energies (kJ/mol)
           Bond            U-B    Proper Dih.  Improper Dih.      CMAP Dih.
    1.42519e+03    4.04846e+03    1.15516e+04    2.34138e+02   -4.89122e+02
          LJ-14     Coulomb-14        LJ (SR)   Coulomb (SR)   Coul. recip.
    3.81393e+03    4.67484e+04    4.10122e+04   -5.76132e+05    6.91167e+03
      Potential Pressure (bar)
   -4.60876e+05   -1.46446e+03

           Step           Time
             79       79.00000

           Step           Time
             80       80.00000

   Energies (kJ/mol)
           Bond            U-B    Proper Dih.  Improper Dih.      CMAP Dih.
    1.63673e+03    3.90273e+03    1.15481e+04    2.34204e+02   -4.90057e+02
          LJ-14     Coulomb-14        LJ (SR)   Coulomb (SR)   Coul. recip.
    3.80794e+03    4.67459e+04    4.08851e+04   -5.76363e+05    6.87419e+03
      Potential Pressure (bar)
   -4.61218e+05   -1.48461e+03

           Step           Time
             81       81.00000

   Energies (kJ/mol)
           Bond            U-B    Proper Dih.  Improper Dih.      CMAP Dih.
    1.61987e+03    4.11659e+03    1.15526e+04    2.33056e+02   -4.90257e+02
          LJ-14     Coulomb-14        LJ (SR)   Coulomb (SR)   Coul. recip.
    3.80731e+03    4.67411e+04    4.07685e+04   -5.76664e+05    6.83113e+03
      Potential Pressure (bar)
   -4.61484e+05   -1.57289e+03

           Step           Time
             82       82.00000

   Energies (kJ/mol)
           Bond            U-B    Proper Dih.  Improper Dih.      CMAP Dih.
    1.98876e+03    3.92282e+03    1.15473e+04    2.33882e+02   -4.90924e+02
          LJ-14     Coulomb-14        LJ (SR)   Coulomb (SR)   Coul. recip.
    3.80036e+03    4.67390e+04    4.06464e+04   -5.76872e+05    6.79702e+03
      Potential Pressure (bar)
   -4.61688e+05   -1.58181e+03

           Step           Time
             83       83.00000

   Energies (kJ/mol)
           Bond            U-B    Proper Dih.  Improper Dih.      CMAP Dih.
    2.07693e+03    4.26198e+03    1.15541e+04    2.32782e+02   -4.90694e+02
          LJ-14     Coulomb-14        LJ (SR)   Coulomb (SR)   Coul. recip.
    3.80139e+03    4.67331e+04    4.05386e+04   -5.77184e+05    6.75398e+03
      Potential Pressure (bar)
   -4.61721e+05   -1.69045e+03

           Step           Time
             84       84.00000

           Step           Time
             85       85.00000

   Energies (kJ/mol)
           Bond            U-B    Proper Dih.  Improper Dih.      CMAP Dih.
    1.30175e+03    3.89752e+03    1.15498e+04    2.31168e+02   -4.93236e+02
          LJ-14     Coulomb-14        LJ (SR)   Coulomb (SR)   Coul. recip.
    3.79623e+03    4.67340e+04    4.04710e+04   -5.77275e+05    6.73799e+03
      Potential Pressure (bar)
   -4.63049e+05   -1.64719e+03

           Step           Time
             86       86.00000

   Energies (kJ/mol)
           Bond            U-B    Proper Dih.  Improper Dih.      CMAP Dih.
    2.85260e+03    4.41658e+03    1.15554e+04    2.35700e+02   -4.94951e+02
          LJ-14     Coulomb-14        LJ (SR)   Coulomb (SR)   Coul. recip.
    3.77867e+03    4.67086e+04    3.97956e+04   -5.78865e+05    6.50235e+03
      Potential Pressure (bar)
   -4.63514e+05   -2.02272e+03

           Step           Time
             87       87.00000

   Energies (kJ/mol)
           Bond            U-B    Proper Dih.  Improper Dih.      CMAP Dih.
    1.45699e+03    3.85024e+03    1.15490e+04    2.29014e+02   -4.98283e+02
          LJ-14     Coulomb-14        LJ (SR)   Coulomb (SR)   Coul. recip.
    3.77102e+03    4.67126e+04    3.97197e+04   -5.78952e+05    6.48847e+03
      Potential Pressure (bar)
   -4.65673e+05   -1.94421e+03

           Step           Time
             88       88.00000

           Step           Time
             89       89.00000

   Energies (kJ/mol)
           Bond            U-B    Proper Dih.  Improper Dih.      CMAP Dih.
    1.58236e+03    4.02262e+03    1.15528e+04    2.28307e+02   -4.98552e+02
          LJ-14     Coulomb-14        LJ (SR)   Coulomb (SR)   Coul. recip.
    3.77017e+03    4.67063e+04    3.96137e+04   -5.79239e+05    6.44822e+03
      Potential Pressure (bar)
   -4.65813e+05   -2.01780e+03

           Step           Time
             90       90.00000

   Energies (kJ/mol)
           Bond            U-B    Proper Dih.  Improper Dih.      CMAP Dih.
    1.67664e+03    3.86119e+03    1.15484e+04    2.28279e+02   -4.98880e+02
          LJ-14     Coulomb-14        LJ (SR)   Coulomb (SR)   Coul. recip.
    3.76439e+03    4.67062e+04    3.95294e+04   -5.79404e+05    6.42568e+03
      Potential Pressure (bar)
   -4.66163e+05   -2.02392e+03

           Step           Time
             91       91.00000

           Step           Time
             92       92.00000

   Energies (kJ/mol)
           Bond            U-B    Proper Dih.  Improper Dih.      CMAP Dih.
    1.25902e+03    3.87609e+03    1.15510e+04    2.26972e+02   -5.00514e+02
          LJ-14     Coulomb-14        LJ (SR)   Coulomb (SR)   Coul. recip.
    3.76407e+03    4.67033e+04    3.94768e+04   -5.79545e+05    6.40555e+03
      Potential Pressure (bar)
   -4.66783e+05   -2.04619e+03

           Step           Time
             93       93.00000

   Energies (kJ/mol)
           Bond            U-B    Proper Dih.  Improper Dih.      CMAP Dih.
    1.96310e+03    3.88382e+03    1.15479e+04    2.27819e+02   -5.00270e+02
          LJ-14     Coulomb-14        LJ (SR)   Coulomb (SR)   Coul. recip.
    3.75318e+03    4.66956e+04    3.92188e+04   -5.80166e+05    6.32072e+03
      Potential Pressure (bar)
   -4.67055e+05   -2.15964e+03

           Step           Time
             94       94.00000

   Energies (kJ/mol)
           Bond            U-B    Proper Dih.  Improper Dih.      CMAP Dih.
    1.33433e+03    3.90249e+03    1.15517e+04    2.25864e+02   -5.02709e+02
          LJ-14     Coulomb-14        LJ (SR)   Coulomb (SR)   Coul. recip.
    3.75323e+03    4.66920e+04    3.91597e+04   -5.80330e+05    6.29731e+03
      Potential Pressure (bar)
   -4.67916e+05   -2.18295e+03

           Step           Time
             95       95.00000

           Step           Time
             96       96.00000

   Energies (kJ/mol)
           Bond            U-B    Proper Dih.  Improper Dih.      CMAP Dih.
    1.40879e+03    3.82299e+03    1.15493e+04    2.25689e+02   -5.02967e+02
          LJ-14     Coulomb-14        LJ (SR)   Coulomb (SR)   Coul. recip.
    3.74894e+03    4.66909e+04    3.90838e+04   -5.80507e+05    6.27406e+03
      Potential Pressure (bar)
   -4.68205e+05   -2.20255e+03

           Step           Time
             97       97.00000

   Energies (kJ/mol)
           Bond            U-B    Proper Dih.  Improper Dih.      CMAP Dih.
    1.45748e+03    3.93815e+03    1.15523e+04    2.25437e+02   -5.03560e+02
          LJ-14     Coulomb-14        LJ (SR)   Coulomb (SR)   Coul. recip.
    3.74770e+03    4.66858e+04    3.89978e+04   -5.80747e+05    6.24101e+03
      Potential Pressure (bar)
   -4.68405e+05   -2.25789e+03

           Step           Time
             98       98.00000

   Energies (kJ/mol)
           Bond            U-B    Proper Dih.  Improper Dih.      CMAP Dih.
    1.59987e+03    3.83493e+03    1.15488e+04    2.25239e+02   -5.03319e+02
          LJ-14     Coulomb-14        LJ (SR)   Coulomb (SR)   Coul. recip.
    3.74276e+03    4.66855e+04    3.89247e+04   -5.80916e+05    6.21966e+03
      Potential Pressure (bar)
   -4.68638e+05   -2.27354e+03

           Step           Time
             99       99.00000

   Energies (kJ/mol)
           Bond            U-B    Proper Dih.  Improper Dih.      CMAP Dih.
    1.74536e+03    4.01775e+03    1.15533e+04    2.25202e+02   -5.03696e+02
          LJ-14     Coulomb-14        LJ (SR)   Coulomb (SR)   Coul. recip.
    3.74268e+03    4.66792e+04    3.88438e+04   -5.81157e+05    6.18635e+03
      Potential Pressure (bar)
   -4.68667e+05   -2.33770e+03

           Step           Time
            100      100.00000

   Energies (kJ/mol)
           Bond            U-B    Proper Dih.  Improper Dih.      CMAP Dih.
    2.02580e+03    3.88797e+03    1.15482e+04    2.25157e+02   -5.02626e+02
          LJ-14     Coulomb-14        LJ (SR)   Coulomb (SR)   Coul. recip.
    3.73688e+03    4.66802e+04    3.87755e+04   -5.81314e+05    6.16789e+03
      Potential Pressure (bar)
   -4.68769e+05   -2.34921e+03

           Step           Time
            101      101.00000

           Step           Time
            102      102.00000

   Energies (kJ/mol)
           Bond            U-B    Proper Dih.  Improper Dih.      CMAP Dih.
    1.23839e+03    3.83064e+03    1.15512e+04    2.23280e+02   -5.06310e+02
          LJ-14     Coulomb-14        LJ (SR)   Coulomb (SR)   Coul. recip.
    3.73654e+03    4.66771e+04    3.87283e+04   -5.81438e+05    6.14965e+03
      Potential Pressure (bar)
   -4.69809e+05   -2.35360e+03

           Step           Time
            103      103.00000

           Step           Time
            104      104.00000

   Energies (kJ/mol)
           Bond            U-B    Proper Dih.  Improper Dih.      CMAP Dih.
    1.44186e+03    3.80796e+03    1.15495e+04    2.23946e+02   -5.06869e+02
          LJ-14     Coulomb-14        LJ (SR)   Coulomb (SR)   Coul. recip.
    3.73015e+03    4.66730e+04    3.85934e+04   -5.81800e+05    6.10318e+03
      Potential Pressure (bar)
   -4.70183e+05   -2.41225e+03

           Step           Time
            105      105.00000

   Energies (kJ/mol)
           Bond            U-B    Proper Dih.  Improper Dih.      CMAP Dih.
    1.26129e+03    3.83295e+03    1.15515e+04    2.23163e+02   -5.08090e+02
          LJ-14     Coulomb-14        LJ (SR)   Coulomb (SR)   Coul. recip.
    3.72915e+03    4.66700e+04    3.85414e+04   -5.81944e+05    6.08330e+03
      Potential Pressure (bar)
   -4.70559e+05   -2.43638e+03

           Step           Time
            106      106.00000

   Energies (kJ/mol)
           Bond            U-B    Proper Dih.  Improper Dih.      CMAP Dih.
    1.56335e+03    3.81779e+03    1.15493e+04    2.23061e+02   -5.07179e+02
          LJ-14     Coulomb-14        LJ (SR)   Coulomb (SR)   Coul. recip.
    3.72392e+03    4.66675e+04    3.84394e+04   -5.82227e+05    6.04833e+03
      Potential Pressure (bar)
   -4.70701e+05   -2.48274e+03

           Step           Time
            107      107.00000

   Energies (kJ/mol)
           Bond            U-B    Proper Dih.  Improper Dih.      CMAP Dih.
    1.32635e+03    3.84889e+03    1.15520e+04    2.22347e+02   -5.09113e+02
          LJ-14     Coulomb-14        LJ (SR)   Coulomb (SR)   Coul. recip.
    3.72311e+03    4.66636e+04    3.83842e+04   -5.82382e+05    6.02664e+03
      Potential Pressure (bar)
   -4.71144e+05   -2.50842e+03

           Step           Time
            108      108.00000

           Step           Time
            109      109.00000

   Energies (kJ/mol)
           Bond            U-B    Proper Dih.  Improper Dih.      CMAP Dih.
    1.26146e+03    3.78588e+03    1.15504e+04    2.21934e+02   -5.09582e+02
          LJ-14     Coulomb-14        LJ (SR)   Coulomb (SR)   Coul. recip.
    3.72031e+03    4.66632e+04    3.83406e+04   -5.82501e+05    6.01251e+03
      Potential Pressure (bar)
   -4.71454e+05   -2.51828e+03

           Step           Time
            110      110.00000

   Energies (kJ/mol)
           Bond            U-B    Proper Dih.  Improper Dih.      CMAP Dih.
    1.39014e+03    3.85948e+03    1.15524e+04    2.22133e+02   -5.10264e+02
          LJ-14     Coulomb-14        LJ (SR)   Coulomb (SR)   Coul. recip.
    3.71733e+03    4.66577e+04    3.82411e+04   -5.82790e+05    5.97445e+03
      Potential Pressure (bar)
   -4.71686e+05   -2.57449e+03

           Step           Time
            111      111.00000

   Energies (kJ/mol)
           Bond            U-B    Proper Dih.  Improper Dih.      CMAP Dih.
    1.33075e+03    3.78335e+03    1.15502e+04    2.21365e+02   -5.10409e+02
          LJ-14     Coulomb-14        LJ (SR)   Coulomb (SR)   Coul. recip.
    3.71403e+03    4.66577e+04    3.81953e+04   -5.82919e+05    5.95975e+03
      Potential Pressure (bar)
   -4.72017e+05   -2.58403e+03

           Step           Time
            112      112.00000

   Energies (kJ/mol)
           Bond            U-B    Proper Dih.  Improper Dih.      CMAP Dih.
    1.51797e+03    3.88753e+03    1.15529e+04    2.21752e+02   -5.10800e+02
          LJ-14     Coulomb-14        LJ (SR)   Coulomb (SR)   Coul. recip.
    3.71236e+03    4.66520e+04    3.81150e+04   -5.83160e+05    5.92763e+03
      Potential Pressure (bar)
   -4.72083e+05   -2.63630e+03

           Step           Time
            113      113.00000

   Energies (kJ/mol)
           Bond            U-B    Proper Dih.  Improper Dih.      CMAP Dih.
    1.48882e+03    3.79748e+03    1.15498e+04    2.20878e+02   -5.10518e+02
          LJ-14     Coulomb-14        LJ (SR)   Coulomb (SR)   Coul. recip.
    3.70847e+03    4.66529e+04    3.80694e+04   -5.83294e+05    5.91332e+03
      Potential Pressure (bar)
   -4.72404e+05   -2.64515e+03

           Step           Time
            114      114.00000

           Step           Time
            115      115.00000

   Energies (kJ/mol)
           Bond            U-B    Proper Dih.  Improper Dih.      CMAP Dih.
    1.22030e+03    3.78608e+03    1.15516e+04    2.20265e+02   -5.12739e+02
          LJ-14     Coulomb-14        LJ (SR)   Coulomb (SR)   Coul. recip.
    3.70764e+03    4.66500e+04    3.80296e+04   -5.83404e+05    5.89788e+03
      Potential Pressure (bar)
   -4.72854e+05   -2.65738e+03

           Step           Time
            116      116.00000

   Energies (kJ/mol)
           Bond            U-B    Proper Dih.  Improper Dih.      CMAP Dih.
    1.61342e+03    3.80865e+03    1.15499e+04    2.20915e+02   -5.11858e+02
          LJ-14     Coulomb-14        LJ (SR)   Coulomb (SR)   Coul. recip.
    3.70033e+03    4.66452e+04    3.78881e+04   -5.83848e+05    5.84479e+03
      Potential Pressure (bar)
   -4.73089e+05   -2.73302e+03

           Step           Time
            117      117.00000

   Energies (kJ/mol)
           Bond            U-B    Proper Dih.  Improper Dih.      CMAP Dih.
    1.26102e+03    3.79167e+03    1.15522e+04    2.19731e+02   -5.14526e+02
          LJ-14     Coulomb-14        LJ (SR)   Coulomb (SR)   Coul. recip.
    3.69946e+03    4.66418e+04    3.78429e+04   -5.83971e+05    5.82734e+03
      Potential Pressure (bar)
   -4.73649e+05   -2.74463e+03

           Step           Time
            118      118.00000

           Step           Time
            119      119.00000

   Energies (kJ/mol)
           Bond            U-B    Proper Dih.  Improper Dih.      CMAP Dih.
    1.27716e+03    3.76105e+03    1.15509e+04    2.19336e+02   -5.14524e+02
          LJ-14     Coulomb-14        LJ (SR)   Coulomb (SR)   Coul. recip.
    3.69664e+03    4.66410e+04    3.77971e+04   -5.84119e+05    5.81062e+03
      Potential Pressure (bar)
   -4.73879e+05   -2.76317e+03

           Step           Time
            120      120.00000

   Energies (kJ/mol)
           Bond            U-B    Proper Dih.  Improper Dih.      CMAP Dih.
    1.31125e+03    3.80026e+03    1.15525e+04    2.19364e+02   -5.15409e+02
          LJ-14     Coulomb-14        LJ (SR)   Coulomb (SR)   Coul. recip.
    3.69480e+03    4.66369e+04    3.77367e+04   -5.84304e+05    5.78651e+03
      Potential Pressure (bar)
   -4.74081e+05   -2.79585e+03

           Step           Time
            121      121.00000

   Energies (kJ/mol)
           Bond            U-B    Proper Dih.  Improper Dih.      CMAP Dih.
    1.35895e+03    3.76626e+03    1.15507e+04    2.18872e+02   -5.14941e+02
          LJ-14     Coulomb-14        LJ (SR)   Coulomb (SR)   Coul. recip.
    3.69173e+03    4.66366e+04    3.76927e+04   -5.84454e+05    5.77035e+03
      Potential Pressure (bar)
   -4.74283e+05   -2.81440e+03

           Step           Time
            122      122.00000

   Energies (kJ/mol)
           Bond            U-B    Proper Dih.  Improper Dih.      CMAP Dih.
    1.41588e+03    3.82192e+03    1.15531e+04    2.18999e+02   -5.15949e+02
          LJ-14     Coulomb-14        LJ (SR)   Coulomb (SR)   Coul. recip.
    3.69034e+03    4.66318e+04    3.76344e+04   -5.84633e+05    5.74657e+03
      Potential Pressure (bar)
   -4.74436e+05   -2.84795e+03

           Step           Time
            123      123.00000

   Energies (kJ/mol)
           Bond            U-B    Proper Dih.  Improper Dih.      CMAP Dih.
    1.52985e+03    3.78781e+03    1.15505e+04    2.18536e+02   -5.14775e+02
          LJ-14     Coulomb-14        LJ (SR)   Coulomb (SR)   Coul. recip.
    3.68702e+03    4.66324e+04    3.75945e+04   -5.84782e+05    5.73170e+03
      Potential Pressure (bar)
   -4.74564e+05   -2.86685e+03

           Step           Time
            124      124.00000

   Energies (kJ/mol)
           Bond            U-B    Proper Dih.  Improper Dih.      CMAP Dih.
    1.63010e+03    3.86849e+03    1.15538e+04    2.18737e+02   -5.15932e+02
          LJ-14     Coulomb-14        LJ (SR)   Coulomb (SR)   Coul. recip.
    3.68618e+03    4.66266e+04    3.75362e+04   -5.84957e+05    5.70741e+03
      Potential Pressure (bar)
   -4.74645e+05   -2.90306e+03

           Step           Time
            125      125.00000

           Step           Time
            126      126.00000

   Energies (kJ/mol)
           Bond            U-B    Proper Dih.  Improper Dih.      CMAP Dih.
    1.19750e+03    3.74316e+03    1.15518e+04    2.17245e+02   -5.17795e+02
          LJ-14     Coulomb-14        LJ (SR)   Coulomb (SR)   Coul. recip.
    3.68365e+03    4.66279e+04    3.75140e+04   -5.85030e+05    5.70052e+03
      Potential Pressure (bar)
   -4.75312e+05   -2.89293e+03

           Step           Time
            127      127.00000

   Energies (kJ/mol)
           Bond            U-B    Proper Dih.  Improper Dih.      CMAP Dih.
    1.71109e+03    3.86054e+03    1.15550e+04    2.21101e+02   -5.19604e+02
          LJ-14     Coulomb-14        LJ (SR)   Coulomb (SR)   Coul. recip.
    3.67271e+03    4.66129e+04    3.72641e+04   -5.85876e+05    5.59733e+03
      Potential Pressure (bar)
   -4.75901e+05   -3.03747e+03

           Step           Time
            128      128.00000

   Energies (kJ/mol)
           Bond            U-B    Proper Dih.  Improper Dih.      CMAP Dih.
    1.24402e+03    3.73124e+03    1.15521e+04    2.16898e+02   -5.20828e+02
          LJ-14     Coulomb-14        LJ (SR)   Coulomb (SR)   Coul. recip.
    3.66952e+03    4.66157e+04    3.72426e+04   -5.85962e+05    5.59038e+03
      Potential Pressure (bar)
   -4.76621e+05   -3.02738e+03

           Step           Time
            129      129.00000

           Step           Time
            130      130.00000

   Energies (kJ/mol)
           Bond            U-B    Proper Dih.  Improper Dih.      CMAP Dih.
    1.28830e+03    3.75664e+03    1.15535e+04    2.16528e+02   -5.21550e+02
          LJ-14     Coulomb-14        LJ (SR)   Coulomb (SR)   Coul. recip.
    3.66819e+03    4.66113e+04    3.71915e+04   -5.86130e+05    5.56915e+03
      Potential Pressure (bar)
   -4.76797e+05   -3.05321e+03

           Step           Time
            131      131.00000

   Energies (kJ/mol)
           Bond            U-B    Proper Dih.  Improper Dih.      CMAP Dih.
    1.30603e+03    3.73648e+03    1.15520e+04    2.15956e+02   -5.21054e+02
          LJ-14     Coulomb-14        LJ (SR)   Coulomb (SR)   Coul. recip.
    3.66527e+03    4.66118e+04    3.71599e+04   -5.86267e+05    5.55578e+03
      Potential Pressure (bar)
   -4.76985e+05   -3.07048e+03

           Step           Time
            132      132.00000

   Energies (kJ/mol)
           Bond            U-B    Proper Dih.  Improper Dih.      CMAP Dih.
    1.38943e+03    3.77550e+03    1.15540e+04    2.16139e+02   -5.22022e+02
          LJ-14     Coulomb-14        LJ (SR)   Coulomb (SR)   Coul. recip.
    3.66422e+03    4.66066e+04    3.71092e+04   -5.86431e+05    5.53443e+03
      Potential Pressure (bar)
   -4.77103e+05   -3.09738e+03

           Step           Time
            133      133.00000

   Energies (kJ/mol)
           Bond            U-B    Proper Dih.  Improper Dih.      CMAP Dih.
    1.43539e+03    3.75428e+03    1.15519e+04    2.15536e+02   -5.20957e+02
          LJ-14     Coulomb-14        LJ (SR)   Coulomb (SR)   Coul. recip.
    3.66103e+03    4.66080e+04    3.70821e+04   -5.86566e+05    5.52242e+03
      Potential Pressure (bar)
   -4.77257e+05   -3.11520e+03

           Step           Time
            134      134.00000

   Energies (kJ/mol)
           Bond            U-B    Proper Dih.  Improper Dih.      CMAP Dih.
    1.59720e+03    3.81673e+03    1.15546e+04    2.15962e+02   -5.21934e+02
          LJ-14     Coulomb-14        LJ (SR)   Coulomb (SR)   Coul. recip.
    3.66052e+03    4.66016e+04    3.70302e+04   -5.86727e+05    5.50039e+03
      Potential Pressure (bar)
   -4.77272e+05   -3.14463e+03

           Step           Time
            135      135.00000

   Energies (kJ/mol)
           Bond            U-B    Proper Dih.  Improper Dih.      CMAP Dih.
    1.69835e+03    3.79788e+03    1.15517e+04    2.15416e+02   -5.20074e+02
          LJ-14     Coulomb-14        LJ (SR)   Coulomb (SR)   Coul. recip.
    3.65700e+03    4.66046e+04    3.70097e+04   -5.86860e+05    5.49030e+03
      Potential Pressure (bar)
   -4.77355e+05   -3.16366e+03

           Step           Time
            136      136.00000

           Step           Time
            137      137.00000

   Energies (kJ/mol)
           Bond            U-B    Proper Dih.  Improper Dih.      CMAP Dih.
    1.18568e+03    3.71647e+03    1.15534e+04    2.13828e+02   -5.24269e+02
          LJ-14     Coulomb-14        LJ (SR)   Coulomb (SR)   Coul. recip.
    3.65621e+03    4.66009e+04    3.69754e+04   -5.86941e+05    5.47792e+03
      Potential Pressure (bar)
   -4.78085e+05   -3.15644e+03

           Step           Time
            138      138.00000

           Step           Time
            139      139.00000

   Energies (kJ/mol)
           Bond            U-B    Proper Dih.  Improper Dih.      CMAP Dih.
    1.33184e+03    3.72731e+03    1.15528e+04    2.15172e+02   -5.24776e+02
          LJ-14     Coulomb-14        LJ (SR)   Coulomb (SR)   Coul. recip.
    3.65118e+03    4.65979e+04    3.69007e+04   -5.87263e+05    5.44351e+03
      Potential Pressure (bar)
   -4.78367e+05   -3.20479e+03

           Step           Time
            140      140.00000

   Energies (kJ/mol)
           Bond            U-B    Proper Dih.  Improper Dih.      CMAP Dih.
    1.20920e+03    3.71586e+03    1.15539e+04    2.14319e+02   -5.26132e+02
          LJ-14     Coulomb-14        LJ (SR)   Coulomb (SR)   Coul. recip.
    3.64998e+03    4.65947e+04    3.68678e+04   -5.87362e+05    5.43033e+03
      Potential Pressure (bar)
   -4.78652e+05   -3.21368e+03

           Step           Time
            141      141.00000

   Energies (kJ/mol)
           Bond            U-B    Proper Dih.  Improper Dih.      CMAP Dih.
    1.43517e+03    3.74179e+03    1.15527e+04    2.14128e+02   -5.24513e+02
          LJ-14     Coulomb-14        LJ (SR)   Coulomb (SR)   Coul. recip.
    3.64667e+03    4.65939e+04    3.68204e+04   -5.87597e+05    5.40711e+03
      Potential Pressure (bar)
   -4.78710e+05   -3.25189e+03

           Step           Time
            142      142.00000

   Energies (kJ/mol)
           Bond            U-B    Proper Dih.  Improper Dih.      CMAP Dih.
    1.28155e+03    3.72743e+03    1.15544e+04    2.13495e+02   -5.26884e+02
          LJ-14     Coulomb-14        LJ (SR)   Coulomb (SR)   Coul. recip.
    3.64537e+03    4.65895e+04    3.67824e+04   -5.87707e+05    5.39194e+03
      Potential Pressure (bar)
   -4.79048e+05   -3.26080e+03

           Step           Time
            143      143.00000

           Step           Time
            144      144.00000

   Energies (kJ/mol)
           Bond            U-B    Proper Dih.  Improper Dih.      CMAP Dih.
    1.19786e+03    3.70036e+03    1.15534e+04    2.13069e+02   -5.27044e+02
          LJ-14     Coulomb-14        LJ (SR)   Coulomb (SR)   Coul. recip.
    3.64368e+03    4.65901e+04    3.67646e+04   -5.87802e+05    5.38327e+03
      Potential Pressure (bar)
   -4.79282e+05   -3.26947e+03

           Step           Time
            145      145.00000

   Energies (kJ/mol)
           Bond            U-B    Proper Dih.  Improper Dih.      CMAP Dih.
    1.35144e+03    3.73709e+03    1.15549e+04    2.13665e+02   -5.27889e+02
          LJ-14     Coulomb-14        LJ (SR)   Coulomb (SR)   Coul. recip.
    3.64100e+03    4.65847e+04    3.67070e+04   -5.88023e+05    5.35713e+03
      Potential Pressure (bar)
   -4.79404e+05   -3.30391e+03

           Step           Time
            146      146.00000

   Energies (kJ/mol)
           Bond            U-B    Proper Dih.  Improper Dih.      CMAP Dih.
    1.24993e+03    3.70428e+03    1.15534e+04    2.12730e+02   -5.27628e+02
          LJ-14     Coulomb-14        LJ (SR)   Coulomb (SR)   Coul. recip.
    3.63907e+03    4.65861e+04    3.66904e+04   -5.88126e+05    5.34845e+03
      Potential Pressure (bar)
   -4.79669e+05   -3.31260e+03

           Step           Time
            147      147.00000

           Step           Time
            148      148.00000

   Energies (kJ/mol)
           Bond            U-B    Proper Dih.  Improper Dih.      CMAP Dih.
    1.18507e+03    3.69693e+03    1.15543e+04    2.12573e+02   -5.29062e+02
          LJ-14     Coulomb-14        LJ (SR)   Coulomb (SR)   Coul. recip.
    3.63791e+03    4.65833e+04    3.66631e+04   -5.88219e+05    5.33675e+03
      Potential Pressure (bar)
   -4.79878e+05   -3.32218e+03

           Step           Time
            149      149.00000

   Energies (kJ/mol)
           Bond            U-B    Proper Dih.  Improper Dih.      CMAP Dih.
    1.30506e+03    3.70929e+03    1.15535e+04    2.12637e+02   -5.28453e+02
          LJ-14     Coulomb-14        LJ (SR)   Coulomb (SR)   Coul. recip.
    3.63449e+03    4.65820e+04    3.66180e+04   -5.88452e+05    5.31360e+03
      Potential Pressure (bar)
   -4.80052e+05   -3.35572e+03

           Step           Time
            150      150.00000

   Energies (kJ/mol)
           Bond            U-B    Proper Dih.  Improper Dih.      CMAP Dih.
    1.22156e+03    3.70046e+03    1.15547e+04    2.12212e+02   -5.30143e+02
          LJ-14     Coulomb-14        LJ (SR)   Coulomb (SR)   Coul. recip.
    3.63326e+03    4.65783e+04    3.65865e+04   -5.88554e+05    5.30036e+03
      Potential Pressure (bar)
   -4.80297e+05   -3.36549e+03

           Step           Time
            151      151.00000

   Energies (kJ/mol)
           Bond            U-B    Proper Dih.  Improper Dih.      CMAP Dih.
    1.40833e+03    3.72403e+03    1.15535e+04    2.12361e+02   -5.28611e+02
          LJ-14     Coulomb-14        LJ (SR)   Coulomb (SR)   Coul. recip.
    3.63058e+03    4.65785e+04    3.65568e+04   -5.88741e+05    5.28322e+03
      Potential Pressure (bar)
   -4.80323e+05   -3.39520e+03

           Step           Time
            152      152.00000

   Energies (kJ/mol)
           Bond            U-B    Proper Dih.  Improper Dih.      CMAP Dih.
    1.31411e+03    3.71594e+03    1.15553e+04    2.11814e+02   -5.30771e+02
          LJ-14     Coulomb-14        LJ (SR)   Coulomb (SR)   Coul. recip.
    3.62927e+03    4.65737e+04    3.65203e+04   -5.88853e+05    5.26819e+03
      Potential Pressure (bar)
   -4.80595e+05   -3.40548e+03

           Step           Time
            153      153.00000

           Step           Time
            154      154.00000

   Energies (kJ/mol)
           Bond            U-B    Proper Dih.  Improper Dih.      CMAP Dih.
    1.17907e+03    3.68267e+03    1.15542e+04    2.11217e+02   -5.31050e+02
          LJ-14     Coulomb-14        LJ (SR)   Coulomb (SR)   Coul. recip.
    3.62780e+03    4.65747e+04    3.65083e+04   -5.88934e+05    5.26137e+03
      Potential Pressure (bar)
   -4.80865e+05   -3.41018e+03

           Step           Time
            155      155.00000

   Energies (kJ/mol)
           Bond            U-B    Proper Dih.  Improper Dih.      CMAP Dih.
    1.39682e+03    3.72704e+03    1.15558e+04    2.12178e+02   -5.31928e+02
          LJ-14     Coulomb-14        LJ (SR)   Coulomb (SR)   Coul. recip.
    3.62455e+03    4.65685e+04    3.64469e+04   -5.89198e+05    5.23136e+03
      Potential Pressure (bar)
   -4.80967e+05   -3.45076e+03

           Step           Time
            156      156.00000

   Energies (kJ/mol)
           Bond            U-B    Proper Dih.  Improper Dih.      CMAP Dih.
    1.22576e+03    3.68584e+03    1.15542e+04    2.10907e+02   -5.31800e+02
          LJ-14     Coulomb-14        LJ (SR)   Coulomb (SR)   Coul. recip.
    3.62282e+03    4.65705e+04    3.64362e+04   -5.89289e+05    5.22453e+03
      Potential Pressure (bar)
   -4.81290e+05   -3.45499e+03

           Step           Time
            157      157.00000

           Step           Time
            158      158.00000

   Energies (kJ/mol)
           Bond            U-B    Proper Dih.  Improper Dih.      CMAP Dih.
    1.19186e+03    3.68198e+03    1.15552e+04    2.10840e+02   -5.33181e+02
          LJ-14     Coulomb-14        LJ (SR)   Coulomb (SR)   Coul. recip.
    3.62159e+03    4.65673e+04    3.64096e+04   -5.89389e+05    5.21234e+03
      Potential Pressure (bar)
   -4.81472e+05   -3.46574e+03

           Step           Time
            159      159.00000

   Energies (kJ/mol)
           Bond            U-B    Proper Dih.  Improper Dih.      CMAP Dih.
    1.27848e+03    3.69158e+03    1.15543e+04    2.10808e+02   -5.32406e+02
          LJ-14     Coulomb-14        LJ (SR)   Coulomb (SR)   Coul. recip.
    3.61905e+03    4.65671e+04    3.63829e+04   -5.89563e+05    5.19633e+03
      Potential Pressure (bar)
   -4.81595e+05   -3.48970e+03

           Step           Time
            160      160.00000

   Energies (kJ/mol)
           Bond            U-B    Proper Dih.  Improper Dih.      CMAP Dih.
    1.24146e+03    3.68850e+03    1.15556e+04    2.10551e+02   -5.34004e+02
          LJ-14     Coulomb-14        LJ (SR)   Coulomb (SR)   Coul. recip.
    3.61779e+03    4.65631e+04    3.63526e+04   -5.89671e+05    5.18286e+03
      Potential Pressure (bar)
   -4.81792e+05   -3.50085e+03

           Step           Time
            161      161.00000

   Energies (kJ/mol)
           Bond            U-B    Proper Dih.  Improper Dih.      CMAP Dih.
    1.38048e+03    3.70694e+03    1.15542e+04    2.10606e+02   -5.32481e+02
          LJ-14     Coulomb-14        LJ (SR)   Coulomb (SR)   Coul. recip.
    3.61559e+03    4.65641e+04    3.63348e+04   -5.89824e+05    5.16995e+03
      Potential Pressure (bar)
   -4.81820e+05   -3.52404e+03

           Step           Time
            162      162.00000

   Energies (kJ/mol)
           Bond            U-B    Proper Dih.  Improper Dih.      CMAP Dih.
    1.35608e+03    3.70803e+03    1.15561e+04    2.10274e+02   -5.34451e+02
          LJ-14     Coulomb-14        LJ (SR)   Coulomb (SR)   Coul. recip.
    3.61432e+03    4.65589e+04    3.63001e+04   -5.89938e+05    5.15492e+03
      Potential Pressure (bar)
   -4.82014e+05   -3.53609e+03

           Step           Time
            163      163.00000

           Step           Time
            164      164.00000

   Energies (kJ/mol)
           Bond            U-B    Proper Dih.  Improper Dih.      CMAP Dih.
    1.16313e+03    3.66666e+03    1.15550e+04    2.09495e+02   -5.34886e+02
          LJ-14     Coulomb-14        LJ (SR)   Coulomb (SR)   Coul. recip.
    3.61296e+03    4.65603e+04    3.62922e+04   -5.90008e+05    5.14954e+03
      Potential Pressure (bar)
   -4.82334e+05   -3.53722e+03

           Step           Time
            165      165.00000

   Energies (kJ/mol)
           Bond            U-B    Proper Dih.  Improper Dih.      CMAP Dih.
    1.44984e+03    3.71965e+03    1.15568e+04    2.11059e+02   -5.35965e+02
          LJ-14     Coulomb-14        LJ (SR)   Coulomb (SR)   Coul. recip.
    3.60875e+03    4.65528e+04    3.62232e+04   -5.90350e+05    5.11245e+03
      Potential Pressure (bar)
   -4.82452e+05   -3.58748e+03

           Step           Time
            166      166.00000

   Energies (kJ/mol)
           Bond            U-B    Proper Dih.  Improper Dih.      CMAP Dih.
    1.20325e+03    3.66829e+03    1.15550e+04    2.09268e+02   -5.35982e+02
          LJ-14     Coulomb-14        LJ (SR)   Coulomb (SR)   Coul. recip.
    3.60709e+03    4.65553e+04    3.62171e+04   -5.90431e+05    5.10701e+03
      Potential Pressure (bar)
   -4.82845e+05   -3.58759e+03

           Step           Time
            167      167.00000

           Step           Time
            168      168.00000

   Energies (kJ/mol)
           Bond            U-B    Proper Dih.  Improper Dih.      CMAP Dih.
    1.20413e+03    3.66902e+03    1.15560e+04    2.09260e+02   -5.37272e+02
          LJ-14     Coulomb-14        LJ (SR)   Coulomb (SR)   Coul. recip.
    3.60584e+03    4.65518e+04    3.61911e+04   -5.90542e+05    5.09416e+03
      Potential Pressure (bar)
   -4.82998e+05   -3.59975e+03

           Step           Time
            169      169.00000

   Energies (kJ/mol)
           Bond            U-B    Proper Dih.  Improper Dih.      CMAP Dih.
    1.25242e+03    3.67424e+03    1.15551e+04    2.09080e+02   -5.36433e+02
          LJ-14     Coulomb-14        LJ (SR)   Coulomb (SR)   Coul. recip.
    3.60378e+03    4.65524e+04    3.61758e+04   -5.90679e+05    5.08255e+03
      Potential Pressure (bar)
   -4.83110e+05   -3.61731e+03

           Step           Time
            170      170.00000

   Energies (kJ/mol)
           Bond            U-B    Proper Dih.  Improper Dih.      CMAP Dih.
    1.26750e+03    3.67829e+03    1.15564e+04    2.09004e+02   -5.37914e+02
          LJ-14     Coulomb-14        LJ (SR)   Coulomb (SR)   Coul. recip.
    3.60256e+03    4.65480e+04    3.61469e+04   -5.90792e+05    5.06877e+03
      Potential Pressure (bar)
   -4.83253e+05   -3.62991e+03

           Step           Time
            171      171.00000

   Energies (kJ/mol)
           Bond            U-B    Proper Dih.  Improper Dih.      CMAP Dih.
    1.35137e+03    3.68981e+03    1.15550e+04    2.08896e+02   -5.36439e+02
          LJ-14     Coulomb-14        LJ (SR)   Coulomb (SR)   Coul. recip.
    3.60062e+03    4.65496e+04    3.61377e+04   -5.90922e+05    5.05891e+03
      Potential Pressure (bar)
   -4.83307e+05   -3.64799e+03

           Step           Time
            172      172.00000

   Energies (kJ/mol)
           Bond            U-B    Proper Dih.  Improper Dih.      CMAP Dih.
    1.40513e+03    3.70187e+03    1.15570e+04    2.08828e+02   -5.38198e+02
          LJ-14     Coulomb-14        LJ (SR)   Coulomb (SR)   Coul. recip.
    3.59948e+03    4.65439e+04    3.61049e+04   -5.91038e+05    5.04391e+03
      Potential Pressure (bar)
   -4.83412e+05   -3.66181e+03

           Step           Time
            173      173.00000

           Step           Time
            174      174.00000

   Energies (kJ/mol)
           Bond            U-B    Proper Dih.  Improper Dih.      CMAP Dih.
    1.15014e+03    3.65147e+03    1.15558e+04    2.07824e+02   -5.38813e+02
          LJ-14     Coulomb-14        LJ (SR)   Coulomb (SR)   Coul. recip.
    3.59815e+03    4.65457e+04    3.61003e+04   -5.91101e+05    5.03960e+03
      Potential Pressure (bar)
   -4.83791e+05   -3.65975e+03

           Step           Time
            175      175.00000

   Energies (kJ/mol)
           Bond            U-B    Proper Dih.  Improper Dih.      CMAP Dih.
    1.50333e+03    3.71158e+03    1.15579e+04    2.10486e+02   -5.40488e+02
          LJ-14     Coulomb-14        LJ (SR)   Coulomb (SR)   Coul. recip.
    3.59197e+03    4.65358e+04    3.60156e+04   -5.91601e+05    4.98798e+03
      Potential Pressure (bar)
   -4.84026e+05   -3.72733e+03

           Step           Time
            176      176.00000

   Energies (kJ/mol)
           Bond            U-B    Proper Dih.  Improper Dih.      CMAP Dih.
    1.18237e+03    3.65030e+03    1.15559e+04    2.07780e+02   -5.40634e+02
          LJ-14     Coulomb-14        LJ (SR)   Coulomb (SR)   Coul. recip.
    3.59026e+03    4.65389e+04    3.60132e+04   -5.91674e+05    4.98373e+03
      Potential Pressure (bar)
   -4.84492e+05   -3.72392e+03

           Step           Time
            177      177.00000

           Step           Time
            178      178.00000

   Energies (kJ/mol)
           Bond            U-B    Proper Dih.  Improper Dih.      CMAP Dih.
    1.21981e+03    3.65615e+03    1.15570e+04    2.07666e+02   -5.41726e+02
          LJ-14     Coulomb-14        LJ (SR)   Coulomb (SR)   Coul. recip.
    3.58906e+03    4.65351e+04    3.59884e+04   -5.91796e+05    4.97011e+03
      Potential Pressure (bar)
   -4.84615e+05   -3.73718e+03

           Step           Time
            179      179.00000

   Energies (kJ/mol)
           Bond            U-B    Proper Dih.  Improper Dih.      CMAP Dih.
    1.22649e+03    3.65615e+03    1.15559e+04    2.07317e+02   -5.40911e+02
          LJ-14     Coulomb-14        LJ (SR)   Coulomb (SR)   Coul. recip.
    3.58725e+03    4.65362e+04    3.59809e+04   -5.91909e+05    4.96145e+03
      Potential Pressure (bar)
   -4.84738e+05   -3.75017e+03

           Step           Time
            180      180.00000

   Energies (kJ/mol)
           Bond            U-B    Proper Dih.  Improper Dih.      CMAP Dih.
    1.29686e+03    3.66792e+03    1.15573e+04    2.07426e+02   -5.42246e+02
          LJ-14     Coulomb-14        LJ (SR)   Coulomb (SR)   Coul. recip.
    3.58616e+03    4.65314e+04    3.59540e+04   -5.92029e+05    4.94744e+03
      Potential Pressure (bar)
   -4.84822e+05   -3.76387e+03

           Step           Time
            181      181.00000

   Energies (kJ/mol)
           Bond            U-B    Proper Dih.  Improper Dih.      CMAP Dih.
    1.32001e+03    3.67151e+03    1.15558e+04    2.07096e+02   -5.40854e+02
          LJ-14     Coulomb-14        LJ (SR)   Coulomb (SR)   Coul. recip.
    3.58429e+03    4.65338e+04    3.59513e+04   -5.92141e+05    4.93986e+03
      Potential Pressure (bar)
   -4.84918e+05   -3.77785e+03

           Step           Time
            182      182.00000

   Energies (kJ/mol)
           Bond            U-B    Proper Dih.  Improper Dih.      CMAP Dih.
    1.45689e+03    3.69514e+03    1.15579e+04    2.07341e+02   -5.42386e+02
          LJ-14     Coulomb-14        LJ (SR)   Coulomb (SR)   Coul. recip.
    3.58342e+03    4.65275e+04    3.59212e+04   -5.92259e+05    4.92504e+03
      Potential Pressure (bar)
   -4.84927e+05   -3.79297e+03

           Step           Time
            183      183.00000

   Energies (kJ/mol)
           Bond            U-B    Proper Dih.  Improper Dih.      CMAP Dih.
    1.51396e+03    3.70645e+03    1.15557e+04    2.07096e+02   -5.40163e+02
          LJ-14     Coulomb-14        LJ (SR)   Coulomb (SR)   Coul. recip.
    3.58149e+03    4.65315e+04    3.59252e+04   -5.92371e+05    4.91901e+03
      Potential Pressure (bar)
   -4.84970e+05   -3.80872e+03

           Step           Time
            184      184.00000

           Step           Time
            185      185.00000

   Energies (kJ/mol)
           Bond            U-B    Proper Dih.  Improper Dih.      CMAP Dih.
    1.14828e+03    3.63643e+03    1.15569e+04    2.05695e+02   -5.43692e+02
          LJ-14     Coulomb-14        LJ (SR)   Coulomb (SR)   Coul. recip.
    3.58062e+03    4.65276e+04    3.59022e+04   -5.92430e+05    4.91038e+03
      Potential Pressure (bar)
   -4.85506e+05   -3.79975e+03

           Step           Time
            186      186.00000

           Step           Time
            187      187.00000

   Energies (kJ/mol)
           Bond            U-B    Proper Dih.  Improper Dih.      CMAP Dih.
    1.25379e+03    3.65170e+03    1.15565e+04    2.07047e+02   -5.43995e+02
          LJ-14     Coulomb-14        LJ (SR)   Coulomb (SR)   Coul. recip.
    3.57719e+03    4.65260e+04    3.58776e+04   -5.92688e+05    4.88755e+03
      Potential Pressure (bar)
   -4.85694e+05   -3.83125e+03

           Step           Time
            188      188.00000

   Energies (kJ/mol)
           Bond            U-B    Proper Dih.  Improper Dih.      CMAP Dih.
    1.16993e+03    3.63619e+03    1.15573e+04    2.06242e+02   -5.45293e+02
          LJ-14     Coulomb-14        LJ (SR)   Coulomb (SR)   Coul. recip.
    3.57605e+03    4.65229e+04    3.58586e+04   -5.92764e+05    4.87842e+03
      Potential Pressure (bar)
   -4.85904e+05   -3.83496e+03

           Step           Time
            189      189.00000

   Energies (kJ/mol)
           Bond            U-B    Proper Dih.  Improper Dih.      CMAP Dih.
    1.33470e+03    3.66470e+03    1.15563e+04    2.06265e+02   -5.43745e+02
          LJ-14     Coulomb-14        LJ (SR)   Coulomb (SR)   Coul. recip.
    3.57403e+03    4.65232e+04    3.58479e+04   -5.92951e+05    4.86359e+03
      Potential Pressure (bar)
   -4.85924e+05   -3.86036e+03

           Step           Time
            190      190.00000

   Energies (kJ/mol)
           Bond            U-B    Proper Dih.  Improper Dih.      CMAP Dih.
    1.23286e+03    3.64501e+03    1.15577e+04    2.05643e+02   -5.46008e+02
          LJ-14     Coulomb-14        LJ (SR)   Coulomb (SR)   Coul. recip.
    3.57270e+03    4.65188e+04    3.58244e+04   -5.93035e+05    4.85290e+03
      Potential Pressure (bar)
   -4.86171e+05   -3.86384e+03

           Step           Time
            191      191.00000

           Step           Time
            192      192.00000

   Energies (kJ/mol)
           Bond            U-B    Proper Dih.  Improper Dih.      CMAP Dih.
    1.15517e+03    3.63010e+03    1.15568e+04    2.05362e+02   -5.45824e+02
          LJ-14     Coulomb-14        LJ (SR)   Coulomb (SR)   Coul. recip.
    3.57172e+03    4.65199e+04    3.58218e+04   -5.93111e+05    4.84747e+03
      Potential Pressure (bar)
   -4.86348e+05   -3.86895e+03

           Step           Time
            193      193.00000

   Energies (kJ/mol)
           Bond            U-B    Proper Dih.  Improper Dih.      CMAP Dih.
    1.29476e+03    3.65325e+03    1.15581e+04    2.05899e+02   -5.46940e+02
          LJ-14     Coulomb-14        LJ (SR)   Coulomb (SR)   Coul. recip.
    3.56947e+03    4.65151e+04    3.57943e+04   -5.93290e+05    4.82912e+03
      Potential Pressure (bar)
   -4.86417e+05   -3.89117e+03

           Step           Time
            194      194.00000

   Energies (kJ/mol)
           Bond            U-B    Proper Dih.  Improper Dih.      CMAP Dih.
    1.19520e+03    3.63500e+03    1.15568e+04    2.05188e+02   -5.46285e+02
          LJ-14     Coulomb-14        LJ (SR)   Coulomb (SR)   Coul. recip.
    3.56839e+03    4.65169e+04    3.57941e+04   -5.93372e+05    4.82381e+03
      Potential Pressure (bar)
   -4.86623e+05   -3.89611e+03

           Step           Time
            195      195.00000

           Step           Time
            196      196.00000

   Energies (kJ/mol)
           Bond            U-B    Proper Dih.  Improper Dih.      CMAP Dih.
    1.15371e+03    3.62587e+03    1.15575e+04    2.05048e+02   -5.47656e+02
          LJ-14     Coulomb-14        LJ (SR)   Coulomb (SR)   Coul. recip.
    3.56737e+03    4.65142e+04    3.57793e+04   -5.93447e+05    4.81549e+03
      Potential Pressure (bar)
   -4.86776e+05   -3.90144e+03

           Step           Time
            197      197.00000

   Energies (kJ/mol)
           Bond            U-B    Proper Dih.  Improper Dih.      CMAP Dih.
    1.23928e+03    3.64043e+03    1.15568e+04    2.05221e+02   -5.46908e+02
          LJ-14     Coulomb-14        LJ (SR)   Coulomb (SR)   Coul. recip.
    3.56521e+03    4.65140e+04    3.57688e+04   -5.93623e+05    4.80115e+03
      Potential Pressure (bar)
   -4.86880e+05   -3.92214e+03

           Step           Time
            198      198.00000

   Energies (kJ/mol)
           Bond            U-B    Proper Dih.  Improper Dih.      CMAP Dih.
    1.18871e+03    3.62952e+03    1.15579e+04    2.04834e+02   -5.48563e+02
          LJ-14     Coulomb-14        LJ (SR)   Coulomb (SR)   Coul. recip.
    3.56407e+03    4.65105e+04    3.57504e+04   -5.93706e+05    4.79157e+03
      Potential Pressure (bar)
   -4.87057e+05   -3.92761e+03

           Step           Time
            199      199.00000

           Step           Time
            200      200.00000

   Energies (kJ/mol)
           Bond            U-B    Proper Dih.  Improper Dih.      CMAP Dih.
    1.14198e+03    3.62076e+03    1.15572e+04    2.04605e+02   -5.48387e+02
          LJ-14     Coulomb-14        LJ (SR)   Coulomb (SR)   Coul. recip.
    3.56314e+03    4.65110e+04    3.57477e+04   -5.93779e+05    4.78617e+03
      Potential Pressure (bar)
   -4.87194e+05   -3.93308e+03

           Step           Time
            201      201.00000

   Energies (kJ/mol)
           Bond            U-B    Proper Dih.  Improper Dih.      CMAP Dih.
    1.22360e+03    3.63304e+03    1.15582e+04    2.04835e+02   -5.49507e+02
          LJ-14     Coulomb-14        LJ (SR)   Coulomb (SR)   Coul. recip.
    3.56092e+03    4.65069e+04    3.57243e+04   -5.93956e+05    4.76879e+03
      Potential Pressure (bar)
   -4.87325e+05   -3.95265e+03

           Step           Time
            202      202.00000

   Energies (kJ/mol)
           Bond            U-B    Proper Dih.  Improper Dih.      CMAP Dih.
    1.16285e+03    3.62224e+03    1.15572e+04    2.04359e+02   -5.48989e+02
          LJ-14     Coulomb-14        LJ (SR)   Coulomb (SR)   Coul. recip.
    3.55991e+03    4.65081e+04    3.57235e+04   -5.94035e+05    4.76335e+03
      Potential Pressure (bar)
   -4.87483e+05   -3.95818e+03

           Step           Time
            203      203.00000

   Energies (kJ/mol)
           Bond            U-B    Proper Dih.  Improper Dih.      CMAP Dih.
    1.29138e+03    3.64300e+03    1.15585e+04    2.04679e+02   -5.50114e+02
          LJ-14     Coulomb-14        LJ (SR)   Coulomb (SR)   Coul. recip.
    3.55816e+03    4.65035e+04    3.57014e+04   -5.94182e+05    4.74818e+03
      Potential Pressure (bar)
   -4.87524e+05   -3.97624e+03

           Step           Time
            204      204.00000

   Energies (kJ/mol)
           Bond            U-B    Proper Dih.  Improper Dih.      CMAP Dih.
    1.21421e+03    3.62989e+03    1.15570e+04    2.04091e+02   -5.49215e+02
          LJ-14     Coulomb-14        LJ (SR)   Coulomb (SR)   Coul. recip.
    3.55706e+03    4.65055e+04    3.57036e+04   -5.94267e+05    4.74311e+03
      Potential Pressure (bar)
   -4.87702e+05   -3.98168e+03

           Step           Time
            205      205.00000

           Step           Time
            206      206.00000

   Energies (kJ/mol)
           Bond            U-B    Proper Dih.  Improper Dih.      CMAP Dih.
    1.14541e+03    3.61546e+03    1.15579e+04    2.03838e+02   -5.50774e+02
          LJ-14     Coulomb-14        LJ (SR)   Coulomb (SR)   Coul. recip.
    3.55615e+03    4.65028e+04    3.56900e+04   -5.94334e+05    4.73564e+03
      Potential Pressure (bar)
   -4.87877e+05   -3.98494e+03

           Step           Time
            207      207.00000

   Energies (kJ/mol)
           Bond            U-B    Proper Dih.  Improper Dih.      CMAP Dih.
    1.26944e+03    3.63711e+03    1.15571e+04    2.04257e+02   -5.49924e+02
          LJ-14     Coulomb-14        LJ (SR)   Coulomb (SR)   Coul. recip.
    3.55367e+03    4.65022e+04    3.56811e+04   -5.94541e+05    4.71917e+03
      Potential Pressure (bar)
   -4.87967e+05   -4.00912e+03

           Step           Time
            208      208.00000

   Energies (kJ/mol)
           Bond            U-B    Proper Dih.  Improper Dih.      CMAP Dih.
    1.18081e+03    3.61897e+03    1.15582e+04    2.03653e+02   -5.51804e+02
          LJ-14     Coulomb-14        LJ (SR)   Coulomb (SR)   Coul. recip.
    3.55259e+03    4.64987e+04    3.56635e+04   -5.94616e+05    4.71033e+03
      Potential Pressure (bar)
   -4.88181e+05   -4.01221e+03

           Step           Time
            209      209.00000

           Step           Time
            210      210.00000

   Energies (kJ/mol)
           Bond            U-B    Proper Dih.  Improper Dih.      CMAP Dih.
    1.14550e+03    3.61264e+03    1.15575e+04    2.03474e+02   -5.51512e+02
          LJ-14     Coulomb-14        LJ (SR)   Coulomb (SR)   Coul. recip.
    3.55166e+03    4.64993e+04    3.56623e+04   -5.94693e+05    4.70478e+03
      Potential Pressure (bar)
   -4.88308e+05   -4.01817e+03

           Step           Time
            211      211.00000

   Energies (kJ/mol)
           Bond            U-B    Proper Dih.  Improper Dih.      CMAP Dih.
    1.21837e+03    3.62338e+03    1.15585e+04    2.03654e+02   -5.52623e+02
          LJ-14     Coulomb-14        LJ (SR)   Coulomb (SR)   Coul. recip.
    3.54988e+03    4.64955e+04    3.56442e+04   -5.94834e+05    4.69088e+03
      Potential Pressure (bar)
   -4.88403e+05   -4.03353e+03

           Step           Time
            212      212.00000

   Energies (kJ/mol)
           Bond            U-B    Proper Dih.  Improper Dih.      CMAP Dih.
    1.17408e+03    3.61605e+03    1.15574e+04    2.03276e+02   -5.51928e+02
          LJ-14     Coulomb-14        LJ (SR)   Coulomb (SR)   Coul. recip.
    3.54891e+03    4.64967e+04    3.56453e+04   -5.94917e+05    4.68551e+03
      Potential Pressure (bar)
   -4.88542e+05   -4.03950e+03

           Step           Time
            213      213.00000

   Energies (kJ/mol)
           Bond            U-B    Proper Dih.  Improper Dih.      CMAP Dih.
    1.29231e+03    3.63467e+03    1.15588e+04    2.03543e+02   -5.53175e+02
          LJ-14     Coulomb-14        LJ (SR)   Coulomb (SR)   Coul. recip.
    3.54738e+03    4.64923e+04    3.56262e+04   -5.95044e+05    4.67235e+03
      Potential Pressure (bar)
   -4.88570e+05   -4.05498e+03

           Step           Time
            214      214.00000

   Energies (kJ/mol)
           Bond            U-B    Proper Dih.  Improper Dih.      CMAP Dih.
    1.23955e+03    3.62660e+03    1.15573e+04    2.03084e+02   -5.51995e+02
          LJ-14     Coulomb-14        LJ (SR)   Coulomb (SR)   Coul. recip.
    3.54636e+03    4.64944e+04    3.56310e+04   -5.95130e+05    4.66752e+03
      Potential Pressure (bar)
   -4.88717e+05   -4.06088e+03

           Step           Time
            215      215.00000

           Step           Time
            216      216.00000

   Energies (kJ/mol)
           Bond            U-B    Proper Dih.  Improper Dih.      CMAP Dih.
    1.13842e+03    3.60612e+03    1.15581e+04    2.02708e+02   -5.53768e+02
          LJ-14     Coulomb-14        LJ (SR)   Coulomb (SR)   Coul. recip.
    3.54547e+03    4.64917e+04    3.56179e+04   -5.95190e+05    4.66066e+03
      Potential Pressure (bar)
   -4.88922e+05   -4.06230e+03

           Step           Time
            217      217.00000

   Energies (kJ/mol)
           Bond            U-B    Proper Dih.  Improper Dih.      CMAP Dih.
    1.30969e+03    3.63599e+03    1.15573e+04    2.03449e+02   -5.52845e+02
          LJ-14     Coulomb-14        LJ (SR)   Coulomb (SR)   Coul. recip.
    3.54264e+03    4.64907e+04    3.56108e+04   -5.95438e+05    4.64138e+03
      Potential Pressure (bar)
   -4.88998e+05   -4.09086e+03

           Step           Time
            218      218.00000

   Energies (kJ/mol)
           Bond            U-B    Proper Dih.  Improper Dih.      CMAP Dih.
    1.17459e+03    3.60949e+03    1.15585e+04    2.02574e+02   -5.54977e+02
          LJ-14     Coulomb-14        LJ (SR)   Coulomb (SR)   Coul. recip.
    3.54151e+03    4.64872e+04    3.55931e+04   -5.95506e+05    4.63309e+03
      Potential Pressure (bar)
   -4.89261e+05   -4.09172e+03

           Step           Time
            219      219.00000

           Step           Time
            220      220.00000

   Energies (kJ/mol)
           Bond            U-B    Proper Dih.  Improper Dih.      CMAP Dih.
    1.15243e+03    3.60572e+03    1.15577e+04    2.02432e+02   -5.54545e+02
          LJ-14     Coulomb-14        LJ (SR)   Coulomb (SR)   Coul. recip.
    3.54062e+03    4.64877e+04    3.55935e+04   -5.95589e+05    4.62738e+03
      Potential Pressure (bar)
   -4.89376e+05   -4.09809e+03

           Step           Time
            221      221.00000

   Energies (kJ/mol)
           Bond            U-B    Proper Dih.  Improper Dih.      CMAP Dih.
    1.21544e+03    3.61474e+03    1.15588e+04    2.02539e+02   -5.55713e+02
          LJ-14     Coulomb-14        LJ (SR)   Coulomb (SR)   Coul. recip.
    3.53907e+03    4.64842e+04    3.55783e+04   -5.95708e+05    4.61572e+03
      Potential Pressure (bar)
   -4.89454e+05   -4.11085e+03

           Step           Time
            222      222.00000

   Energies (kJ/mol)
           Bond            U-B    Proper Dih.  Improper Dih.      CMAP Dih.
    1.19052e+03    3.61116e+03    1.15576e+04    2.02267e+02   -5.54812e+02
          LJ-14     Coulomb-14        LJ (SR)   Coulomb (SR)   Coul. recip.
    3.53819e+03    4.64854e+04    3.55816e+04   -5.95793e+05    4.61045e+03
      Potential Pressure (bar)
   -4.89571e+05   -4.11713e+03

           Step           Time
            223      223.00000

   Energies (kJ/mol)
           Bond            U-B    Proper Dih.  Improper Dih.      CMAP Dih.
    1.29735e+03    3.62766e+03    1.15591e+04    2.02447e+02   -5.56225e+02
          LJ-14     Coulomb-14        LJ (SR)   Coulomb (SR)   Coul. recip.
    3.53675e+03    4.64810e+04    3.55642e+04   -5.95906e+05    4.59869e+03
      Potential Pressure (bar)
   -4.89595e+05   -4.13091e+03

           Step           Time
            224      224.00000

   Energies (kJ/mol)
           Bond            U-B    Proper Dih.  Improper Dih.      CMAP Dih.
    1.27362e+03    3.62510e+03    1.15574e+04    2.02141e+02   -5.54730e+02
          LJ-14     Coulomb-14        LJ (SR)   Coulomb (SR)   Coul. recip.
    3.53590e+03    4.64833e+04    3.55717e+04   -5.95993e+05    4.59423e+03
      Potential Pressure (bar)
   -4.89704e+05   -4.13712e+03

           Step           Time
            225      225.00000

           Step           Time
            226      226.00000

   Energies (kJ/mol)
           Bond            U-B    Proper Dih.  Improper Dih.      CMAP Dih.
    1.13226e+03    3.59740e+03    1.15584e+04    2.01618e+02   -5.56749e+02
          LJ-14     Coulomb-14        LJ (SR)   Coulomb (SR)   Coul. recip.
    3.53496e+03    4.64806e+04    3.55585e+04   -5.96048e+05    4.58776e+03
      Potential Pressure (bar)
   -4.89953e+05   -4.13679e+03

           Step           Time
            227      227.00000

   Energies (kJ/mol)
           Bond            U-B    Proper Dih.  Improper Dih.      CMAP Dih.
    1.36452e+03    3.63720e+03    1.15574e+04    2.02798e+02   -5.55812e+02
          LJ-14     Coulomb-14        LJ (SR)   Coulomb (SR)   Coul. recip.
    3.53166e+03    4.64789e+04    3.55537e+04   -5.96351e+05    4.56463e+03
      Potential Pressure (bar)
   -4.90016e+05   -4.17108e+03

           Step           Time
            228      228.00000

   Energies (kJ/mol)
           Bond            U-B    Proper Dih.  Improper Dih.      CMAP Dih.
    1.16970e+03    3.60058e+03    1.15587e+04    2.01566e+02   -5.58217e+02
          LJ-14     Coulomb-14        LJ (SR)   Coulomb (SR)   Coul. recip.
    3.53038e+03    4.64754e+04    3.55351e+04   -5.96415e+05    4.55670e+03
      Potential Pressure (bar)
   -4.90345e+05   -4.16978e+03

           Step           Time
            229      229.00000

           Step           Time
            230      230.00000

   Energies (kJ/mol)
           Bond            U-B    Proper Dih.  Improper Dih.      CMAP Dih.
    1.16381e+03    3.59974e+03    1.15579e+04    2.01437e+02   -5.57609e+02
          LJ-14     Coulomb-14        LJ (SR)   Coulomb (SR)   Coul. recip.
    3.52959e+03    4.64758e+04    3.55373e+04   -5.96503e+05    4.55090e+03
      Potential Pressure (bar)
   -4.90444e+05   -4.17637e+03

           Step           Time
            231      231.00000

   Energies (kJ/mol)
           Bond            U-B    Proper Dih.  Improper Dih.      CMAP Dih.
    1.21347e+03    3.60657e+03    1.15590e+04    2.01443e+02   -5.58888e+02
          LJ-14     Coulomb-14        LJ (SR)   Coulomb (SR)   Coul. recip.
    3.52814e+03    4.64725e+04    3.55238e+04   -5.96605e+05    4.54076e+03
      Potential Pressure (bar)
   -4.90519e+05   -4.18741e+03

           Step           Time
            232      232.00000

   Energies (kJ/mol)
           Bond            U-B    Proper Dih.  Improper Dih.      CMAP Dih.
    1.21553e+03    3.60779e+03    1.15577e+04    2.01302e+02   -5.57741e+02
          LJ-14     Coulomb-14        LJ (SR)   Coulomb (SR)   Coul. recip.
    3.52741e+03    4.64737e+04    3.55294e+04   -5.96694e+05    4.53563e+03
      Potential Pressure (bar)
   -4.90604e+05   -4.19393e+03

           Step           Time
            233      233.00000

   Energies (kJ/mol)
           Bond            U-B    Proper Dih.  Improper Dih.      CMAP Dih.
    1.30147e+03    3.62085e+03    1.15593e+04    2.01338e+02   -5.59373e+02
          LJ-14     Coulomb-14        LJ (SR)   Coulomb (SR)   Coul. recip.
    3.52595e+03    4.64695e+04    3.55128e+04   -5.96794e+05    4.52495e+03
      Potential Pressure (bar)
   -4.90638e+05   -4.20642e+03

           Step           Time
            234      234.00000

   Energies (kJ/mol)
           Bond            U-B    Proper Dih.  Improper Dih.      CMAP Dih.
    1.32638e+03    3.62666e+03    1.15574e+04    2.01260e+02   -5.57484e+02
          LJ-14     Coulomb-14        LJ (SR)   Coulomb (SR)   Coul. recip.
    3.52535e+03    4.64717e+04    3.55235e+04   -5.96883e+05    4.52087e+03
      Potential Pressure (bar)
   -4.90687e+05   -4.21315e+03

           Step           Time
            235      235.00000

           Step           Time
            236      236.00000

   Energies (kJ/mol)
           Bond            U-B    Proper Dih.  Improper Dih.      CMAP Dih.
    1.12515e+03    3.58873e+03    1.15585e+04    2.00536e+02   -5.59793e+02
          LJ-14     Coulomb-14        LJ (SR)   Coulomb (SR)   Coul. recip.
    3.52431e+03    4.64691e+04    3.55096e+04   -5.96933e+05    4.51473e+03
      Potential Pressure (bar)
   -4.91002e+05   -4.21071e+03

           Step           Time
            237      237.00000

   Energies (kJ/mol)
           Bond            U-B    Proper Dih.  Improper Dih.      CMAP Dih.
    1.41168e+03    3.63535e+03    1.15575e+04    2.02362e+02   -5.59407e+02
          LJ-14     Coulomb-14        LJ (SR)   Coulomb (SR)   Coul. recip.
    3.51984e+03    4.64656e+04    3.55058e+04   -5.97355e+05    4.48277e+03
      Potential Pressure (bar)
   -4.91133e+05   -4.25510e+03

           Step           Time
            238      238.00000

   Energies (kJ/mol)
           Bond            U-B    Proper Dih.  Improper Dih.      CMAP Dih.
    1.15435e+03    3.58941e+03    1.15588e+04    2.00673e+02   -5.61836e+02
          LJ-14     Coulomb-14        LJ (SR)   Coulomb (SR)   Coul. recip.
    3.51832e+03    4.64625e+04    3.54866e+04   -5.97414e+05    4.47531e+03
      Potential Pressure (bar)
   -4.91530e+05   -4.25204e+03

           Step           Time
            239      239.00000

           Step           Time
            240      240.00000

   Energies (kJ/mol)
           Bond            U-B    Proper Dih.  Improper Dih.      CMAP Dih.
    1.17588e+03    3.59315e+03    1.15579e+04    2.00413e+02   -5.61033e+02
          LJ-14     Coulomb-14        LJ (SR)   Coulomb (SR)   Coul. recip.
    3.51768e+03    4.64625e+04    3.54901e+04   -5.97513e+05    4.46893e+03
      Potential Pressure (bar)
   -4.91608e+05   -4.25921e+03

           Step           Time
            241      241.00000

   Energies (kJ/mol)
           Bond            U-B    Proper Dih.  Improper Dih.      CMAP Dih.
    1.19105e+03    3.59445e+03    1.15590e+04    2.00262e+02   -5.62421e+02
          LJ-14     Coulomb-14        LJ (SR)   Coulomb (SR)   Coul. recip.
    3.51622e+03    4.64597e+04    3.54782e+04   -5.97600e+05    4.46036e+03
      Potential Pressure (bar)
   -4.91703e+05   -4.26822e+03

           Step           Time
            242      242.00000

   Energies (kJ/mol)
           Bond            U-B    Proper Dih.  Improper Dih.      CMAP Dih.
    1.23645e+03    3.60265e+03    1.15576e+04    2.00301e+02   -5.61140e+02
          LJ-14     Coulomb-14        LJ (SR)   Coulomb (SR)   Coul. recip.
    3.51570e+03    4.64604e+04    3.54856e+04   -5.97695e+05    4.45497e+03
      Potential Pressure (bar)
   -4.91742e+05   -4.27526e+03

           Step           Time
            243      243.00000

   Energies (kJ/mol)
           Bond            U-B    Proper Dih.  Improper Dih.      CMAP Dih.
    1.26802e+03    3.60703e+03    1.15593e+04    2.00090e+02   -5.62956e+02
          LJ-14     Coulomb-14        LJ (SR)   Coulomb (SR)   Coul. recip.
    3.51409e+03    4.64568e+04    3.54703e+04   -5.97783e+05    4.44554e+03
      Potential Pressure (bar)
   -4.91825e+05   -4.28590e+03

           Step           Time
            244      244.00000

           Step           Time
            245      245.00000

   Energies (kJ/mol)
           Bond            U-B    Proper Dih.  Improper Dih.      CMAP Dih.
    1.11955e+03    3.58058e+03    1.15582e+04    1.99704e+02   -5.62710e+02
          LJ-14     Coulomb-14        LJ (SR)   Coulomb (SR)   Coul. recip.
    3.51377e+03    4.64577e+04    3.54742e+04   -5.97830e+05    4.44325e+03
      Potential Pressure (bar)
   -4.92045e+05   -4.28250e+03

           Step           Time
            246      246.00000

   Energies (kJ/mol)
           Bond            U-B    Proper Dih.  Improper Dih.      CMAP Dih.
    1.34871e+03    3.61678e+03    1.15597e+04    2.00621e+02   -5.64475e+02
          LJ-14     Coulomb-14        LJ (SR)   Coulomb (SR)   Coul. recip.
    3.50976e+03    4.64514e+04    3.54573e+04   -5.98161e+05    4.41549e+03
      Potential Pressure (bar)
   -4.92166e+05   -4.31931e+03

           Step           Time
            247      247.00000

   Energies (kJ/mol)
           Bond            U-B    Proper Dih.  Improper Dih.      CMAP Dih.
    1.14373e+03    3.58200e+03    1.15579e+04    1.99601e+02   -5.63726e+02
          LJ-14     Coulomb-14        LJ (SR)   Coulomb (SR)   Coul. recip.
    3.50928e+03    4.64531e+04    3.54642e+04   -5.98215e+05    4.41341e+03
      Potential Pressure (bar)
   -4.92456e+05   -4.31359e+03

           Step           Time
            248      248.00000

           Step           Time
            249      249.00000

   Energies (kJ/mol)
           Bond            U-B    Proper Dih.  Improper Dih.      CMAP Dih.
    1.16700e+03    3.58405e+03    1.15588e+04    1.99512e+02   -5.64926e+02
          LJ-14     Coulomb-14        LJ (SR)   Coulomb (SR)   Coul. recip.
    3.50814e+03    4.64504e+04    3.54552e+04   -5.98304e+05    4.40514e+03
      Potential Pressure (bar)
   -4.92541e+05   -4.32233e+03

           Step           Time
            250      250.00000

   Energies (kJ/mol)
           Bond            U-B    Proper Dih.  Improper Dih.      CMAP Dih.
    1.17802e+03    3.58697e+03    1.15577e+04    1.99451e+02   -5.63979e+02
          LJ-14     Coulomb-14        LJ (SR)   Coulomb (SR)   Coul. recip.
    3.50733e+03    4.64510e+04    3.54611e+04   -5.98392e+05    4.40004e+03
      Potential Pressure (bar)
   -4.92615e+05   -4.32816e+03

           Step           Time
            251      251.00000

   Energies (kJ/mol)
           Bond            U-B    Proper Dih.  Improper Dih.      CMAP Dih.
    1.21760e+03    3.59164e+03    1.15590e+04    1.99350e+02   -5.65505e+02
          LJ-14     Coulomb-14        LJ (SR)   Coulomb (SR)   Coul. recip.
    3.50612e+03    4.64477e+04    3.54495e+04   -5.98480e+05    4.39127e+03
      Potential Pressure (bar)
   -4.92684e+05   -4.33786e+03

           Step           Time
            252      252.00000

   Energies (kJ/mol)
           Bond            U-B    Proper Dih.  Improper Dih.      CMAP Dih.
    1.25114e+03    3.59895e+03    1.15574e+04    1.99381e+02   -5.63950e+02
          LJ-14     Coulomb-14        LJ (SR)   Coulomb (SR)   Coul. recip.
    3.50546e+03    4.64490e+04    3.54596e+04   -5.98567e+05    4.38708e+03
      Potential Pressure (bar)
   -4.92723e+05   -4.34379e+03

           Step           Time
            253      253.00000

   Energies (kJ/mol)
           Bond            U-B    Proper Dih.  Improper Dih.      CMAP Dih.
    1.32085e+03    3.60896e+03    1.15593e+04    1.99245e+02   -5.65935e+02
          LJ-14     Coulomb-14        LJ (SR)   Coulomb (SR)   Coul. recip.
    3.50415e+03    4.64448e+04    3.54440e+04   -5.98655e+05    4.37749e+03
      Potential Pressure (bar)
   -4.92762e+05   -4.35519e+03

           Step           Time
            254      254.00000

           Step           Time
            255      255.00000

   Energies (kJ/mol)
           Bond            U-B    Proper Dih.  Improper Dih.      CMAP Dih.
    1.11620e+03    3.57334e+03    1.15580e+04    1.98678e+02   -5.65721e+02
          LJ-14     Coulomb-14        LJ (SR)   Coulomb (SR)   Coul. recip.
    3.50369e+03    4.64461e+04    3.54490e+04   -5.98699e+05    4.37574e+03
      Potential Pressure (bar)
   -4.93044e+05   -4.34962e+03

           Step           Time
            256      256.00000

   Energies (kJ/mol)
           Bond            U-B    Proper Dih.  Improper Dih.      CMAP Dih.
    1.40650e+03    3.61836e+03    1.15597e+04    2.00340e+02   -5.67863e+02
          LJ-14     Coulomb-14        LJ (SR)   Coulomb (SR)   Coul. recip.
    3.49896e+03    4.64382e+04    3.54348e+04   -5.99114e+05    4.34210e+03
      Potential Pressure (bar)
   -4.93183e+05   -4.39375e+03

           Step           Time
            257      257.00000

   Energies (kJ/mol)
           Bond            U-B    Proper Dih.  Improper Dih.      CMAP Dih.
    1.13768e+03    3.57365e+03    1.15576e+04    1.98763e+02   -5.67104e+02
          LJ-14     Coulomb-14        LJ (SR)   Coulomb (SR)   Coul. recip.
    3.49826e+03    4.64405e+04    3.54428e+04   -5.99165e+05    4.34061e+03
      Potential Pressure (bar)
   -4.93542e+05   -4.38595e+03

           Step           Time
            258      258.00000

           Step           Time
            259      259.00000

   Energies (kJ/mol)
           Bond            U-B    Proper Dih.  Improper Dih.      CMAP Dih.
    1.18151e+03    3.57891e+03    1.15586e+04    1.98600e+02   -5.68291e+02
          LJ-14     Coulomb-14        LJ (SR)   Coulomb (SR)   Coul. recip.
    3.49726e+03    4.64374e+04    3.54346e+04   -5.99261e+05    4.33195e+03
      Potential Pressure (bar)
   -4.93610e+05   -4.39493e+03

           Step           Time
            260      260.00000

   Energies (kJ/mol)
           Bond            U-B    Proper Dih.  Improper Dih.      CMAP Dih.
    1.16826e+03    3.57833e+03    1.15573e+04    1.98451e+02   -5.67273e+02
          LJ-14     Coulomb-14        LJ (SR)   Coulomb (SR)   Coul. recip.
    3.49643e+03    4.64385e+04    3.54420e+04   -5.99337e+05    4.32805e+03
      Potential Pressure (bar)
   -4.93697e+05   -4.39941e+03

           Step           Time
            261      261.00000

   Energies (kJ/mol)
           Bond            U-B    Proper Dih.  Improper Dih.      CMAP Dih.
    1.24583e+03    3.58888e+03    1.15587e+04    1.98473e+02   -5.68820e+02
          LJ-14     Coulomb-14        LJ (SR)   Coulomb (SR)   Coul. recip.
    3.49540e+03    4.64347e+04    3.54313e+04   -5.99430e+05    4.31898e+03
      Potential Pressure (bar)
   -4.93727e+05   -4.40964e+03

           Step           Time
            262      262.00000

   Energies (kJ/mol)
           Bond            U-B    Proper Dih.  Improper Dih.      CMAP Dih.
    1.23485e+03    3.58959e+03    1.15570e+04    1.98335e+02   -5.67208e+02
          LJ-14     Coulomb-14        LJ (SR)   Coulomb (SR)   Coul. recip.
    3.49461e+03    4.64366e+04    3.54428e+04   -5.99508e+05    4.31587e+03
      Potential Pressure (bar)
   -4.93805e+05   -4.41403e+03

           Step           Time
            263      263.00000

           Step           Time
            264      264.00000

   Energies (kJ/mol)
           Bond            U-B    Proper Dih.  Improper Dih.      CMAP Dih.
    1.11919e+03    3.56690e+03    1.15579e+04    1.97863e+02   -5.69033e+02
          LJ-14     Coulomb-14        LJ (SR)   Coulomb (SR)   Coul. recip.
    3.49393e+03    4.64343e+04    3.54333e+04   -5.99553e+05    4.31077e+03
      Potential Pressure (bar)
   -4.94008e+05   -4.41357e+03

           Step           Time
            265      265.00000

   Energies (kJ/mol)
           Bond            U-B    Proper Dih.  Improper Dih.      CMAP Dih.
    1.30763e+03    3.59906e+03    1.15567e+04    1.98849e+02   -5.68209e+02
          LJ-14     Coulomb-14        LJ (SR)   Coulomb (SR)   Coul. recip.
    3.49100e+03    4.64323e+04    3.54434e+04   -5.99840e+05    4.29152e+03
      Potential Pressure (bar)
   -4.94088e+05   -4.44092e+03

           Step           Time
            266      266.00000

   Energies (kJ/mol)
           Bond            U-B    Proper Dih.  Improper Dih.      CMAP Dih.
    1.14886e+03    3.56928e+03    1.15579e+04    1.97797e+02   -5.70437e+02
          LJ-14     Coulomb-14        LJ (SR)   Coulomb (SR)   Coul. recip.
    3.48998e+03    4.64293e+04    3.54292e+04   -5.99894e+05    4.28515e+03
      Potential Pressure (bar)
   -4.94357e+05   -4.43979e+03

           Step           Time
            267      267.00000

           Step           Time
            268      268.00000

   Energies (kJ/mol)
           Bond            U-B    Proper Dih.  Improper Dih.      CMAP Dih.
    1.14678e+03    3.56948e+03    1.15570e+04    1.97731e+02   -5.69745e+02
          LJ-14     Coulomb-14        LJ (SR)   Coulomb (SR)   Coul. recip.
    3.48934e+03    4.64296e+04    3.54357e+04   -5.99973e+05    4.28076e+03
      Potential Pressure (bar)
   -4.94436e+05   -4.44457e+03

           Step           Time
            269      269.00000

   Energies (kJ/mol)
           Bond            U-B    Proper Dih.  Improper Dih.      CMAP Dih.
    1.18532e+03    3.57429e+03    1.15580e+04    1.97689e+02   -5.71069e+02
          LJ-14     Coulomb-14        LJ (SR)   Coulomb (SR)   Coul. recip.
    3.48818e+03    4.64268e+04    3.54277e+04   -6.00059e+05    4.27281e+03
      Potential Pressure (bar)
   -4.94500e+05   -4.45301e+03

           Step           Time
            270      270.00000

   Energies (kJ/mol)
           Bond            U-B    Proper Dih.  Improper Dih.      CMAP Dih.
    1.18751e+03    3.57590e+03    1.15566e+04    1.97632e+02   -5.69860e+02
          LJ-14     Coulomb-14        LJ (SR)   Coulomb (SR)   Coul. recip.
    3.48760e+03    4.64277e+04    3.54373e+04   -6.00137e+05    4.26915e+03
      Potential Pressure (bar)
   -4.94567e+05   -4.45743e+03

           Step           Time
            271      271.00000

   Energies (kJ/mol)
           Bond            U-B    Proper Dih.  Improper Dih.      CMAP Dih.
    1.26007e+03    3.58627e+03    1.15582e+04    1.97616e+02   -5.71589e+02
          LJ-14     Coulomb-14        LJ (SR)   Coulomb (SR)   Coul. recip.
    3.48640e+03    4.64241e+04    3.54262e+04   -6.00223e+05    4.26057e+03
      Potential Pressure (bar)
   -4.94596e+05   -4.46752e+03

           Step           Time
            272      272.00000

   Energies (kJ/mol)
           Bond            U-B    Proper Dih.  Improper Dih.      CMAP Dih.
    1.27329e+03    3.59049e+03    1.15562e+04    1.97604e+02   -5.69673e+02
          LJ-14     Coulomb-14        LJ (SR)   Coulomb (SR)   Coul. recip.
    3.48593e+03    4.64259e+04    3.54404e+04   -6.00300e+05    4.25790e+03
      Potential Pressure (bar)
   -4.94642e+05   -4.47163e+03

           Step           Time
            273      273.00000

           Step           Time
            274      274.00000

   Energies (kJ/mol)
           Bond            U-B    Proper Dih.  Improper Dih.      CMAP Dih.
    1.11637e+03    3.56096e+03    1.15572e+04    1.97018e+02   -5.71747e+02
          LJ-14     Coulomb-14        LJ (SR)   Coulomb (SR)   Coul. recip.
    3.48510e+03    4.64236e+04    3.54299e+04   -6.00344e+05    4.25285e+03
      Potential Pressure (bar)
   -4.94892e+05   -4.46997e+03

           Step           Time
            275      275.00000

   Energies (kJ/mol)
           Bond            U-B    Proper Dih.  Improper Dih.      CMAP Dih.
    1.35436e+03    3.60025e+03    1.15558e+04    1.98414e+02   -5.71016e+02
          LJ-14     Coulomb-14        LJ (SR)   Coulomb (SR)   Coul. recip.
    3.48183e+03    4.64209e+04    3.54456e+04   -6.00683e+05    4.23047e+03
      Potential Pressure (bar)
   -4.94966e+05   -4.50143e+03

           Step           Time
            276      276.00000

   Energies (kJ/mol)
           Bond            U-B    Proper Dih.  Improper Dih.      CMAP Dih.
    1.14341e+03    3.56256e+03    1.15572e+04    1.97064e+02   -5.73403e+02
          LJ-14     Coulomb-14        LJ (SR)   Coulomb (SR)   Coul. recip.
    3.48060e+03    4.64181e+04    3.54302e+04   -6.00735e+05    4.22424e+03
      Potential Pressure (bar)
   -4.95295e+05   -4.49906e+03

           Step           Time
            277      277.00000

           Step           Time
            278      278.00000

   Energies (kJ/mol)
           Bond            U-B    Proper Dih.  Improper Dih.      CMAP Dih.
    1.15703e+03    3.56519e+03    1.15561e+04    1.96973e+02   -5.72584e+02
          LJ-14     Coulomb-14        LJ (SR)   Coulomb (SR)   Coul. recip.
    3.48009e+03    4.64182e+04    3.54382e+04   -6.00819e+05    4.21969e+03
      Potential Pressure (bar)
   -4.95360e+05   -4.50377e+03

           Step           Time
            279      279.00000

   Energies (kJ/mol)
           Bond            U-B    Proper Dih.  Improper Dih.      CMAP Dih.
    1.17637e+03    3.56720e+03    1.15572e+04    1.96831e+02   -5.73991e+02
          LJ-14     Coulomb-14        LJ (SR)   Coulomb (SR)   Coul. recip.
    3.47889e+03    4.64157e+04    3.54306e+04   -6.00895e+05    4.21262e+03
      Potential Pressure (bar)
   -4.95434e+05   -4.51136e+03

           Step           Time
            280      280.00000

   Energies (kJ/mol)
           Bond            U-B    Proper Dih.  Improper Dih.      CMAP Dih.
    1.20778e+03    3.57329e+03    1.15557e+04    1.96901e+02   -5.72648e+02
          LJ-14     Coulomb-14        LJ (SR)   Coulomb (SR)   Coul. recip.
    3.47849e+03    4.64163e+04    3.54420e+04   -6.00977e+05    4.20888e+03
      Potential Pressure (bar)
   -4.95470e+05   -4.51581e+03

           Step           Time
            281      281.00000

   Energies (kJ/mol)
           Bond            U-B    Proper Dih.  Improper Dih.      CMAP Dih.
    1.24458e+03    3.57832e+03    1.15573e+04    1.96718e+02   -5.74532e+02
          LJ-14     Coulomb-14        LJ (SR)   Coulomb (SR)   Coul. recip.
    3.47717e+03    4.64131e+04    3.54311e+04   -6.01055e+05    4.20104e+03
      Potential Pressure (bar)
   -4.95530e+05   -4.52497e+03

           Step           Time
            282      282.00000

           Step           Time
            283      283.00000

   Energies (kJ/mol)
           Bond            U-B    Proper Dih.  Improper Dih.      CMAP Dih.
    1.11122e+03    3.55518e+03    1.15561e+04    1.96408e+02   -5.74103e+02
          LJ-14     Coulomb-14        LJ (SR)   Coulomb (SR)   Coul. recip.
    3.47691e+03    4.64139e+04    3.54371e+04   -6.01094e+05    4.19950e+03
      Potential Pressure (bar)
   -4.95722e+05   -4.52117e+03

           Step           Time
            284      284.00000

   Energies (kJ/mol)
           Bond            U-B    Proper Dih.  Improper Dih.      CMAP Dih.
    1.31636e+03    3.58695e+03    1.15573e+04    1.97186e+02   -5.76011e+02
          LJ-14     Coulomb-14        LJ (SR)   Coulomb (SR)   Coul. recip.
    3.47334e+03    4.64079e+04    3.54357e+04   -6.01416e+05    4.17534e+03
      Potential Pressure (bar)
   -4.95842e+05   -4.55255e+03

           Step           Time
            285      285.00000

   Energies (kJ/mol)
           Bond            U-B    Proper Dih.  Improper Dih.      CMAP Dih.
    1.13074e+03    3.55633e+03    1.15554e+04    1.96357e+02   -5.75062e+02
          LJ-14     Coulomb-14        LJ (SR)   Coulomb (SR)   Coul. recip.
    3.47293e+03    4.64095e+04    3.54448e+04   -6.01462e+05    4.17401e+03
      Potential Pressure (bar)
   -4.96097e+05   -4.54651e+03

           Step           Time
            286      286.00000

           Step           Time
            287      287.00000

   Energies (kJ/mol)
           Bond            U-B    Proper Dih.  Improper Dih.      CMAP Dih.
    1.15659e+03    3.55895e+03    1.15563e+04    1.96257e+02   -5.76270e+02
          LJ-14     Coulomb-14        LJ (SR)   Coulomb (SR)   Coul. recip.
    3.47199e+03    4.64070e+04    3.54401e+04   -6.01543e+05    4.16713e+03
      Potential Pressure (bar)
   -4.96165e+05   -4.55376e+03

           Step           Time
            288      288.00000

   Energies (kJ/mol)
           Bond            U-B    Proper Dih.  Improper Dih.      CMAP Dih.
    1.15767e+03    3.56033e+03    1.15550e+04    1.96217e+02   -5.75266e+02
          LJ-14     Coulomb-14        LJ (SR)   Coulomb (SR)   Coul. recip.
    3.47135e+03    4.64076e+04    3.54494e+04   -6.01617e+05    4.16355e+03
      Potential Pressure (bar)
   -4.96231e+05   -4.55732e+03

           Step           Time
            289      289.00000

   Energies (kJ/mol)
           Bond            U-B    Proper Dih.  Improper Dih.      CMAP Dih.
    1.20396e+03    3.56620e+03    1.15563e+04    1.96139e+02   -5.76833e+02
          LJ-14     Coulomb-14        LJ (SR)   Coulomb (SR)   Coul. recip.
    3.47035e+03    4.64046e+04    3.54421e+04   -6.01698e+05    4.15618e+03
      Potential Pressure (bar)
   -4.96279e+05   -4.56572e+03

           Step           Time
            290      290.00000

   Energies (kJ/mol)
           Bond            U-B    Proper Dih.  Improper Dih.      CMAP Dih.
    1.21351e+03    3.56954e+03    1.15546e+04    1.96151e+02   -5.75252e+02
          LJ-14     Coulomb-14        LJ (SR)   Coulomb (SR)   Coul. recip.
    3.46981e+03    4.64058e+04    3.54552e+04   -6.01771e+05    4.15339e+03
      Potential Pressure (bar)
   -4.96328e+05   -4.56893e+03

           Step           Time
            291      291.00000

   Energies (kJ/mol)
           Bond            U-B    Proper Dih.  Improper Dih.      CMAP Dih.
    1.30253e+03    3.58270e+03    1.15565e+04    1.96094e+02   -5.77285e+02
          LJ-14     Coulomb-14        LJ (SR)   Coulomb (SR)   Coul. recip.
    3.46875e+03    4.64019e+04    3.54442e+04   -6.01852e+05    4.14522e+03
      Potential Pressure (bar)
   -4.96331e+05   -4.57953e+03

           Step           Time
            292      292.00000

   Energies (kJ/mol)
           Bond            U-B    Proper Dih.  Improper Dih.      CMAP Dih.
    1.32869e+03    3.58936e+03    1.15540e+04    1.96177e+02   -5.74857e+02
          LJ-14     Coulomb-14        LJ (SR)   Coulomb (SR)   Coul. recip.
    3.46837e+03    4.64041e+04    3.54627e+04   -6.01923e+05    4.14360e+03
      Potential Pressure (bar)
   -4.96351e+05   -4.58234e+03

           Step           Time
            293      293.00000

           Step           Time
            294      294.00000

   Energies (kJ/mol)
           Bond            U-B    Proper Dih.  Improper Dih.      CMAP Dih.
    1.11500e+03    3.55014e+03    1.15553e+04    1.95406e+02   -5.77374e+02
          LJ-14     Coulomb-14        LJ (SR)   Coulomb (SR)   Coul. recip.
    3.46752e+03    4.64017e+04    3.54509e+04   -6.01964e+05    4.13855e+03
      Potential Pressure (bar)
   -4.96667e+05   -4.57878e+03

           Step           Time
            295      295.00000

           Step           Time
            296      296.00000

   Energies (kJ/mol)
           Bond            U-B    Proper Dih.  Improper Dih.      CMAP Dih.
    1.16515e+03    3.55779e+03    1.15543e+04    1.96022e+02   -5.77181e+02
          LJ-14     Coulomb-14        LJ (SR)   Coulomb (SR)   Coul. recip.
    3.46602e+03    4.64006e+04    3.54621e+04   -6.02125e+05    4.12862e+03
      Potential Pressure (bar)
   -4.96772e+05   -4.59017e+03

           Step           Time
            297      297.00000

   Energies (kJ/mol)
           Bond            U-B    Proper Dih.  Improper Dih.      CMAP Dih.
    1.12902e+03    3.55066e+03    1.15551e+04    1.95616e+02   -5.78385e+02
          LJ-14     Coulomb-14        LJ (SR)   Coulomb (SR)   Coul. recip.
    3.46512e+03    4.63988e+04    3.54559e+04   -6.02179e+05    4.12357e+03
      Potential Pressure (bar)
   -4.96884e+05   -4.59371e+03

           Step           Time
            298      298.00000

   Energies (kJ/mol)
           Bond            U-B    Proper Dih.  Improper Dih.      CMAP Dih.
    1.20571e+03    3.56414e+03    1.15538e+04    1.95748e+02   -5.77229e+02
          LJ-14     Coulomb-14        LJ (SR)   Coulomb (SR)   Coul. recip.
    3.46435e+03    4.63985e+04    3.54688e+04   -6.02296e+05    4.11729e+03
      Potential Pressure (bar)
   -4.96905e+05   -4.60201e+03

           Step           Time
            299      299.00000

   Energies (kJ/mol)
           Bond            U-B    Proper Dih.  Improper Dih.      CMAP Dih.
    1.16168e+03    3.55528e+03    1.15550e+04    1.95388e+02   -5.79066e+02
          LJ-14     Coulomb-14        LJ (SR)   Coulomb (SR)   Coul. recip.
    3.46326e+03    4.63961e+04    3.54600e+04   -6.02356e+05    4.11131e+03
      Potential Pressure (bar)
   -4.97037e+05   -4.60639e+03

           Step           Time
            300      300.00000

           Step           Time
            301      301.00000

   Energies (kJ/mol)
           Bond            U-B    Proper Dih.  Improper Dih.      CMAP Dih.
    1.11654e+03    3.54765e+03    1.15541e+04    1.95322e+02   -5.78516e+02
          LJ-14     Coulomb-14        LJ (SR)   Coulomb (SR)   Coul. recip.
    3.46295e+03    4.63964e+04    3.54668e+04   -6.02405e+05    4.10904e+03
      Potential Pressure (bar)
   -4.97135e+05   -4.60640e+03

           Step           Time
            302      302.00000

   Energies (kJ/mol)
           Bond            U-B    Proper Dih.  Improper Dih.      CMAP Dih.
    1.19519e+03    3.55973e+03    1.15550e+04    1.95436e+02   -5.79788e+02
          LJ-14     Coulomb-14        LJ (SR)   Coulomb (SR)   Coul. recip.
    3.46143e+03    4.63936e+04    3.54650e+04   -6.02530e+05    4.09937e+03
      Potential Pressure (bar)
   -4.97185e+05   -4.61884e+03

           Step           Time
            303      303.00000

   Energies (kJ/mol)
           Bond            U-B    Proper Dih.  Improper Dih.      CMAP Dih.
    1.13805e+03    3.55051e+03    1.15535e+04    1.95250e+02   -5.78812e+02
          LJ-14     Coulomb-14        LJ (SR)   Coulomb (SR)   Coul. recip.
    3.46112e+03    4.63943e+04    3.54745e+04   -6.02584e+05    4.09728e+03
      Potential Pressure (bar)
   -4.97299e+05   -4.61800e+03

           Step           Time
            304      304.00000

           Step           Time
            305      305.00000

   Energies (kJ/mol)
           Bond            U-B    Proper Dih.  Improper Dih.      CMAP Dih.
    1.11909e+03    3.54610e+03    1.15542e+04    1.95124e+02   -5.79888e+02
          LJ-14     Coulomb-14        LJ (SR)   Coulomb (SR)   Coul. recip.
    3.46040e+03    4.63927e+04    3.54710e+04   -6.02636e+05    4.09279e+03
      Potential Pressure (bar)
   -4.97385e+05   -4.62173e+03

           Step           Time
            306      306.00000

   Energies (kJ/mol)
           Bond            U-B    Proper Dih.  Improper Dih.      CMAP Dih.
    1.16121e+03    3.55347e+03    1.15531e+04    1.95247e+02   -5.79205e+02
          LJ-14     Coulomb-14        LJ (SR)   Coulomb (SR)   Coul. recip.
    3.45938e+03    4.63921e+04    3.54821e+04   -6.02756e+05    4.08595e+03
      Potential Pressure (bar)
   -4.97453e+05   -4.62923e+03

           Step           Time
            307      307.00000

   Energies (kJ/mol)
           Bond            U-B    Proper Dih.  Improper Dih.      CMAP Dih.
    1.13740e+03    3.54809e+03    1.15540e+04    1.94998e+02   -5.80615e+02
          LJ-14     Coulomb-14        LJ (SR)   Coulomb (SR)   Coul. recip.
    3.45851e+03    4.63901e+04    3.54765e+04   -6.02814e+05    4.08069e+03
      Potential Pressure (bar)
   -4.97554e+05   -4.63361e+03

           Step           Time
            308      308.00000

   Energies (kJ/mol)
           Bond            U-B    Proper Dih.  Improper Dih.      CMAP Dih.
    1.20591e+03    3.56040e+03    1.15526e+04    1.95203e+02   -5.79336e+02
          LJ-14     Coulomb-14        LJ (SR)   Coulomb (SR)   Coul. recip.
    3.45785e+03    4.63902e+04    3.54902e+04   -6.02913e+05    4.07583e+03
      Potential Pressure (bar)
   -4.97565e+05   -4.63993e+03

           Step           Time
            309      309.00000

   Energies (kJ/mol)
           Bond            U-B    Proper Dih.  Improper Dih.      CMAP Dih.
    1.17864e+03    3.55440e+03    1.15540e+04    1.94856e+02   -5.81255e+02
          LJ-14     Coulomb-14        LJ (SR)   Coulomb (SR)   Coul. recip.
    3.45681e+03    4.63877e+04    3.54816e+04   -6.02976e+05    4.06964e+03
      Potential Pressure (bar)
   -4.97679e+05   -4.64529e+03

           Step           Time
            310      310.00000

           Step           Time
            311      311.00000

   Energies (kJ/mol)
           Bond            U-B    Proper Dih.  Improper Dih.      CMAP Dih.
    1.11380e+03    3.54344e+03    1.15529e+04    1.94746e+02   -5.80665e+02
          LJ-14     Coulomb-14        LJ (SR)   Coulomb (SR)   Coul. recip.
    3.45652e+03    4.63881e+04    3.54889e+04   -6.03019e+05    4.06784e+03
      Potential Pressure (bar)
   -4.97794e+05   -4.64397e+03

           Step           Time
            312      312.00000

   Energies (kJ/mol)
           Bond            U-B    Proper Dih.  Improper Dih.      CMAP Dih.
    1.22078e+03    3.56021e+03    1.15539e+04    1.94960e+02   -5.82045e+02
          LJ-14     Coulomb-14        LJ (SR)   Coulomb (SR)   Coul. recip.
    3.45483e+03    4.63849e+04    3.54890e+04   -6.03167e+05    4.05674e+03
      Potential Pressure (bar)
   -4.97834e+05   -4.65882e+03

           Step           Time
            313      313.00000

   Energies (kJ/mol)
           Bond            U-B    Proper Dih.  Improper Dih.      CMAP Dih.
    1.13549e+03    3.54627e+03    1.15523e+04    1.94683e+02   -5.80999e+02
          LJ-14     Coulomb-14        LJ (SR)   Coulomb (SR)   Coul. recip.
    3.45453e+03    4.63857e+04    3.54991e+04   -6.03216e+05    4.05514e+03
      Potential Pressure (bar)
   -4.97974e+05   -4.65624e+03

           Step           Time
            314      314.00000

           Step           Time
            315      315.00000

   Energies (kJ/mol)
           Bond            U-B    Proper Dih.  Improper Dih.      CMAP Dih.
    1.12532e+03    3.54328e+03    1.15530e+04    1.94578e+02   -5.82150e+02
          LJ-14     Coulomb-14        LJ (SR)   Coulomb (SR)   Coul. recip.
    3.45380e+03    4.63841e+04    3.54960e+04   -6.03273e+05    4.05037e+03
      Potential Pressure (bar)
   -4.98054e+05   -4.66056e+03

           Step           Time
            316      316.00000

   Energies (kJ/mol)
           Bond            U-B    Proper Dih.  Improper Dih.      CMAP Dih.
    1.16028e+03    3.54970e+03    1.15518e+04    1.94684e+02   -5.81287e+02
          LJ-14     Coulomb-14        LJ (SR)   Coulomb (SR)   Coul. recip.
    3.45301e+03    4.63839e+04    3.55076e+04   -6.03370e+05    4.04529e+03
      Potential Pressure (bar)
   -4.98105e+05   -4.66597e+03

           Step           Time
            317      317.00000

   Energies (kJ/mol)
           Bond            U-B    Proper Dih.  Improper Dih.      CMAP Dih.
    1.14970e+03    3.54652e+03    1.15529e+04    1.94470e+02   -5.82798e+02
          LJ-14     Coulomb-14        LJ (SR)   Coulomb (SR)   Coul. recip.
    3.45214e+03    4.63818e+04    3.55023e+04   -6.03431e+05    4.03976e+03
      Potential Pressure (bar)
   -4.98194e+05   -4.67108e+03

           Step           Time
            318      318.00000

   Energies (kJ/mol)
           Bond            U-B    Proper Dih.  Improper Dih.      CMAP Dih.
    1.20938e+03    3.55751e+03    1.15513e+04    1.94662e+02   -5.81337e+02
          LJ-14     Coulomb-14        LJ (SR)   Coulomb (SR)   Coul. recip.
    3.45160e+03    4.63821e+04    3.55169e+04   -6.03517e+05    4.03600e+03
      Potential Pressure (bar)
   -4.98199e+05   -4.67587e+03

           Step           Time
            319      319.00000

   Energies (kJ/mol)
           Bond            U-B    Proper Dih.  Improper Dih.      CMAP Dih.
    1.20230e+03    3.55497e+03    1.15529e+04    1.94360e+02   -5.83386e+02
          LJ-14     Coulomb-14        LJ (SR)   Coulomb (SR)   Coul. recip.
    3.45058e+03    4.63794e+04    3.55083e+04   -6.03582e+05    4.02960e+03
      Potential Pressure (bar)
   -4.98293e+05   -4.68219e+03

           Step           Time
            320      320.00000

           Step           Time
            321      321.00000

   Energies (kJ/mol)
           Bond            U-B    Proper Dih.  Improper Dih.      CMAP Dih.
    1.11144e+03    3.53954e+03    1.15517e+04    1.94186e+02   -5.82758e+02
          LJ-14     Coulomb-14        LJ (SR)   Coulomb (SR)   Coul. recip.
    3.45031e+03    4.63800e+04    3.55160e+04   -6.03622e+05    4.02820e+03
      Potential Pressure (bar)
   -4.98433e+05   -4.67944e+03

           Step           Time
            322      322.00000

   Energies (kJ/mol)
           Bond            U-B    Proper Dih.  Improper Dih.      CMAP Dih.
    1.25636e+03    3.56250e+03    1.15527e+04    1.94569e+02   -5.84293e+02
          LJ-14     Coulomb-14        LJ (SR)   Coulomb (SR)   Coul. recip.
    3.44835e+03    4.63762e+04    3.55190e+04   -6.03802e+05    4.01501e+03
      Potential Pressure (bar)
   -4.98462e+05   -4.69740e+03

           Step           Time
            323      323.00000

   Energies (kJ/mol)
           Bond            U-B    Proper Dih.  Improper Dih.      CMAP Dih.
    1.13351e+03    3.54228e+03    1.15509e+04    1.94146e+02   -5.83164e+02
          LJ-14     Coulomb-14        LJ (SR)   Coulomb (SR)   Coul. recip.
    3.44803e+03    4.63773e+04    3.55298e+04   -6.03848e+05    4.01385e+03
      Potential Pressure (bar)
   -4.98641e+05   -4.69301e+03

           Step           Time
            324      324.00000

           Step           Time
            325      325.00000

   Energies (kJ/mol)
           Bond            U-B    Proper Dih.  Improper Dih.      CMAP Dih.
    1.13485e+03    3.54114e+03    1.15518e+04    1.94064e+02   -5.84408e+02
          LJ-14     Coulomb-14        LJ (SR)   Coulomb (SR)   Coul. recip.
    3.44729e+03    4.63754e+04    3.55271e+04   -6.03909e+05    4.00872e+03
      Potential Pressure (bar)
   -4.98713e+05   -4.69789e+03

           Step           Time
            326      326.00000

   Energies (kJ/mol)
           Bond            U-B    Proper Dih.  Improper Dih.      CMAP Dih.
    1.16051e+03    3.54627e+03    1.15504e+04    1.94140e+02   -5.83364e+02
          LJ-14     Coulomb-14        LJ (SR)   Coulomb (SR)   Coul. recip.
    3.44664e+03    4.63756e+04    3.55394e+04   -6.03991e+05    4.00490e+03
      Potential Pressure (bar)
   -4.98757e+05   -4.70183e+03

           Step           Time
            327      327.00000

   Energies (kJ/mol)
           Bond            U-B    Proper Dih.  Improper Dih.      CMAP Dih.
    1.16735e+03    3.54592e+03    1.15516e+04    1.93970e+02   -5.85000e+02
          LJ-14     Coulomb-14        LJ (SR)   Coulomb (SR)   Coul. recip.
    3.44580e+03    4.63733e+04    3.55342e+04   -6.04055e+05    3.99908e+03
      Potential Pressure (bar)
   -4.98829e+05   -4.70761e+03

           Step           Time
            328      328.00000

   Energies (kJ/mol)
           Bond            U-B    Proper Dih.  Improper Dih.      CMAP Dih.
    1.21553e+03    3.55527e+03    1.15499e+04    1.94134e+02   -5.83322e+02
          LJ-14     Coulomb-14        LJ (SR)   Coulomb (SR)   Coul. recip.
    3.44532e+03    4.63740e+04    3.55499e+04   -6.04132e+05    3.99625e+03
      Potential Pressure (bar)
   -4.98835e+05   -4.71124e+03

           Step           Time
            329      329.00000

   Energies (kJ/mol)
           Bond            U-B    Proper Dih.  Improper Dih.      CMAP Dih.
    1.23518e+03    3.55715e+03    1.15517e+04    1.93894e+02   -5.85532e+02
          LJ-14     Coulomb-14        LJ (SR)   Coulomb (SR)   Coul. recip.
    3.44436e+03    4.63709e+04    3.55412e+04   -6.04199e+05    3.98960e+03
      Potential Pressure (bar)
   -4.98900e+05   -4.71847e+03

           Step           Time
            330      330.00000

           Step           Time
            331      331.00000

   Energies (kJ/mol)
           Bond            U-B    Proper Dih.  Improper Dih.      CMAP Dih.
    1.10945e+03    3.53576e+03    1.15503e+04    1.93625e+02   -5.84873e+02
          LJ-14     Coulomb-14        LJ (SR)   Coulomb (SR)   Coul. recip.
    3.44407e+03    4.63718e+04    3.55493e+04   -6.04235e+05    3.98854e+03
      Potential Pressure (bar)
   -4.99077e+05   -4.71419e+03

           Step           Time
            332      332.00000

   Energies (kJ/mol)
           Bond            U-B    Proper Dih.  Improper Dih.      CMAP Dih.
    1.30666e+03    3.56707e+03    1.15514e+04    1.94298e+02   -5.86635e+02
          LJ-14     Coulomb-14        LJ (SR)   Coulomb (SR)   Coul. recip.
    3.44170e+03    4.63671e+04    3.55571e+04   -6.04468e+05    3.97212e+03
      Potential Pressure (bar)
   -4.99097e+05   -4.73660e+03

           Step           Time
            333      333.00000

   Energies (kJ/mol)
           Bond            U-B    Proper Dih.  Improper Dih.      CMAP Dih.
    1.13035e+03    3.53803e+03    1.15494e+04    1.93630e+02   -5.85437e+02
          LJ-14     Coulomb-14        LJ (SR)   Coulomb (SR)   Coul. recip.
    3.44129e+03    4.63686e+04    3.55685e+04   -6.04510e+05    3.97134e+03
      Potential Pressure (bar)
   -4.99335e+05   -4.73002e+03

           Step           Time
            334      334.00000

           Step           Time
            335      335.00000

   Energies (kJ/mol)
           Bond            U-B    Proper Dih.  Improper Dih.      CMAP Dih.
    1.14912e+03    3.53966e+03    1.15503e+04    1.93569e+02   -5.86772e+02
          LJ-14     Coulomb-14        LJ (SR)   Coulomb (SR)   Coul. recip.
    3.44057e+03    4.63664e+04    3.55665e+04   -6.04579e+05    3.96577e+03
      Potential Pressure (bar)
   -4.99394e+05   -4.73555e+03

           Step           Time
            336      336.00000

   Energies (kJ/mol)
           Bond            U-B    Proper Dih.  Improper Dih.      CMAP Dih.
    1.15662e+03    3.54206e+03    1.15489e+04    1.93575e+02   -5.85577e+02
          LJ-14     Coulomb-14        LJ (SR)   Coulomb (SR)   Coul. recip.
    3.43998e+03    4.63669e+04    3.55791e+04   -6.04648e+05    3.96295e+03
      Potential Pressure (bar)
   -4.99443e+05   -4.73809e+03

           Step           Time
            337      337.00000

   Energies (kJ/mol)
           Bond            U-B    Proper Dih.  Improper Dih.      CMAP Dih.
    1.19478e+03    3.54679e+03    1.15502e+04    1.93495e+02   -5.87319e+02
          LJ-14     Coulomb-14        LJ (SR)   Coulomb (SR)   Coul. recip.
    3.43920e+03    4.63643e+04    3.55745e+04   -6.04718e+05    3.95677e+03
      Potential Pressure (bar)
   -4.99485e+05   -4.74489e+03

           Step           Time
            338      338.00000

   Energies (kJ/mol)
           Bond            U-B    Proper Dih.  Improper Dih.      CMAP Dih.
    1.21141e+03    3.55125e+03    1.15483e+04    1.93553e+02   -5.85475e+02
          LJ-14     Coulomb-14        LJ (SR)   Coulomb (SR)   Coul. recip.
    3.43870e+03    4.63654e+04    3.55908e+04   -6.04784e+05    3.95478e+03
      Potential Pressure (bar)
   -4.99515e+05   -4.74697e+03

           Step           Time
            339      339.00000

   Energies (kJ/mol)
           Bond            U-B    Proper Dih.  Improper Dih.      CMAP Dih.
    1.28945e+03    3.56274e+03    1.15503e+04    1.93481e+02   -5.87783e+02
          LJ-14     Coulomb-14        LJ (SR)   Coulomb (SR)   Coul. recip.
    3.43788e+03    4.63619e+04    3.55826e+04   -6.04856e+05    3.94776e+03
      Potential Pressure (bar)
   -4.99517e+05   -4.75599e+03

           Step           Time
            340      340.00000

           Step           Time
            341      341.00000

   Energies (kJ/mol)
           Bond            U-B    Proper Dih.  Improper Dih.      CMAP Dih.
    1.10657e+03    3.53166e+03    1.15488e+04    1.93035e+02   -5.87179e+02
          LJ-14     Coulomb-14        LJ (SR)   Coulomb (SR)   Coul. recip.
    3.43751e+03    4.63631e+04    3.55907e+04   -6.04888e+05    3.94709e+03
      Potential Pressure (bar)
   -4.99757e+05   -4.74959e+03


Steepest Descents converged to Fmax < 1000 in 342 steps
Potential Energy  = -4.9975681e+05
Maximum force     =  8.8495905e+02 on atom 695
Norm of force     =  3.7282385e+01

    D O M A I N   D E C O M P O S I T I O N   S T A T I S T I C S

 av. #atoms communicated per step for force:  2 x 0.0

Finished mdrun on rank 0 Thu Jul 23 02:34:47 2026

