GENERALIZED BORN:,,,,,,,,,,,,,,,,,,
Complex Energy Terms,,,,,,,,,,,,,,,,,,
Frame #,BOND,ANGLE,DIHED,UB,IMP,CMAP,VDWAALS,EEL,1-4 VDW,1-4 EEL,EGB,ESURF,GGAS,GSOLV,TOTAL,,,
1,2430.8,5591.89,7777.97,685.2,414.29,-344.65,-5604.73,-46102.65,2553.9,32314.21,-9071.83,226.93,-283.76,-8844.9,-9128.66,,,
11,2499.31,5740.13,7732.28,686.49,376.42,-321.32,-5469.72,-45338.85,2466.7,32207.7,-9686.89,249.8,579.14,-9437.09,-8857.95,,,
21,2534.41,5701.24,7705.61,702.22,362.59,-356.14,-5450.17,-45550.98,2483.68,32329.56,-9671.48,250.45,462.02,-9421.03,-8959.01,,,
31,2561.92,5646.26,7743.23,674.21,387.23,-391.64,-5344.97,-45553.05,2458.66,32244.23,-9634.18,255.64,426.09,-9378.54,-8952.45,,,
41,2573,5595.25,7762.26,678.01,390.83,-369.19,-5441.52,-45536.37,2437.56,32171.6,-9540.92,248.51,261.44,-9292.41,-9030.97,,,
51,2554.5,5617.94,7671.78,682.39,404.12,-352.55,-5429.71,-45483.08,2470.22,32341.64,-9709.62,254.88,477.25,-9454.74,-8977.49,,,
61,2509.83,5689.33,7745.98,696.53,396.45,-359.65,-5535.67,-45495.62,2517.34,32257.22,-9647.17,248.75,421.74,-9398.42,-8976.67,,,
71,2571.03,5741.69,7691.73,696.12,371.56,-363.01,-5404.18,-45521.62,2472.94,32140.48,-9611.33,249.68,396.75,-9361.65,-8964.9,,,
81,2533.13,5794.45,7746.18,699.12,400.64,-379.18,-5496.16,-45732.9,2469.7,32197.37,-9417.47,247.47,232.36,-9170,-8937.64,,,
91,2512.1,5662.68,7719.26,694.38,362.62,-357.02,-5497.8,-45604.15,2511.66,32175.35,-9495.86,247.48,179.09,-9248.37,-9069.29,,,
101,2548.84,5727.44,7666.15,697.78,397.17,-375.84,-5465.37,-45702.2,2514.07,32345.29,-9515.52,247.26,353.33,-9268.26,-8914.93,,,
111,2578.27,5841.16,7753.99,703.73,411.98,-405.41,-5425.32,-45508.74,2460.69,32028.78,-9551.15,254.36,439.13,-9296.79,-8857.66,,,
121,2543.5,5646.11,7637.27,704.59,368.81,-353.29,-5454.34,-45572.87,2476.56,32118.76,-9479.45,247.48,115.1,-9231.97,-9116.87,,,
131,2567.89,5723.53,7666.41,699.88,400.64,-381.25,-5432.77,-45526.96,2487.43,32080.33,-9535.32,248.88,285.12,-9286.44,-9001.31,,,
141,2540.77,5742.81,7630.03,701.18,384.22,-362.05,-5477.01,-45644.49,2447.11,32274.57,-9593.69,250.25,237.15,-9343.44,-9106.29,,,
151,2594.62,5690.64,7650.04,683.07,385.96,-375.81,-5421.9,-45623.65,2488.31,32090.23,-9445.96,251.68,161.5,-9194.28,-9032.78,,,
161,2564.22,5744.42,7656.12,695.55,371.94,-383.84,-5407.66,-45650.59,2475.3,32081.01,-9432.35,248.96,146.46,-9183.39,-9036.93,,,
171,2516,5764.18,7749.83,696.41,383.49,-384.56,-5454.32,-45683.9,2446.01,32169.77,-9411.1,247.02,202.92,-9164.08,-8961.16,,,
181,2467.34,5655.12,7693.73,684.37,384.33,-351.08,-5372.7,-45770.25,2526.88,32159.6,-9393.15,250.93,77.34,-9142.23,-9064.89,,,
191,2519.43,5711.35,7693.03,703.77,374.59,-399.04,-5479.89,-45556.04,2488.59,32236.64,-9531.41,246.11,292.42,-9285.3,-8992.88,,,
201,2503.46,5657.01,7703.46,714.86,379.88,-364.08,-5440.05,-45681.44,2521.51,32194.38,-9446.86,250.78,188.99,-9196.08,-9007.09,,,
211,2567.53,5701.55,7685.19,707.74,384.74,-353.2,-5451.28,-45539.68,2450.06,32101.54,-9544.46,248.61,254.2,-9295.84,-9041.65,,,
221,2558.98,5722.12,7690.71,695.66,374.13,-388.12,-5480.28,-45772.87,2512.79,32198.69,-9351.49,246.15,111.8,-9105.34,-8993.54,,,
231,2538.05,5803.7,7675.45,718.4,390.13,-373.59,-5423.9,-45657.19,2453.79,32201.17,-9525.45,251.95,326.01,-9273.5,-8947.49,,,
241,2587.45,5699.24,7709.24,705.29,377.36,-370.21,-5405.42,-45718.02,2511.68,32262.76,-9531.39,253.58,359.36,-9277.81,-8918.44,,,
251,2442.21,5705.5,7678.35,693.47,385.08,-366.96,-5412.37,-45593.12,2508.03,32169.79,-9560.23,254.56,209.99,-9305.67,-9095.68,,,
261,2511.8,5684.17,7677.56,717.03,396.72,-361.63,-5459.23,-45706.08,2485.04,32218.58,-9516.5,252.36,163.95,-9264.14,-9100.19,,,
271,2576.88,5719.93,7670.77,697.19,366.58,-386.72,-5475.92,-45732.58,2448.85,32283.46,-9458.15,253.01,168.46,-9205.14,-9036.68,,,
281,2527.21,5675.11,7668,702.62,370.93,-364.39,-5455.87,-45701.83,2462.29,32209.56,-9488.18,251.27,93.63,-9236.92,-9143.29,,,
291,2565.82,5690.39,7712.85,695.72,404.17,-377.99,-5441.86,-45716.1,2471.47,32223.72,-9573.81,252.68,228.2,-9321.13,-9092.93,,,
301,2518.99,5697.91,7650.46,701.64,378.54,-366.98,-5431.25,-45736.93,2455.36,32261.89,-9515.17,252.84,129.64,-9262.33,-9132.69,,,
311,2597.46,5558.55,7722.7,684.98,417.71,-408.93,-5483.64,-45553.14,2448.03,32131.32,-9528.6,250.65,115.02,-9277.95,-9162.93,,,
321,2522.38,5738.2,7713.48,694.78,397.11,-372.13,-5482.72,-45599.56,2494.78,32283.76,-9557.55,252.29,390.07,-9305.26,-8915.19,,,
331,2589.6,5787.72,7626.37,706.93,385.86,-376.86,-5369.59,-45843.39,2451.93,32283.73,-9433.34,252.78,242.29,-9180.56,-8938.27,,,
341,2502.55,5663.3,7689.49,677.93,382.94,-370.1,-5457.41,-45539.78,2459.59,32133.65,-9560.98,251.67,142.16,-9309.31,-9167.15,,,
351,2578.44,5667.3,7675.69,684.58,380.67,-378.95,-5444.77,-45613.76,2433.61,32304.11,-9594.96,253.62,286.93,-9341.34,-9054.41,,,
361,2505.41,5670.48,7679.89,671.72,394.37,-388.56,-5525.72,-45551.64,2481.57,32222.22,-9603.88,252.05,159.75,-9351.83,-9192.08,,,
371,2538,5621.46,7644.48,691.89,370.02,-372.56,-5443.44,-45771.98,2461.04,32315.75,-9528.18,255.52,54.65,-9272.66,-9218.01,,,
381,2516.85,5730.99,7646.45,701.77,389.54,-375.22,-5415.21,-45599.71,2515.6,32315.99,-9657.66,254.56,427.06,-9403.1,-8976.04,,,
391,2516.19,5673.7,7694.06,682.5,365.61,-383.15,-5413.01,-45697.94,2483.26,32281.12,-9641.89,256.7,202.33,-9385.19,-9182.86,,,
401,2556.2,5691,7748.35,684.71,402.98,-368.82,-5410.73,-45631.81,2488.18,32318.09,-9638.11,251.13,478.15,-9386.98,-8908.83,,,
411,2562.92,5696.76,7675.09,676.67,390.86,-387.18,-5492.17,-45673.47,2465.38,32353.27,-9581.98,252.01,268.13,-9329.97,-9061.84,,,
421,2454.44,5718.77,7723.83,709.87,385.81,-376.24,-5430.31,-45519.18,2512.63,32364.42,-9773.4,254.01,544.03,-9519.4,-8975.36,,,
431,2557.99,5653.09,7692.13,704.59,379.77,-391.14,-5491,-45474.34,2495.64,32253.18,-9700.09,252.78,379.92,-9447.31,-9067.39,,,
441,2614.93,5679.76,7719.63,705.95,388.83,-393.24,-5487.62,-45393.11,2464.31,32190.2,-9732.19,254.83,489.65,-9477.36,-8987.71,,,
451,2538.34,5712.16,7699.09,698.85,385.5,-372.14,-5455.38,-45246.28,2434.23,32047.96,-9793.56,254.9,442.33,-9538.66,-9096.32,,,
461,2539.46,5660.06,7715.15,705.84,365.83,-398.57,-5448.12,-45549.69,2505.76,32135.49,-9623.69,247.14,231.21,-9376.55,-9145.34,,,
471,2538.83,5760.93,7702.82,718.87,369.83,-397.01,-5453.75,-45390.76,2475.58,32108.81,-9674.41,254.79,434.15,-9419.62,-8985.47,,,
481,2515.81,5715.71,7695.73,683.65,375.38,-391.18,-5451.96,-45455.71,2453.67,32250.54,-9658.46,256.25,391.63,-9402.2,-9010.57,,,
491,2499.64,5558.03,7736.17,691.94,391.61,-388.24,-5417.69,-45438.68,2523.55,32158.11,-9711.82,255.23,314.45,-9456.59,-9142.14,,,
501,2593.01,5675.23,7658.02,697.65,387.25,-393.06,-5443.39,-45370.19,2455.17,32275.92,-9763.41,248.78,535.62,-9514.64,-8979.02,,,
511,2543.63,5709.25,7653.79,689.35,352.61,-386.49,-5427.59,-45450.03,2470.98,32238.92,-9738.61,253.58,394.42,-9485.02,-9090.6,,,
521,2552.67,5717.59,7689.16,699.11,394.47,-354.42,-5432.96,-45449.41,2460.96,32217.1,-9725.07,250.01,494.27,-9475.06,-8980.79,,,
531,2578.3,5789.6,7682.57,708.85,379.11,-379.08,-5444.89,-45620.96,2499.19,32189.85,-9516.72,248.31,382.55,-9268.41,-8885.86,,,
541,2516.78,5812.78,7693.91,715.64,416.5,-379.76,-5450.53,-45493.38,2476.33,32237.88,-9631.27,253.92,546.13,-9377.35,-8831.22,,,
551,2537.76,5687.82,7662.17,704.82,370.45,-355.37,-5440.72,-45519.18,2448.94,32185.48,-9609.75,254.69,282.17,-9355.05,-9072.88,,,
561,2518.96,5742.63,7690.33,706.9,381.54,-373.12,-5456.32,-45463.05,2456.37,32222.61,-9663.99,251.39,426.84,-9412.6,-8985.77,,,
571,2514.28,5781.42,7642.29,717.2,368.97,-391.28,-5448.81,-45459.33,2461,32201.53,-9652.35,253.85,387.29,-9398.5,-9011.21,,,
581,2563.09,5682.78,7651.73,705.95,411.15,-382.22,-5449.76,-45255.04,2438.69,32013.79,-9743.08,253.34,380.16,-9489.74,-9109.58,,,
591,2537.48,5666.69,7690.4,724.09,393.91,-361.68,-5504.96,-45448.23,2476.88,32289.76,-9685.88,252.28,464.32,-9433.61,-8969.28,,,
601,2501.12,5726.73,7701.94,690.29,386.71,-374.44,-5456.34,-45280.64,2498.57,32132.72,-9714.68,252.24,526.67,-9462.44,-8935.77,,,
611,2580.36,5667.01,7704.45,679.92,386.53,-378.21,-5535.66,-45289.76,2457.39,32080.02,-9728.65,251.71,352.05,-9476.94,-9124.9,,,
621,2495.21,5619.89,7718.79,687.7,395.29,-396.24,-5433.9,-45583.84,2472.22,32335.86,-9616.89,254.72,310.97,-9362.17,-9051.19,,,
631,2507.61,5707.45,7738.59,694.09,387.63,-408.55,-5504.92,-45532.5,2420.38,32070.32,-9484.9,251.66,80.09,-9233.24,-9153.15,,,
641,2506.98,5689.59,7694.96,705.56,383.41,-367.39,-5429.29,-45433.24,2437,32121.35,-9667.74,251.6,308.94,-9416.14,-9107.2,,,
651,2505.22,5686.05,7726.97,701.12,385.23,-386.39,-5484.04,-45402.81,2466.93,32141.58,-9585.57,246.51,339.87,-9339.06,-8999.2,,,
661,2540.89,5668.18,7627.51,684.6,397.28,-375.81,-5415.14,-45413.03,2445.56,32099.27,-9633.41,259.19,259.31,-9374.22,-9114.91,,,
671,2486.65,5706.59,7700.15,693.75,376.42,-384.7,-5428.61,-45662.78,2465.56,32113.1,-9423.47,254.66,66.12,-9168.81,-9102.69,,,
681,2565.32,5607.39,7700.88,718.55,378.51,-382.95,-5436.2,-45745.88,2524.15,32220.41,-9405.06,252.37,150.16,-9152.7,-9002.54,,,
691,2453.12,5801.3,7620.12,696.68,379.91,-377.9,-5446.83,-45701.75,2494.1,32251.51,-9522.83,253.7,170.26,-9269.13,-9098.88,,,
701,2483.45,5819.97,7670.66,687.51,424.81,-377.97,-5388.99,-45665.79,2487.58,32190.38,-9500.77,254.62,331.62,-9246.15,-8914.53,,,
711,2604.93,5716.75,7712.39,697.01,385.27,-381.81,-5493.56,-45370.29,2441.11,32088.04,-9689.75,253.44,399.85,-9436.31,-9036.46,,,
721,2460.9,5805.19,7687.99,706.51,399.01,-376.58,-5471.87,-45363.27,2486.16,32179.04,-9748.92,250.66,513.07,-9498.26,-8985.19,,,
731,2549.46,5699.64,7639.77,701.17,368.44,-389.21,-5514.99,-45554.22,2486.01,32199.83,-9604.79,252.08,185.9,-9352.71,-9166.82,,,
741,2506.87,5758.01,7678.03,693.16,390.69,-403.16,-5457.87,-45636.41,2515.63,32162.01,-9507.51,250.22,206.95,-9257.29,-9050.34,,,
751,2589.17,5784.26,7674.06,716.43,378.98,-415.77,-5378.81,-45567.38,2480.12,32223.6,-9635.33,249.54,484.65,-9385.78,-8901.13,,,
761,2480.51,5658.8,7655.24,688.26,370.2,-380.27,-5466,-45548.28,2474.02,32148.86,-9537.12,252.87,81.33,-9284.24,-9202.91,,,
771,2531.35,5780.69,7677.92,705.86,399.69,-390.09,-5476.51,-45520.51,2472.41,32221.82,-9636.52,254.06,402.63,-9382.46,-8979.83,,,
781,2614.9,5683.8,7689.76,696.36,392.09,-378.26,-5418.57,-45470.48,2439.64,32110.97,-9609.86,259.82,360.19,-9350.04,-8989.84,,,
791,2547.43,5877.47,7641.9,711.5,374.17,-415.95,-5472.96,-45618.05,2462.86,32113.44,-9456.23,254.65,221.82,-9201.59,-8979.76,,,
801,2529.02,5830.81,7608.63,695.63,389.7,-375.49,-5494.9,-45695.54,2482.6,32233,-9446.91,252.2,203.46,-9194.71,-8991.25,,,
811,2560.6,5642.49,7663.79,685.99,350.45,-431.68,-5449.97,-45674.23,2460.62,32172.78,-9421.21,252.41,-19.16,-9168.8,-9187.95,,,
821,2548.79,5723.45,7742.7,695.3,378.98,-412.42,-5484.57,-45683.47,2482.62,32222.41,-9497.49,253.11,213.8,-9244.38,-9030.59,,,
831,2500.14,5653.14,7662.73,679.11,388.98,-420.05,-5416.91,-45654.66,2481.67,32181.48,-9430.37,252.08,55.63,-9178.29,-9122.65,,,
841,2546.22,5626.06,7643.83,687.47,357.82,-392.94,-5430.52,-45455.55,2425.62,32172.05,-9638.54,256.35,180.07,-9382.19,-9202.12,,,
851,2556.03,5725.85,7690.2,697.24,384.6,-373.76,-5522.72,-45659.85,2417.21,32334.7,-9526.48,253.01,249.51,-9273.47,-9023.96,,,
861,2612.23,5846.31,7633.64,710.62,381.35,-366.2,-5470.38,-45714.13,2442.14,32205.16,-9463.64,255.91,280.73,-9207.73,-8927.01,,,
871,2570.12,5645.7,7720.48,687.46,375.26,-364.08,-5461.66,-45636.49,2483.03,32241.11,-9529.04,251.03,260.95,-9278.01,-9017.06,,,
881,2438.83,5655.27,7651.28,672.08,374.12,-386.21,-5495.92,-45325.58,2482.25,32126.04,-9686.95,256.01,192.17,-9430.94,-9238.77,,,
891,2495.35,5796.98,7685.2,673.22,386.33,-375.5,-5472.05,-45621.31,2489.19,32210.72,-9492.67,256.05,268.14,-9236.62,-8968.47,,,
901,2570.58,5761.23,7669.34,698.06,357.9,-407.56,-5445.38,-45428.5,2441.82,32110.19,-9643.81,256.63,327.67,-9387.18,-9059.5,,,
911,2546.61,5714.34,7649.02,702.67,358.6,-389.16,-5433.05,-45465.02,2473.89,32204.47,-9699.82,255.63,362.38,-9444.19,-9081.81,,,
921,2595.1,5697.64,7688.46,689.5,407.85,-367.09,-5462.28,-45553.31,2466.84,32236.83,-9576.24,254.83,399.55,-9321.41,-8921.86,,,
931,2471.43,5717.97,7638.61,713.13,370.89,-369.93,-5471.89,-45432.19,2471.05,32184.42,-9699.92,253.71,293.49,-9446.21,-9152.71,,,
941,2561.36,5651.46,7666.2,686.43,402.35,-385.29,-5518.91,-45415.58,2456.88,31950.22,-9564.17,249.93,55.12,-9314.24,-9259.12,,,
951,2530.51,5772.81,7713.45,693.39,378.03,-406.26,-5414.33,-45418.79,2404.53,32153.71,-9710.5,258.65,407.06,-9451.85,-9044.79,,,
961,2471.08,5756.74,7628.9,694.19,409.64,-356.03,-5460.98,-45438.22,2459.55,32136.01,-9641.74,254.9,300.88,-9386.84,-9085.96,,,
971,2512.63,5688.27,7713.28,692.73,399.51,-398.56,-5429.88,-45482.91,2494.94,32219.73,-9643.11,253.6,409.75,-9389.5,-8979.76,,,
981,2592.92,5742.82,7631.19,691.83,395.45,-370.63,-5368.58,-45560.68,2442.18,32062.72,-9493.53,258.61,259.22,-9234.92,-8975.7,,,
991,2518.36,5792.62,7656.96,684.74,414.37,-357.68,-5471.59,-45462.86,2473.23,32110.19,-9584.58,255.81,358.35,-9328.77,-8970.42,,,
1001,2524.96,5736.44,7601.7,698.12,383.48,-379.98,-5385.01,-45444.25,2461.08,32022.7,-9612.42,257.83,219.24,-9354.59,-9135.35,,,
1011,2623.04,5648.71,7599.44,722.37,361.1,-358.82,-5470.55,-45380.59,2453.27,32109.19,-9687.32,255.96,307.18,-9431.36,-9124.19,,,
1021,2624.43,5734.11,7658.97,710.54,404.83,-337.47,-5407.84,-45056.83,2446.41,32030.23,-9944.33,259.12,807.39,-9685.21,-8877.82,,,
1031,2523.47,5675.08,7635.36,702.33,406.33,-337.76,-5445.52,-45361.83,2408.57,32175.13,-9717.45,255.71,381.17,-9461.74,-9080.58,,,
1041,2595.18,5746.75,7615.83,698.34,387.22,-389.34,-5425.89,-45408.38,2468.08,32286.34,-9799.48,261.95,574.13,-9537.53,-8963.4,,,
1051,2488.31,5627.9,7596.68,698.55,382.92,-374.94,-5428.81,-45428.65,2467.68,32265.22,-9778.26,258.03,294.85,-9520.24,-9225.38,,,
1061,2524.94,5679.45,7658.8,703.21,387.04,-370.13,-5392.19,-45609.54,2472.56,32261.53,-9634.75,255.45,315.68,-9379.3,-9063.62,,,
1071,2512.26,5731.72,7680.74,677.77,399.07,-365.98,-5509.75,-45305.66,2461.93,32114.88,-9750.52,254.82,396.97,-9495.71,-9098.74,,,
1081,2551.71,5640.94,7670.5,686.56,350.14,-370.48,-5466.03,-45746.29,2470.46,32206.7,-9443.61,252.82,-5.8,-9190.8,-9196.59,,,
1091,2508.99,5753.52,7660.55,703.23,391.84,-394.75,-5456.3,-45399.73,2451.82,32180.69,-9697.6,257.19,399.86,-9440.41,-9040.54,,,
1101,2545.24,5819.45,7589.71,725.16,365.86,-377.91,-5434.29,-45498.67,2467.2,32206.28,-9617.76,255.43,408.03,-9362.34,-8954.3,,,
1111,2614.07,5722.02,7704.99,696.38,389.35,-412.19,-5449.65,-45511.02,2458.45,32041.34,-9548.35,254.53,253.75,-9293.82,-9040.07,,,
1121,2477,5590.17,7628.15,694.89,391.28,-384.04,-5464.2,-45461.07,2487.67,32349.73,-9754.28,250.54,309.57,-9503.73,-9194.16,,,
1131,2549.97,5651.81,7601.89,685.29,382.83,-390.85,-5452.15,-45497.98,2455.68,32189.53,-9590.84,254.76,176.03,-9336.07,-9160.05,,,
1141,2476.68,5801.58,7681.12,717.06,377.77,-377.71,-5441.4,-45364.65,2489.86,32293.29,-9796.51,258.95,653.62,-9537.56,-8883.95,,,
1151,2514.83,5797.72,7619.32,683.58,386.52,-378.49,-5452.63,-45418.4,2465.9,32067.86,-9615.97,254.21,286.22,-9361.75,-9075.53,,,
1161,2569.85,5820.07,7664,699.69,390.31,-374.59,-5436.95,-45374.21,2461.09,32135.86,-9783.35,251.98,555.11,-9531.37,-8976.26,,,
1171,2538.13,5658.35,7647,688.77,384.63,-377.83,-5353.87,-45529.88,2469.92,32223.49,-9680.46,259.44,348.72,-9421.02,-9072.3,,,
1181,2523.19,5665.76,7655,684.69,404,-368.25,-5404.58,-45428.24,2444.48,32127.41,-9633.44,254.12,303.47,-9379.32,-9075.84,,,
1191,2510.11,5747.96,7652.71,701.32,383.63,-390.34,-5430.5,-45725.27,2484.89,32243.28,-9485.1,253.91,177.79,-9231.19,-9053.41,,,
1201,2496.11,5726.33,7642.37,705.26,382.77,-358.72,-5465.55,-45506.6,2477.69,32238.04,-9663.3,255.76,337.69,-9407.54,-9069.85,,,
1211,2545.18,5638.2,7678.02,688.6,371.06,-371.82,-5426.3,-45581.38,2468.84,32217.71,-9581.92,254.35,228.12,-9327.57,-9099.45,,,
1221,2542.41,5717.72,7598.32,697.07,373.73,-350.83,-5446.71,-45281.76,2482.84,32153.55,-9767.55,259.93,486.34,-9507.62,-9021.28,,,
1231,2537.01,5750.85,7612.16,710.91,389.52,-367.46,-5439,-45701.31,2490.22,32178.86,-9411.07,254.09,161.77,-9156.98,-8995.21,,,
1241,2592.89,5620.42,7658.13,673.8,366.53,-340.67,-5376.27,-45886.26,2502.49,32240.32,-9342.45,251.8,51.38,-9090.65,-9039.27,,,
1251,2531.89,5675.28,7641.83,705.04,372.62,-362.26,-5348.69,-45615.26,2464.79,32189.29,-9631.13,260.03,254.52,-9371.1,-9116.57,,,
1261,2525.39,5793.29,7621.03,695.99,372.23,-387.97,-5434.9,-45458.98,2499.21,32106.47,-9602.59,254.24,331.76,-9348.35,-9016.59,,,
1271,2486.27,5672.69,7706.6,686.1,390.4,-379.14,-5452.7,-45537.56,2498.37,32244.44,-9619.47,253.55,315.47,-9365.92,-9050.45,,,
1281,2594.63,5661.73,7682.25,685.66,384.2,-385.76,-5401.5,-45551.21,2436.13,32245.24,-9658.81,258.38,351.37,-9400.44,-9049.07,,,
1291,2584.75,5767.76,7629.76,717.18,394.22,-372.1,-5379.36,-45686.75,2456.39,32227.83,-9562.87,258.65,339.69,-9304.22,-8964.53,,,
1301,2513.49,5676.94,7633.35,685.27,375.52,-361.63,-5406.94,-45690.84,2500.56,32191.15,-9458.5,253.25,116.88,-9205.26,-9088.38,,,
1311,2522.97,5789.48,7681.95,702.81,380.76,-392.85,-5397.08,-45500.29,2456.46,32221.02,-9730.14,256.61,465.24,-9473.53,-9008.29,,,
1321,2532.54,5804.8,7650.23,686.82,372.98,-393.36,-5403.65,-45436.21,2458.6,32194.94,-9736.96,258.38,467.68,-9478.58,-9010.9,,,
1331,2608.37,5573.83,7670.32,701.82,382.07,-395.55,-5408.47,-45432.91,2456.38,32122.07,-9687.2,259.73,277.93,-9427.47,-9149.54,,,
1341,2495.07,5794.9,7691.27,684.2,377.98,-365.09,-5409.66,-45675.55,2493.69,32253.02,-9596.57,256.55,339.82,-9340.01,-9000.19,,,
1351,2501.13,5739.71,7638.36,705.34,386.27,-339.62,-5489.01,-45404.94,2481.21,32195.53,-9712.29,251.09,413.97,-9461.2,-9047.24,,,
1361,2540.01,5688.68,7637.29,690.6,386.9,-350.9,-5457.43,-45376.17,2455.43,32204.68,-9728.53,253.1,419.09,-9475.43,-9056.35,,,
1371,2532.8,5657.28,7679.62,682.39,396.42,-329.12,-5468.28,-45746.25,2435.44,32270.29,-9516.96,249.15,110.6,-9267.81,-9157.21,,,
1381,2565.68,5674.57,7681.26,691.08,381.74,-378.68,-5514.65,-45476.79,2486.47,32162.18,-9576.95,252.5,272.86,-9324.45,-9051.59,,,
1391,2502.29,5718.31,7634.88,690.71,358.45,-371.7,-5473.5,-45410.54,2479.96,32266.09,-9767.85,251.97,394.95,-9515.88,-9120.93,,,
1401,2605.02,5667.98,7686.06,686.71,391.27,-376.59,-5439.96,-45252.5,2429.4,32039.63,-9794.24,251.94,437.01,-9542.29,-9105.28,,,
1411,2545.86,5680.03,7651.21,693.79,384.28,-404.71,-5483.61,-45458.35,2474.7,32162.4,-9649.55,252.46,245.6,-9397.09,-9151.49,,,
1421,2595.66,5802.75,7606.65,684.11,394.01,-359.71,-5481.09,-45570.45,2455.01,32242.45,-9589.21,254.69,369.39,-9334.51,-8965.12,,,
1431,2560,5641.58,7673.89,691.93,397.88,-385.3,-5439.81,-45695.73,2466.73,32331.34,-9592.4,254.37,242.5,-9338.03,-9095.53,,,
1441,2545.61,5686.6,7657.35,686.26,372.57,-396.4,-5444.72,-45501.95,2428.77,32200.47,-9617.89,254.5,234.55,-9363.4,-9128.85,,,
1451,2561.74,5683.8,7651.59,677.29,384.42,-391.42,-5437.76,-45550.99,2508.54,32180.15,-9625.74,252.35,267.34,-9373.4,-9106.06,,,
1461,2554.68,5760.22,7682.32,710.04,395.04,-401.48,-5466.14,-45632.6,2508.25,32288.87,-9635.39,253.82,399.2,-9381.58,-8982.37,,,
1471,2552.82,5672.79,7635.34,708.22,397.88,-375.72,-5414.9,-45478.55,2467.11,32145.03,-9731.99,252.75,310.03,-9479.24,-9169.21,,,
1481,2564.03,5647.32,7697.23,709.26,394.96,-403.88,-5453.93,-45377.57,2489.99,32114.54,-9717.95,255.28,381.96,-9462.67,-9080.71,,,
1491,2560.56,5741.49,7715,706.48,401.91,-419.1,-5488.68,-45717.63,2478.82,32236.11,-9491.31,248.03,214.98,-9243.28,-9028.3,,,
1501,2505.7,5758.66,7667.18,710.57,369.8,-369.98,-5461.14,-45876.58,2502.42,32390.92,-9474.39,252.7,197.54,-9221.69,-9024.15,,,
1511,2593.59,5649.89,7650.96,675.47,371.08,-377.72,-5459.54,-45688,2518.61,32184.82,-9478.79,246.41,119.18,-9232.38,-9113.2,,,
1521,2560.51,5725.84,7625.33,684.57,379.96,-357.81,-5456.75,-45682.3,2491.92,32328.69,-9626.42,248.13,299.96,-9378.29,-9078.33,,,
1531,2491.21,5743.99,7674.04,694.32,397.34,-398.45,-5479.28,-45657.78,2480.55,32294.29,-9589.07,251.77,240.24,-9337.3,-9097.06,,,
1541,2512.25,5731.66,7680.74,703.73,387.41,-375.11,-5428.01,-45536.73,2492.74,32359.75,-9792.98,254.13,528.44,-9538.85,-9010.42,,,
1551,2663.12,5773.45,7711.01,705.27,396.05,-389.39,-5411.39,-45695.74,2431.75,32250.72,-9537.2,253.77,434.85,-9283.43,-8848.59,,,
1561,2552.98,5798.85,7710.08,699.04,378.85,-388.05,-5448.63,-45645.82,2459.91,32262.29,-9664.12,251.53,379.51,-9412.59,-9033.08,,,
1571,2485.7,5677.08,7621.44,706.76,389.05,-394.1,-5475.65,-45579.66,2470.11,32355.04,-9683.49,251.27,255.77,-9432.22,-9176.46,,,
1581,2547.53,5738.88,7662.86,684.02,390.48,-376.75,-5456.56,-45544.4,2494.81,32284.93,-9706.23,248.02,425.8,-9458.21,-9032.41,,,
1591,2475.22,5714.45,7663.82,711.04,368,-396.24,-5493.92,-45542.33,2483.9,32297.34,-9706.74,250.58,281.27,-9456.16,-9174.88,,,
1601,2575.86,5822.13,7705.19,717.48,352.8,-385.98,-5445.66,-45377.8,2431.98,32224.69,-9800.58,254.59,620.7,-9546,-8925.29,,,
1611,2553.27,5611.07,7706.61,696.53,395.01,-364.58,-5443,-45515.38,2481.96,32219.07,-9683.46,252.72,340.56,-9430.74,-9090.18,,,
1621,2575.95,5680.75,7673.22,684.25,404.37,-372.41,-5444.58,-45490.91,2473.51,32067.53,-9628.71,253.17,251.68,-9375.54,-9123.86,,,
1631,2564.82,5704.93,7719.89,673.7,383.76,-407.75,-5470.54,-45350.69,2481.23,32246.96,-9855.17,251.47,546.3,-9603.7,-9057.4,,,
1641,2526.13,5659.3,7636.69,695.92,368.78,-346.65,-5474.73,-45365.68,2455.04,32274.04,-9755.83,252.49,428.85,-9503.34,-9074.5,,,
1651,2476.36,5686.84,7685.51,678.36,367.82,-418.83,-5507.16,-45543.7,2499.96,32343.03,-9681.14,252.36,268.19,-9428.78,-9160.59,,,
1661,2522.69,5617.46,7684.1,698.06,402.65,-368.12,-5516.72,-45524.97,2465.88,32348.93,-9656.54,250.37,329.97,-9406.16,-9076.2,,,
1671,2626.15,5712.23,7678.05,676.42,395.93,-401.56,-5438.67,-45560.13,2438.96,32107.02,-9620.15,250.2,234.4,-9369.95,-9135.56,,,
1681,2511.22,5719.26,7654.45,701.85,373.28,-389.62,-5419.81,-45497.45,2493.81,32275.01,-9707.03,254.76,422,-9452.28,-9030.27,,,
1691,2534.63,5637.02,7724.14,673.86,389.69,-359.51,-5500.44,-45627.24,2489.72,32335.74,-9561.5,251.37,297.61,-9310.14,-9012.52,,,
1701,2525.35,5716.87,7661.96,675.54,381.26,-394.98,-5441.62,-45502.65,2481.48,32261.3,-9686.8,252.95,364.5,-9433.86,-9069.36,,,
1711,2633.07,5676.23,7685.9,690.82,389,-384.05,-5494.84,-45447.68,2483.84,32262.69,-9739.08,254.89,494.98,-9484.19,-8989.21,,,
1721,2594.92,5682.67,7632.5,704.33,400.15,-361.91,-5423.85,-45603.53,2462.25,32359.58,-9695.52,256.32,447.12,-9439.2,-8992.08,,,
1731,2493.33,5658.01,7685.74,679.86,371.27,-366.83,-5428.57,-45580.47,2482.42,32290.31,-9648.09,255.81,285.05,-9392.28,-9107.23,,,
1741,2574.68,5740.03,7625.14,698.01,400.1,-403.22,-5498.21,-45484.95,2488.45,32295.42,-9700.29,255.73,435.45,-9444.56,-9009.11,,,
1751,2485.11,5722.06,7658.84,704.4,389.2,-371.79,-5471.9,-45579.54,2500.65,32293.57,-9642.58,258.75,330.61,-9383.83,-9053.21,,,
1761,2484.83,5624.16,7656.19,675.58,403.5,-353.06,-5445.34,-45796.77,2491.71,32230.15,-9479.61,251.56,-29.04,-9228.05,-9257.09,,,
1771,2500.79,5582.76,7704.65,703.42,378.84,-383.02,-5408.71,-45707.56,2495.28,32331.05,-9530.46,247.98,197.49,-9282.48,-9084.99,,,
1781,2461.6,5808.6,7676.81,706.18,378.5,-366,-5464.74,-45860.52,2486.52,32267.29,-9358.44,248.65,94.25,-9109.79,-9015.54,,,
1791,2513.09,5726.04,7654.61,695.5,397.72,-393.43,-5484.72,-45870.17,2463.06,32198.34,-9280.93,247.16,-99.95,-9033.76,-9133.72,,,
1801,2556.33,5714.29,7696.05,688.63,380.97,-373.53,-5451.51,-45705.32,2465.79,32212.93,-9457.59,252.45,184.62,-9205.14,-9020.52,,,
1811,2522,5673.43,7705.81,693.89,387.21,-390.26,-5491.44,-45584.74,2468.18,32236.49,-9576.67,248.07,220.57,-9328.61,-9108.04,,,
1821,2496.58,5641.82,7688.39,671.27,391.16,-364.39,-5458.94,-45474.4,2460.7,32121.52,-9615.42,251.7,173.71,-9363.72,-9190.01,,,
1831,2577.49,5769.66,7676.81,692.7,384.22,-403.15,-5440.63,-45501.55,2425.12,32057.95,-9484.59,248.08,238.63,-9236.52,-8997.89,,,
1841,2537.18,5740.99,7637.03,710.44,396.48,-344.57,-5505.84,-45456.22,2443,32129.9,-9598.15,248.78,288.38,-9349.37,-9061,,,
1851,2583.55,5731.22,7692.77,702.25,411.37,-393.38,-5580.27,-45112.74,2476.89,32109.87,-9897.15,250.47,621.54,-9646.68,-9025.14,,,
1861,2534.88,5747.15,7645.08,699.54,395.43,-368.73,-5448.41,-45281.87,2517.81,32008.39,-9704.97,253.4,449.26,-9451.57,-9002.32,,,
1871,2531.99,5676.87,7674.98,696.7,384.96,-376.82,-5499.66,-45364.11,2469.54,32272.65,-9771.88,253.72,467.11,-9518.15,-9051.04,,,
1881,2512.64,5633.2,7630.61,704.1,364.08,-338.24,-5430.2,-45183.63,2464.9,32061.12,-9783.84,255.85,418.58,-9528,-9109.42,,,
1891,2482.69,5682.61,7664.59,696.65,389.55,-371.62,-5444.81,-45606.54,2502.99,32328.74,-9576.55,251.26,324.86,-9325.29,-9000.43,,,
1901,2530.66,5679.1,7592.7,690.42,366.29,-353.81,-5481.43,-45346.56,2414.98,32025.25,-9673.37,252.08,117.6,-9421.29,-9303.69,,,
1911,2530.17,5755.88,7622.73,710.98,383.11,-390.47,-5403.82,-45432.65,2499.76,32165.44,-9652.2,256.76,441.13,-9395.45,-8954.31,,,
1921,2593.3,5736.79,7635.03,690.5,380.42,-363.12,-5479.5,-45383.59,2471.25,32114.02,-9713.31,254.9,395.1,-9458.41,-9063.31,,,
1931,2570.61,5721.15,7712.44,691.75,376.96,-379.53,-5497.04,-45403.48,2472.6,32134.07,-9663.6,248.39,399.53,-9415.21,-9015.67,,,
1941,2559.83,5704.19,7672.1,701.41,375.52,-401.99,-5443.45,-45426.24,2425,32075.54,-9615.25,252.71,241.9,-9362.55,-9120.64,,,
1951,2628.51,5659.41,7690.99,695.08,379.12,-370.01,-5476.77,-45269.42,2482.92,32143.11,-9763.52,252.51,562.94,-9511.01,-8948.07,,,
1961,2546.29,5648.4,7656.7,680.98,383.46,-385.41,-5513.32,-45302.53,2429.55,32061.07,-9720.25,252,205.19,-9468.25,-9263.06,,,
1971,2545.7,5629.95,7640.91,677.94,377.25,-369.56,-5466.3,-45297.67,2469.64,32230.02,-9795.59,252.69,437.89,-9542.89,-9105.01,,,
1981,2533.01,5784.63,7687.05,671.78,396.2,-391.4,-5428.48,-45604.68,2504.33,32186.78,-9537.63,252.79,339.22,-9284.84,-8945.61,,,
1991,2524.47,5778.03,7648.69,700.27,400.43,-384.79,-5457.84,-45319.5,2485.51,32143.88,-9770.31,251.3,519.16,-9519,-8999.84,,,
2001,2516.9,5819.28,7612.1,699.89,371.57,-364.68,-5457.77,-45265.49,2428.15,32103.24,-9762.24,252.6,463.19,-9509.64,-9046.45,,,
2011,2549.91,5698.36,7644.61,694.53,402.86,-378.57,-5484.88,-45326.91,2449.29,32176.79,-9761.27,255.58,426,-9505.69,-9079.69,,,
2021,2574.44,5590.73,7681.04,701.05,371.36,-398.81,-5444.03,-45219.39,2465.61,32272.83,-9915.04,257.13,594.82,-9657.91,-9063.09,,,
2031,2554.93,5639.78,7667.93,704,365.31,-389.86,-5462.68,-45352.37,2471.75,32230.4,-9783.72,251.92,429.19,-9531.8,-9102.61,,,
2041,2522.51,5689.29,7636.6,688.21,391.16,-394.61,-5428.64,-45500.8,2434.33,32176.32,-9654.37,252.11,214.36,-9402.26,-9187.91,,,
2051,2591.01,5748.93,7668.17,707.32,386.03,-394.64,-5361.46,-45557.67,2448.65,32053.47,-9567.28,257.31,289.81,-9309.97,-9020.16,,,
2061,2603.5,5671.2,7630.42,699.26,373.12,-366.69,-5405.74,-45636.91,2450.62,32199.26,-9560.74,258.02,218.04,-9302.72,-9084.68,,,
2071,2557.51,5730.1,7654.29,698.9,371.06,-403.24,-5433.2,-45487.91,2458.41,32123.03,-9544.07,254.51,268.94,-9289.56,-9020.62,,,
2081,2474.14,5745.27,7663.05,696.09,396.04,-398.29,-5458.83,-45446.44,2489.91,32144,-9628.55,252.34,304.95,-9376.21,-9071.26,,,
2091,2524.36,5651.66,7652.92,681.8,384.49,-393.87,-5479.88,-45577.88,2490.91,32367.82,-9633.91,250.94,302.33,-9382.97,-9080.64,,,
2101,2545.16,5716.48,7637.04,677.8,361.07,-384.25,-5474.83,-45514.88,2445.64,32213.91,-9631.6,255.52,223.16,-9376.08,-9152.92,,,
2111,2593.31,5659.29,7645.59,698.53,386.67,-399.98,-5411.96,-45753.2,2448.55,32360.54,-9535.16,257.21,227.35,-9277.95,-9050.59,,,
2121,2559.3,5661.85,7678.29,702.88,369.21,-396.88,-5391.97,-45666.1,2499.74,32228,-9539,257.16,244.31,-9281.84,-9037.52,,,
2131,2495.67,5759.69,7728.52,711.44,390.16,-402.03,-5466.53,-45510.51,2464.67,32207.47,-9622.39,252.19,378.54,-9370.2,-8991.67,,,
2141,2553.6,5612.29,7668.37,692.25,398.17,-403.14,-5392.63,-45300.72,2478.54,32170.58,-9838.68,257.26,477.31,-9581.42,-9104.12,,,
2151,2559.65,5692.79,7652.19,687.5,380.26,-374.84,-5436.85,-45382.21,2467.23,32239.33,-9834.73,254.4,485.04,-9580.33,-9095.29,,,
2161,2500.44,5700.33,7663.63,688.22,383.03,-395.92,-5484.89,-45568.67,2455.94,32141.76,-9505.93,252.37,83.87,-9253.56,-9169.68,,,
2171,2566.48,5611.57,7660.44,673.8,391.12,-380.1,-5441.33,-45530.25,2446.24,32138.21,-9559.02,255.86,136.18,-9303.16,-9166.98,,,
2181,2522.76,5663.95,7674.69,683.68,357.36,-356.1,-5440.81,-45623.76,2471.73,32210.91,-9540.32,253.75,164.41,-9286.56,-9122.15,,,
2191,2585.01,5751.44,7722.95,705.81,382.71,-366.12,-5460.05,-45533.26,2460.66,32011.73,-9459.93,248.46,260.89,-9211.47,-8950.58,,,
2201,2552.44,5747.64,7643.78,710.75,384.48,-400.45,-5489.78,-45584.08,2454.85,32123.67,-9478.92,257.46,143.29,-9221.47,-9078.18,,,
2211,2570.67,5688.4,7684.46,715.41,420.53,-345.47,-5492.15,-45789.75,2476.11,32099.51,-9287.96,251.55,27.71,-9036.41,-9008.7,,,
2221,2543.73,5695.3,7664.52,690.39,394.89,-407.08,-5443.59,-45777.46,2457.47,32152.88,-9371.84,252.86,-28.93,-9118.99,-9147.92,,,
2231,2521.49,5704.3,7673.72,699.94,379.94,-375.65,-5419.67,-45721.85,2463.99,32153.28,-9445.84,255.21,79.49,-9190.64,-9111.14,,,
2241,2542.58,5748.23,7675.87,706.1,401.83,-375.81,-5445.75,-45571.93,2492.6,32192.24,-9555.31,260.26,365.96,-9295.05,-8929.09,,,
2251,2499.66,5638.95,7654.53,675.2,389.88,-382.66,-5456.75,-45657.61,2495.57,32284.16,-9558.17,257.8,140.93,-9300.38,-9159.45,,,
2261,2598.83,5696.46,7621.45,686.17,386.58,-371.38,-5489.27,-45461.54,2431.94,32119.65,-9643.03,256.2,218.89,-9386.84,-9167.94,,,
2271,2552.88,5585.02,7733.65,685.78,376.81,-385.71,-5441.32,-45574.37,2494.81,32191.92,-9555.56,252.36,219.46,-9303.2,-9083.74,,,
2281,2547.29,5726.09,7685.86,697.5,386.55,-404.96,-5426.79,-45664.45,2514.09,32269.88,-9579.79,255.36,331.06,-9324.42,-8993.37,,,
2291,2557.82,5736.16,7661.04,711.61,380.09,-397.7,-5503.05,-45413.78,2440.13,32123.84,-9656.17,253.96,296.18,-9402.21,-9106.03,,,
2301,2496.36,5696.67,7700.49,691.54,379.63,-377.46,-5446.14,-45483.6,2482.78,32216.26,-9634.91,253.57,356.53,-9381.35,-9024.81,,,
2311,2544.5,5586.38,7668.3,676.5,389.72,-392.11,-5421.38,-45420.77,2454.76,32165.36,-9675.86,255.65,251.27,-9420.22,-9168.95,,,
2321,2562.24,5691.68,7604.06,701.22,395.12,-362.49,-5510.8,-45544.32,2435.42,32121.57,-9550.47,253.9,93.7,-9296.56,-9202.86,,,
2331,2583.09,5735.45,7638.96,701.16,366.04,-363.33,-5434.14,-45722.03,2472.39,32262.22,-9449.95,247.2,239.81,-9202.75,-8962.94,,,
2341,2538.7,5667.93,7682.36,695.36,374.42,-394.28,-5410.45,-45624.52,2488.95,32217.53,-9523.93,257.28,235.99,-9266.64,-9030.66,,,
2351,2538.72,5651.2,7665.64,701.49,390.51,-413.35,-5435.34,-45535.06,2439.46,32275.01,-9663.73,258.35,278.27,-9405.38,-9127.11,,,
2361,2467.13,5791.73,7686.83,703.99,365.25,-380.99,-5447.53,-45697.61,2506.57,32197.38,-9469.32,251.7,192.77,-9217.62,-9024.85,,,
2371,2557.06,5698.64,7638.88,685.96,362.79,-390.43,-5492.95,-45500.73,2458.4,32153.06,-9559.69,253.33,170.69,-9306.35,-9135.67,,,
2381,2564.71,5691.17,7620.2,682.66,385.95,-382.92,-5482.45,-45683.04,2470.05,32237.03,-9456.51,251.38,103.37,-9205.13,-9101.76,,,
2391,2541.78,5661.19,7663.22,695.02,402.72,-395.09,-5442.82,-45815.34,2491.17,32214.99,-9371.25,250.93,16.86,-9120.32,-9103.47,,,
2401,2589.77,5652.52,7684.6,688.4,416.51,-382,-5505.6,-45457.54,2455.47,32095.85,-9568.85,255.02,237.98,-9313.83,-9075.85,,,
2411,2504.53,5665.45,7663.25,706.68,388.04,-337.95,-5393.64,-45554.52,2479.18,32215.11,-9594.07,252.01,336.14,-9342.07,-9005.93,,,
2421,2517.89,5656.44,7639.84,701.36,370.06,-349.8,-5430.73,-45732.33,2486.57,32339.18,-9515.31,251.1,198.48,-9264.21,-9065.73,,,
2431,2562.82,5750.59,7649.15,712.05,397.67,-388.23,-5366.54,-45575.68,2503.46,32251.79,-9652.56,250.75,497.08,-9401.81,-8904.73,,,
2441,2489.66,5807.06,7651.87,719.63,370.48,-351.77,-5462.61,-45681.35,2436.37,32245.81,-9530.02,248.13,225.15,-9281.89,-9056.74,,,
2451,2508.61,5759.2,7615.18,693.9,355.07,-381.61,-5357.38,-45641,2510.96,32195.66,-9562.17,253.08,258.59,-9309.09,-9050.5,,,
2461,2600.03,5733.22,7654.97,700.58,361.85,-361.7,-5427.55,-45473.52,2478.37,32233.91,-9714.42,255.21,500.15,-9459.21,-8959.06,,,
2471,2553.89,5698.34,7668.44,684.9,369.21,-343.84,-5487.24,-45613.77,2476.15,32196.65,-9516.3,252.89,202.71,-9263.41,-9060.7,,,
2481,2558.73,5746.65,7697.77,710.42,402.54,-380.13,-5437.37,-45742.64,2496.46,32156.51,-9412.28,252.24,208.93,-9160.04,-8951.11,,,
2491,2567.46,5619.15,7714,707.78,376.72,-399.44,-5498.91,-45595.47,2444.12,32251.98,-9592.66,252.35,187.39,-9340.32,-9152.93,,,
2501,2566.4,5707.88,7630.74,686.93,375.94,-367.46,-5513.18,-45695.69,2425.99,32225.25,-9470.35,248.94,42.81,-9221.41,-9178.6,,,
2511,2484.98,5618.49,7684.46,670.48,399.85,-358.73,-5477.67,-45721.56,2469.82,32186.24,-9425.55,250.87,-43.66,-9174.69,-9218.34,,,
2521,2508.52,5736.85,7614.05,689.09,384.02,-369.43,-5487.74,-45827.71,2427.77,32256.24,-9409.75,252.08,-68.36,-9157.67,-9226.03,,,
2531,2522.27,5715.79,7626.2,699.28,376.92,-383.67,-5421.96,-45708.18,2494.67,32235.83,-9510.23,252.68,157.17,-9257.55,-9100.38,,,
2541,2590.44,5615.6,7638.37,675.52,383.04,-332.91,-5446.34,-45843.25,2491,32197.34,-9410.62,252.95,-31.2,-9157.67,-9188.87,,,
2551,2520.58,5695.36,7592.51,699,375.72,-354.69,-5502.74,-45627.49,2479.62,32279.97,-9553.75,251.42,157.84,-9302.33,-9144.48,,,
2561,2576.4,5837.63,7622.83,703.45,383.8,-363.62,-5462.26,-45385.74,2473.97,32068.17,-9634.82,250.39,454.64,-9384.44,-8929.79,,,
2571,2550.78,5676.63,7641.85,693.01,383.14,-357.67,-5481.51,-45676.96,2473.09,32218.88,-9503.75,251.99,121.26,-9251.77,-9130.51,,,
2581,2487.25,5662.47,7644.31,693.5,380.87,-347.44,-5423.36,-45564.29,2497.53,32215.25,-9545.14,250.57,246.08,-9294.57,-9048.48,,,
2591,2467.3,5653.31,7650.53,692.22,387.08,-388.97,-5474.46,-45459.07,2511.07,32089.8,-9576.37,250.8,128.81,-9325.57,-9196.76,,,
2601,2553.05,5720.09,7643.44,690.18,382.75,-387.89,-5414.94,-45466.27,2439.44,32081.82,-9656.96,259.64,241.69,-9397.33,-9155.64,,,
2611,2571.59,5691.15,7708.37,713.11,383.58,-374.78,-5448.56,-45720.41,2460.69,32247.94,-9510.52,255.02,232.68,-9255.5,-9022.83,,,
2621,2594.9,5708.19,7671.56,701.76,379.42,-367.34,-5447.74,-45254.58,2457.68,32003.41,-9736.3,249.84,447.26,-9486.45,-9039.19,,,
2631,2588.75,5823.3,7647.55,700.03,367.4,-386.11,-5456.77,-45666.6,2497.67,32126.8,-9439.05,248.27,242.01,-9190.77,-8948.76,,,
2641,2583.44,5794.03,7668.76,704.37,401.08,-424.09,-5457.39,-45445.11,2437.31,32180.6,-9686.93,255.39,443.01,-9431.54,-8988.53,,,
2651,2628.66,5706.65,7664.06,696.81,369.93,-361,-5449.29,-45489.26,2492.36,32100.85,-9621.75,252.27,359.78,-9369.48,-9009.7,,,
2661,2611.52,5652.16,7642.17,691.92,374.92,-380.58,-5461.5,-45618.83,2419.5,32131.79,-9542.33,252.06,63.07,-9290.27,-9227.2,,,
2671,2517.7,5602.18,7695.44,682.8,378.22,-390.7,-5435.46,-45713.26,2474.47,32226.75,-9474.41,249.1,38.13,-9225.31,-9187.17,,,
2681,2476.27,5633.62,7688.78,709.77,380.94,-389.81,-5497.45,-45592.17,2556.7,32178.63,-9525.63,250.28,145.28,-9275.35,-9130.06,,,
2691,2484.25,5792.09,7668.41,700.67,400.64,-401.05,-5493.01,-45297.78,2484.04,32008.15,-9713.5,255.95,346.41,-9457.55,-9111.14,,,
2701,2550.64,5777.22,7653.14,718.59,372.04,-348.96,-5446.59,-45595.39,2433.92,32115.07,-9459.16,252.41,229.69,-9206.75,-8977.05,,,
2711,2506.71,5774.37,7587.37,699.55,397.66,-350.7,-5420.43,-45781.4,2448.1,32136.03,-9351.95,251.66,-2.73,-9100.29,-9103.02,,,
2721,2542.67,5703.76,7684.98,690.58,401.76,-413.55,-5453.63,-45422.78,2459.03,32106.23,-9653.5,253.71,299.06,-9399.79,-9100.73,,,
2731,2527.98,5700.15,7663.34,684.28,402.14,-396.16,-5446.13,-45583.2,2494.01,32197.22,-9608.86,256.44,243.64,-9352.42,-9108.79,,,
2741,2503.32,5634.24,7641.07,677.61,371.8,-386.24,-5428.07,-45725.65,2519.64,32261.23,-9447.35,252.1,68.96,-9195.25,-9126.29,,,
2751,2507.53,5780.61,7678.91,704.95,387.38,-368.84,-5533.78,-45566.81,2461.43,32156.48,-9562.62,251.16,207.88,-9311.46,-9103.58,,,
2761,2510.53,5739.7,7664.62,684.74,380.67,-370.46,-5455.68,-45379.08,2488.2,32019.23,-9656.65,254.53,282.46,-9402.12,-9119.66,,,
2771,2565.76,5660.51,7612.67,687.21,372.47,-379.65,-5436.71,-45474.09,2461.74,32203.08,-9645.11,248.82,272.98,-9396.29,-9123.31,,,
2781,2458.42,5710.49,7673.44,696.06,358.31,-384.95,-5512.08,-45478.31,2464.09,32159.85,-9603.18,253.08,145.32,-9350.1,-9204.78,,,
2791,2498.97,5677.18,7622.3,695.07,389.72,-353.84,-5475.97,-45460.57,2495.15,32335.2,-9707.53,249.31,423.2,-9458.22,-9035.02,,,
2801,2529.37,5687.18,7620.94,718,366.26,-356.21,-5515.34,-45528.33,2520.05,32241.33,-9622.46,250.23,283.25,-9372.23,-9088.98,,,
2811,2561.72,5614.9,7688.8,692.01,373.64,-382.8,-5496.1,-45422.09,2490.64,32148.66,-9658.85,252.8,269.4,-9406.06,-9136.66,,,
2821,2557.32,5723.98,7666.01,692.67,406.69,-383.69,-5513.33,-45459.75,2455.88,32224.49,-9605.21,249.65,370.26,-9355.57,-8985.3,,,
2831,2584.46,5662.96,7670.23,674.67,380.31,-399.65,-5496.5,-45223.51,2516.1,32076.05,-9760.83,251.34,445.12,-9509.49,-9064.36,,,
2841,2571.63,5667.33,7685.78,674.05,380.15,-371.91,-5416.78,-45559.48,2490.1,32042.13,-9504.31,251.22,163.01,-9253.08,-9090.07,,,
2851,2535.62,5641.36,7653.97,678.58,378.91,-370.04,-5454.8,-45576.46,2502.5,32187.18,-9566.3,249.64,176.83,-9316.66,-9139.83,,,
2861,2548.14,5598.39,7674.59,693.52,383.26,-421.87,-5484.8,-45610.38,2463.51,32227.84,-9531.05,250.74,72.21,-9280.3,-9208.09,,,
2871,2482.18,5701,7641.96,686.39,389.48,-387.07,-5517.39,-45570.24,2494.47,32108.97,-9428.1,247.14,29.73,-9180.96,-9151.23,,,
2881,2583.34,5728.88,7652.52,691.53,389.14,-366.84,-5468.24,-45459.8,2430.38,32095.52,-9583.49,254.69,276.44,-9328.79,-9052.36,,,
2891,2547.84,5800.68,7630.68,699,385.36,-361.82,-5441.96,-45689.32,2485.76,32114.13,-9389.06,251.38,170.36,-9137.68,-8967.32,,,
2901,2533.46,5612.54,7715.33,700,389.59,-380.71,-5420.21,-45789.44,2490.13,32071.03,-9293.14,246.99,-78.29,-9046.16,-9124.45,,,
2911,2543.42,5661.84,7636.17,687.65,398.66,-355.04,-5368.48,-45631.36,2455.9,32104.48,-9501.18,252.1,133.24,-9249.08,-9115.84,,,
2921,2568.73,5754.35,7714.2,690.67,386.07,-380.65,-5448.11,-45487.18,2481.42,32181.58,-9611.38,253.38,461.1,-9357.99,-8896.9,,,
2931,2447.64,5661.57,7641.9,706.08,399.06,-389.99,-5418.05,-45631.69,2495.33,32210.34,-9542.69,253.37,122.19,-9289.32,-9167.12,,,
2941,2561.37,5694.06,7655,696.5,370.84,-370.83,-5474.06,-45621.2,2465.88,32137.32,-9479.82,247.13,114.88,-9232.68,-9117.8,,,
2951,2530.8,5570.96,7676.65,692.32,374.02,-356.02,-5435.96,-45774.54,2506.33,32298.94,-9472.69,249.55,83.49,-9223.14,-9139.65,,,
2961,2539.58,5635.36,7638.05,686.33,430.72,-379.24,-5452.45,-45522.78,2479.26,32085.55,-9534.83,251.06,140.38,-9283.77,-9143.39,,,
2971,2569.27,5683.57,7665.48,660.85,373.08,-400.16,-5460.45,-45575.6,2482.48,32158.43,-9542.53,250.22,156.94,-9292.32,-9135.38,,,
2981,2548.16,5719.82,7640.08,710.79,368.96,-374.46,-5473.94,-45631.92,2436.71,32032.67,-9430.5,250.17,-23.12,-9180.33,-9203.45,,,
2991,2544.59,5633.77,7673.92,698.96,375.41,-382.28,-5475.57,-45641.23,2454.6,32146.78,-9491.01,248.94,28.96,-9242.08,-9213.12,,,
3001,2495.47,5731.25,7665.88,691.49,372.9,-378.77,-5416.6,-45529.24,2454.88,32049.66,-9529.66,252.35,136.91,-9277.3,-9140.39,,,
3011,2489.61,5740.97,7695.24,677.8,388.17,-381.99,-5362.56,-45617.19,2527.65,32157.47,-9595.3,253.8,315.18,-9341.51,-9026.33,,,
3021,2583.32,5670.19,7679.42,700.93,390.42,-359.85,-5412.83,-45699.6,2470.22,32227.31,-9527.15,253.78,249.53,-9273.37,-9023.84,,,
3031,2596.13,5638.88,7620.19,711.66,374.79,-371.6,-5463.3,-45402.23,2419.54,32131.04,-9658.05,251.42,255.08,-9406.63,-9151.55,,,
3041,2596.72,5691.16,7659.37,708.35,383.06,-391.15,-5428.82,-45466.4,2469.99,32021.13,-9574.57,254.25,243.39,-9320.32,-9076.93,,,
3051,2474.04,5736.41,7619.5,703.21,393.93,-346.42,-5432.41,-45710.35,2464.46,32218.36,-9473.17,255.04,120.73,-9218.12,-9097.39,,,
3061,2611.51,5685.75,7676.44,714.78,379.87,-388.19,-5447.59,-45284.92,2448.18,31980.18,-9676.33,256.38,376,-9419.95,-9043.95,,,
3071,2559.63,5616.05,7653.29,685.57,400.17,-383.25,-5494.15,-45690.79,2478.94,32194.78,-9414.22,245.13,20.24,-9169.09,-9148.85,,,
3081,2566.54,5675.37,7645.87,687.22,410.76,-372.05,-5413.31,-45685.54,2463.6,32131.53,-9454.53,252.59,109.99,-9201.94,-9091.94,,,
3091,2572.14,5711.61,7633.71,693.54,378.73,-409.2,-5478.19,-45583.38,2496.61,32084.95,-9494.1,253.03,100.52,-9241.08,-9140.55,,,
3101,2514.59,5736.91,7613.79,685.56,387.02,-391.38,-5509.03,-45480.92,2459.19,32045.06,-9461.19,250.13,60.8,-9211.06,-9150.26,,,
3111,2537.28,5643.12,7612.99,699.43,376.92,-368.72,-5418.5,-45581.96,2471.72,32155.47,-9550.3,254.92,127.76,-9295.38,-9167.62,,,
3121,2554.37,5778.24,7664.25,686.97,395.23,-385.07,-5515.62,-45430.28,2468.01,31989.81,-9522.42,250.74,205.91,-9271.69,-9065.78,,,
3131,2405.66,5688.19,7644.82,685.81,390.55,-375.67,-5388.66,-45295.26,2468.19,32227.97,-9837.56,257.7,451.59,-9579.86,-9128.27,,,
3141,2563.77,5717.89,7650.87,692.88,389.28,-398.39,-5506.71,-45266.38,2489.73,32193.11,-9782.09,255.92,526.05,-9526.17,-9000.12,,,
3151,2578.12,5721.12,7655.04,694.86,381.67,-386.11,-5450.05,-45349.86,2420.94,32226.86,-9764.82,254.94,492.58,-9509.87,-9017.29,,,
3161,2633.74,5713.94,7672.3,688.44,398.04,-420.52,-5485.61,-45335.03,2465.12,32177.11,-9749.35,253.95,507.53,-9495.4,-8987.87,,,
3171,2492.77,5702.88,7656,700.41,397.45,-407.78,-5441.28,-45323.41,2461.33,32308.68,-9877.83,257.66,547.06,-9620.17,-9073.11,,,
3181,2522.31,5728.01,7638.6,701.43,379.4,-383.39,-5418.5,-45394.94,2490.32,32141.03,-9687.41,255.47,404.28,-9431.94,-9027.66,,,
3191,2524.7,5674.42,7648.12,691.15,355.9,-361.7,-5463.16,-45473.69,2518.6,32218.59,-9627.13,252.07,332.94,-9375.06,-9042.12,,,
3201,2535.58,5671.82,7616.76,694.1,363.46,-378.84,-5430.03,-45227.98,2503.17,32119.23,-9820.98,256.22,467.27,-9564.76,-9097.48,,,
3211,2595.74,5676.59,7653.97,693.6,390.88,-381.86,-5456.23,-45227.86,2501.84,31987.2,-9777.88,255.9,433.87,-9521.98,-9088.11,,,
3221,2447.8,5599.2,7682.23,680.85,374.27,-370.24,-5430.72,-45216.5,2512.55,32228.21,-9896.58,259.1,507.66,-9637.48,-9129.82,,,
3231,2534.81,5649.93,7645.14,677.47,402.99,-378.36,-5387.83,-45392.74,2496.42,32286.49,-9862.21,260.37,534.32,-9601.84,-9067.52,,,
3241,2520.41,5652.62,7692.18,687.94,362.37,-362.78,-5428.89,-45480.11,2494.69,32222.35,-9708.01,250.02,360.76,-9457.99,-9097.23,,,
3251,2538.98,5575.13,7603.35,694.69,364.89,-368.85,-5406.14,-45421.76,2471.22,32307.16,-9801.09,260.08,358.66,-9541,-9182.34,,,
3261,2543.35,5663.03,7652.12,692.3,397.19,-400.19,-5437.22,-45347.22,2446.2,32166.81,-9793.95,253.11,376.37,-9540.84,-9164.47,,,
3271,2568.97,5657.5,7639.87,685.92,405.32,-375.48,-5418.56,-45282.44,2440.64,32160.82,-9870.84,262.17,482.56,-9608.67,-9126.11,,,
3281,2544.68,5665.41,7628.83,674.57,364.55,-412.24,-5492.72,-45355.56,2481.1,32198.34,-9787.15,254.03,296.96,-9533.12,-9236.16,,,
3291,2495.12,5763.84,7642.09,671.18,351.98,-399.99,-5487.21,-45284.39,2453.98,32181.16,-9783.79,255.71,387.73,-9528.08,-9140.35,,,
3301,2565.09,5703.76,7639.19,673.31,390.81,-381.67,-5452.45,-45446.92,2489.1,32259.33,-9726.58,253.8,439.53,-9472.79,-9033.26,,,
3311,2539.83,5797.92,7616.21,706.19,391,-389.12,-5496.94,-45346.16,2455.14,32119.6,-9734.49,253.77,393.67,-9480.72,-9087.05,,,
3321,2491.58,5645.47,7620.09,678.97,379.48,-391.08,-5429.84,-45625.64,2533.47,32223.9,-9511.32,253.44,126.4,-9257.88,-9131.48,,,
3331,2560.78,5778.6,7616.43,689.1,386.85,-401.85,-5452.21,-45624.4,2511.54,32158.47,-9522.69,251.11,223.31,-9271.58,-9048.27,,,
3341,2533.14,5758.8,7653.78,698.98,380.07,-391.31,-5434.99,-45666.51,2509.28,32168.07,-9478.7,256.42,209.29,-9222.29,-9012.99,,,
3351,2556.76,5634.61,7653.24,698.16,419.27,-417.32,-5441.58,-45680.26,2453.75,32239.26,-9451.33,258.35,115.89,-9192.98,-9077.09,,,
3361,2549.07,5636.33,7679.14,688.69,406.61,-392.01,-5454.15,-45698.22,2473.66,32335.19,-9590.07,251.98,224.3,-9338.09,-9113.79,,,
3371,2532.5,5759.3,7633.09,706.15,387.63,-358.91,-5420.93,-45803.43,2468.85,32250.45,-9466.75,254.68,154.72,-9212.06,-9057.34,,,
3381,2487.58,5708.23,7619.24,689.38,369.23,-389.22,-5427.67,-45746.54,2505.11,32146.47,-9440.26,251.9,-38.19,-9188.36,-9226.56,,,
3391,2589.22,5656.68,7575.15,702.95,388.88,-426.11,-5473.9,-45645.97,2474.29,32170.73,-9496.21,253.27,11.93,-9242.94,-9231.01,,,
3401,2563.15,5750.58,7696.57,706.82,407.18,-425.94,-5418.85,-45529.67,2472.31,32185.31,-9668.71,259.4,407.47,-9409.31,-9001.85,,,
3411,2596.81,5655.73,7642.62,670.76,384.12,-367.73,-5408.26,-45401.88,2458.45,32160.93,-9731.35,257.46,391.55,-9473.89,-9082.34,,,
3421,2535.67,5751.81,7604.66,695.73,397.37,-407.08,-5411.64,-45504.54,2496.62,32221.67,-9659.5,257.18,380.27,-9402.32,-9022.05,,,
3431,2512.75,5659.1,7642.87,673.92,386.69,-387.69,-5443.76,-45509.29,2466.8,32257.38,-9694.57,256.02,258.77,-9438.55,-9179.78,,,
3441,2525.33,5793.39,7666.01,698.83,393.76,-401.23,-5390.79,-45539.01,2456.42,32058.95,-9539.12,259,261.66,-9280.12,-9018.46,,,
3451,2576.95,5766.99,7677.22,684.84,412.57,-409.03,-5426.46,-45470.63,2476.48,32118.6,-9605.15,255.11,407.53,-9350.03,-8942.5,,,
3461,2512.17,5674.44,7717.82,701.7,374.37,-396.36,-5381.1,-45380.65,2489.34,32018.37,-9619.22,259.55,330.11,-9359.66,-9029.55,,,
3471,2571.92,5735.48,7656.64,692.15,361.96,-410.44,-5426.33,-45200.33,2471.1,31923.47,-9777.87,256.48,375.62,-9521.39,-9145.77,,,
3481,2570.95,5729.64,7643.34,702.51,388.02,-386.02,-5468.64,-45551.95,2453.26,32118.37,-9557.9,255.18,199.48,-9302.72,-9103.24,,,
3491,2532.3,5680.61,7653.71,673.22,357.9,-381.59,-5402.53,-45466.49,2475.55,32197.07,-9679.66,257.4,319.76,-9422.26,-9102.51,,,
3501,2542.03,5729.86,7628.39,701.9,380.56,-417.28,-5410.55,-45219.88,2472.97,32030.8,-9760.87,259.04,438.8,-9501.83,-9063.03,,,
3511,2548.22,5631.41,7656.84,704.87,391.01,-381.47,-5414.84,-45462.9,2490.42,32193.59,-9670.21,257.82,357.16,-9412.39,-9055.23,,,
3521,2507.34,5795.78,7667.95,698.96,398.54,-419.19,-5479.55,-45345.32,2509.35,32021.46,-9599.67,251.53,355.34,-9348.14,-8992.8,,,
3531,2488.62,5774.77,7637.74,703.36,384.14,-404.66,-5352.17,-45291.37,2467.54,32092.9,-9810.1,257.83,500.87,-9552.27,-9051.4,,,
3541,2515.83,5796.46,7655.1,689.02,368.64,-392.17,-5437.52,-45080.29,2467.93,32054.97,-9895.84,256.95,637.97,-9638.89,-9000.92,,,
3551,2459.23,5745.87,7593.73,691.29,393.67,-401.73,-5417.97,-45386.27,2486.82,32100.2,-9685.91,254.13,264.83,-9431.78,-9166.95,,,
3561,2518.16,5709.67,7604.34,695.25,385.75,-391.44,-5413.12,-45323.55,2487.81,32115.13,-9777.6,256.88,387.99,-9520.72,-9132.73,,,
3571,2516.4,5735.3,7662.69,690.64,392.44,-384.12,-5457.35,-45051.41,2447.4,32059.32,-9884.28,261.7,611.31,-9622.57,-9011.26,,,
3581,2505.96,5725.29,7680.55,698.39,393.57,-350.67,-5441.46,-45118.2,2457.97,32037.57,-9836.76,260.93,588.96,-9575.83,-8986.87,,,
3591,2523.41,5652.12,7591.08,674.66,383.02,-361.04,-5358.73,-45235.63,2488.15,32008.28,-9753.18,260.94,365.32,-9492.24,-9126.92,,,
3601,2614.42,5621.83,7602.56,682.45,392.34,-387.34,-5418.08,-45322.13,2506.69,31985.16,-9676.37,260.18,277.89,-9416.19,-9138.3,,,
3611,2532.54,5730.56,7570.96,701.01,387.51,-359.52,-5424.96,-45289.12,2433.47,32064.26,-9735.48,259.42,346.72,-9476.06,-9129.34,,,
3621,2427.64,5704.34,7651.47,696.65,380.43,-396.39,-5369.46,-45388.04,2509.2,32150.14,-9690.52,259.57,365.99,-9430.95,-9064.96,,,
3631,2575.25,5736.63,7595.41,699.53,397.79,-350.02,-5464.23,-45563.69,2508.2,32080.69,-9494.18,250.82,215.55,-9243.36,-9027.81,,,
3641,2579.23,5691.18,7593.79,699.91,365.88,-378.62,-5423.28,-45374.7,2454.1,32142.83,-9662.8,255.43,350.31,-9407.36,-9057.05,,,
3651,2529.29,5848.86,7645.13,691.86,371.42,-392.08,-5433.91,-45424.5,2493.15,32046.53,-9626.43,257.25,375.76,-9369.17,-8993.41,,,
3661,2528.64,5634.85,7635.44,667.21,403.22,-392.35,-5443.67,-45232.25,2508.98,32097.79,-9773.95,254.62,407.86,-9519.32,-9111.46,,,
3671,2497.1,5815.98,7663.32,694.35,388.78,-425.2,-5387.57,-45220.58,2470.3,32030.82,-9812.48,258.5,527.3,-9553.98,-9026.68,,,
3681,2596.8,5770.45,7660.19,690.54,391.97,-395.93,-5382.97,-45244.26,2473.94,32017.19,-9809.4,263.81,577.92,-9545.6,-8967.68,,,
3691,2507.33,5670.84,7655.14,688.08,369.32,-378,-5429.73,-45269.13,2460.33,32151.83,-9764.76,254.83,426,-9509.93,-9083.93,,,
3701,2566.91,5689.2,7673.67,687.4,373.74,-380.57,-5365.6,-45456.26,2484.64,32150.84,-9691.09,262.4,423.97,-9428.69,-9004.73,,,
3711,2563.96,5753.81,7648.74,696.57,409.04,-387.6,-5395.05,-45512.54,2481.41,32172.33,-9584.38,260.48,430.65,-9323.9,-8893.25,,,
3721,2468.92,5680.37,7621.29,687.16,398.48,-421.18,-5428.91,-45481.19,2530.36,32292.47,-9698.23,259.01,347.76,-9439.22,-9091.46,,,
3731,2569.88,5668.25,7651.64,701.87,385.06,-387.07,-5419.84,-45470.26,2480.39,32115.88,-9597.06,260.7,295.8,-9336.36,-9040.55,,,
3741,2512.4,5646.74,7631.66,688.87,367.2,-386.37,-5387.31,-45228.08,2475.49,32100.31,-9810.35,260.2,420.9,-9550.15,-9129.25,,,
3751,2580.75,5703.29,7630.83,699.18,392.77,-403.55,-5376.58,-45215.36,2496.93,32178.53,-9933.18,257.89,686.8,-9675.29,-8988.49,,,
3761,2458.28,5737.97,7660.98,703.73,385.89,-380.31,-5357.89,-45216.22,2487.14,32103.93,-9896.3,263.04,583.49,-9633.26,-9049.76,,,
3771,2593.13,5683.19,7680.35,683.95,394.35,-394.69,-5442.87,-45266.42,2482.89,31994.75,-9790.34,254.22,408.63,-9536.12,-9127.49,,,
3781,2532.31,5799.47,7623.69,689.59,401.85,-366.7,-5434.04,-45346.24,2453.61,32025.67,-9712.6,254.76,379.21,-9457.84,-9078.63,,,
3791,2542.05,5780.68,7634.81,684.46,396.21,-409.76,-5414.3,-45404.33,2510.5,32033.99,-9667.24,258.49,354.31,-9408.74,-9054.43,,,
3801,2551.88,5603.52,7637.24,684.36,381.17,-390.14,-5471.43,-45575.59,2481.19,32242.35,-9595.47,252.46,144.55,-9343,-9198.45,,,
3811,2500.28,5701.07,7588.33,699.97,384.22,-375.39,-5425.42,-45433.96,2492.98,32068.63,-9621.47,255.01,200.73,-9366.46,-9165.73,,,
3821,2581.65,5738.39,7599.25,691.04,379.32,-384.39,-5374.41,-45415.27,2463.01,32170.13,-9736.99,257.12,448.74,-9479.87,-9031.14,,,
3831,2509.42,5625.6,7611.58,699.99,394.08,-384.91,-5416.48,-45404.36,2506.57,32103.98,-9667.48,256.57,245.46,-9410.91,-9165.45,,,
3841,2526.9,5692.13,7591.66,697.13,392.27,-373.41,-5428.93,-45388.93,2494.85,32096,-9647.07,251.44,299.66,-9395.63,-9095.97,,,
3851,2554.56,5588.93,7605.92,689.42,385.2,-382.69,-5420.92,-45337.71,2457.28,32033.19,-9642.97,252.57,173.18,-9390.4,-9217.22,,,
3861,2467.35,5823.46,7653.86,705.23,391.47,-377.02,-5436.62,-45173.84,2467.65,31948.04,-9796.04,258.47,469.6,-9537.58,-9067.98,,,
3871,2508.27,5793.85,7610.65,692.69,388.06,-401.23,-5419.86,-45180,2482.86,32116.42,-9886.72,261.03,591.7,-9625.69,-9033.99,,,
3881,2543.87,5651.08,7684.91,718.85,358.04,-405.14,-5469.45,-45322.07,2465.89,32055.28,-9657.46,253.82,281.26,-9403.64,-9122.38,,,
3891,2559.35,5790.05,7622.12,698.24,385.04,-366.96,-5480.01,-45202.73,2434.65,32053.65,-9841.7,258.32,493.39,-9583.38,-9089.99,,,
3901,2506.49,5750.43,7642.85,693.68,380.3,-388.75,-5453.24,-45239.26,2479.84,32045.31,-9787.39,256.65,417.64,-9530.74,-9113.1,,,
3911,2538.38,5601.63,7672.88,701.09,400.82,-391.01,-5388.91,-45162.13,2483.06,32053.7,-9900.9,260.6,509.51,-9640.3,-9130.79,,,
3921,2559.89,5723.19,7623.65,696,380.82,-393.24,-5483.37,-45298.83,2448.52,32150.06,-9753.86,253.46,406.68,-9500.4,-9093.72,,,
3931,2489.74,5685.65,7636.6,697.4,390.05,-361.19,-5425.24,-45258.09,2517.43,32058.99,-9808.13,256.7,431.33,-9551.43,-9120.1,,,
3941,2573.1,5634.61,7637.62,704.8,390.39,-391.93,-5423.83,-45237.23,2492.75,32181.32,-9840.72,258.1,561.6,-9582.62,-9021.02,,,
3951,2492.8,5710.88,7626.49,695.94,406.64,-390.52,-5391.61,-45372.37,2532.82,32153.99,-9801.81,259.79,465.06,-9542.02,-9076.96,,,
3961,2615.63,5758.32,7701.73,697.49,376.7,-390.73,-5446.6,-45076.82,2491.12,32072.65,-9957.46,261.87,799.48,-9695.58,-8896.1,,,
3971,2554.34,5726.69,7619.15,699.68,398.34,-376.91,-5352.6,-45315.97,2476.72,32192.89,-9865,261.58,622.32,-9603.43,-8981.1,,,
3981,2504.88,5712.18,7591.78,700.71,385.19,-404.12,-5403.5,-45068.43,2499.98,32152.45,-9987.23,259.78,671.13,-9727.45,-9056.32,,,
3991,2540.01,5670.79,7618.3,700.8,364.95,-397.15,-5396.45,-45186.37,2488.82,32145.39,-9924.75,262.84,549.1,-9661.91,-9112.81,,,
4001,2558.29,5690.51,7613.71,691.41,382.94,-374.39,-5404.41,-45152.99,2455.16,32063.3,-9816.86,261.88,523.53,-9554.98,-9031.45,,,
4011,2555.16,5659.16,7638.59,696.19,384.66,-381.3,-5394.58,-45228.04,2480.29,32175.35,-9888.24,258.42,585.48,-9629.83,-9044.35,,,
4021,2530.42,5687.8,7686.7,682.96,388.02,-397,-5469.59,-45160.41,2454.57,32116.71,-9877.29,259.68,520.17,-9617.61,-9097.44,,,
4031,2364.93,5660.65,7635.45,673.31,386.5,-387.23,-5414.59,-45258.25,2499.75,32208,-9806.99,254.92,368.52,-9552.06,-9183.54,,,
4041,2631.8,5707.51,7621.99,704.76,376.08,-396.51,-5438.17,-45231.41,2455.78,32164.15,-9854.27,259.44,595.98,-9594.83,-8998.85,,,
4051,2588.28,5701.08,7617.45,689.07,391.6,-355.15,-5473.1,-45014.95,2446.11,32162.03,-10039.37,257.46,752.42,-9781.91,-9029.48,,,
4061,2486.35,5673.48,7666.35,692.45,390.43,-376.75,-5438.83,-44975.68,2493.74,32066.92,-9990.21,255.32,678.46,-9734.88,-9056.43,,,
4071,2567.1,5683.27,7653.14,706.47,382.61,-351.24,-5493.86,-45038.44,2483.83,32146.6,-9978.16,255.7,739.49,-9722.45,-8982.96,,,
4081,2500.49,5757.03,7635.73,706.85,388.95,-393.72,-5478.44,-45064.69,2505.71,32081.75,-9943.06,255.92,639.64,-9687.14,-9047.5,,,
4091,2509.75,5706.6,7638.4,683.74,365.22,-384.63,-5425.12,-45297.94,2457.18,32149.15,-9731.6,254.66,402.35,-9476.94,-9074.6,,,
4101,2546.37,5682.73,7670.43,694.24,390.86,-371.59,-5395.9,-45072.34,2477.83,32062.15,-9970.35,257.76,684.77,-9712.59,-9027.81,,,
4111,2518.07,5659.17,7599,696.23,365.42,-356.64,-5453.23,-45301.44,2499.65,32170.61,-9762.2,256.58,396.85,-9505.62,-9108.77,,,
4121,2597.59,5684.53,7628.36,726.6,370.33,-356.89,-5361.6,-45147.43,2489.96,32042.11,-9918.46,256.59,673.55,-9661.87,-8988.32,,,
4131,2526.14,5718.62,7649.93,691.6,388.17,-400.53,-5418.37,-45123.34,2474.92,32006.98,-9795.98,256.98,514.12,-9538.99,-9024.87,,,
4141,2553.09,5747.93,7599.44,709.34,369.83,-402.93,-5413.01,-45209.41,2480.72,31954.57,-9814.02,260.12,389.58,-9553.91,-9164.33,,,
4151,2561.88,5689.74,7635.21,684.68,407.54,-391.07,-5437.45,-45291.18,2518.3,32244.06,-9849.14,255.16,621.7,-9593.98,-8972.28,,,
4161,2616.82,5777.88,7593.78,697.72,378.57,-376.4,-5397.75,-45057.01,2466.95,32004.21,-9916.86,257.48,704.78,-9659.38,-8954.6,,,
4171,2591.16,5669.8,7591.22,714.34,369.5,-398.11,-5420.15,-45030.67,2467.07,32036.35,-9937.04,260.61,590.5,-9676.43,-9085.93,,,
4181,2549.37,5662.72,7695.87,678.46,373.93,-405.65,-5361.83,-45264.38,2493.28,31968.73,-9711.47,256.86,390.49,-9454.61,-9064.12,,,
4191,2548.95,5725.88,7647.24,686.63,390.34,-404.2,-5369.34,-45313.03,2475.36,32142.51,-9728.6,255.69,530.33,-9472.9,-8942.57,,,
4201,2607.08,5710.09,7656.1,688.16,373.77,-379.52,-5409.41,-45222.06,2466.54,32067.83,-9833.81,260.61,558.56,-9573.21,-9014.64,,,
4211,2567.95,5714.1,7627.29,693.27,389.55,-414.45,-5406.56,-45177.58,2500.28,32039.33,-9842.56,258.56,533.17,-9583.99,-9050.83,,,
4221,2543.66,5675.05,7620.61,713.83,366.39,-380.38,-5412.77,-45297.8,2488.54,32259.85,-9898.07,259.28,576.97,-9638.79,-9061.81,,,
4231,2604.67,5809.32,7635.62,691.07,376.42,-399.06,-5413.92,-45303,2451.93,32152.51,-9795.44,253.88,605.55,-9541.56,-8936.01,,,
4241,2576.82,5701.78,7654.66,700.53,362.9,-377.08,-5450.78,-45319.19,2466.05,32135.04,-9797.78,253.73,450.73,-9544.05,-9093.32,,,
4251,2542.81,5707.35,7656.47,703.37,388.68,-387,-5442.4,-44989.13,2438.04,32114.17,-10015.22,257.91,732.36,-9757.31,-9024.95,,,
4261,2586.98,5774.21,7607.21,716.2,373.32,-367.68,-5362.7,-44981.87,2458.1,32081.5,-10049.44,258.6,885.27,-9790.83,-8905.57,,,
4271,2485.45,5685.32,7675.65,665.12,353.41,-400.03,-5504.68,-45137.49,2504.53,32152.38,-9908.52,258.13,479.66,-9650.39,-9170.74,,,
4281,2547.95,5685.83,7658.59,712.86,379.75,-401.35,-5434.63,-45231.28,2467.58,32199.09,-9928.79,260.66,584.4,-9668.14,-9083.74,,,
4291,2492.82,5709.83,7645.59,682.8,393.83,-429.96,-5379.52,-45102.47,2468.65,32090.36,-9909.82,262.26,571.93,-9647.57,-9075.64,,,
4301,2500.26,5661.06,7636.76,686.11,363.63,-393.18,-5412.43,-45311.8,2484.43,32176.79,-9783.25,258.11,391.63,-9525.15,-9133.52,,,
4311,2608.44,5734.46,7668.25,691.48,367.67,-369.42,-5511.76,-44950.72,2463.14,32100.28,-10068.89,255.02,801.84,-9813.86,-9012.03,,,
4321,2507.7,5733.39,7632.89,694.06,381.64,-389.84,-5400.43,-45035.48,2478.41,32082.67,-10001.63,259.31,685.01,-9742.31,-9057.3,,,
4331,2569.25,5780.09,7628.78,705.28,379.63,-330.46,-5438.26,-44813.42,2465.8,32045.15,-10149.31,260.49,991.85,-9888.82,-8896.97,,,
4341,2511.9,5758.04,7630.69,695.39,368.88,-381.26,-5441.55,-44931.17,2505.76,32210.51,-10133.98,263.5,927.2,-9870.48,-8943.28,,,
4351,2541.14,5637.83,7617.2,684.12,372.68,-380.06,-5428.49,-45052.56,2482.16,32242.41,-10060.57,258.8,716.41,-9801.77,-9085.36,,,
4361,2491.1,5680.1,7654.39,708.99,374.04,-379.26,-5443.21,-45027.77,2535.9,32278.16,-10126.45,259.46,872.44,-9866.99,-8994.55,,,
4371,2491.4,5691.91,7610.36,680.27,389.85,-367.89,-5405.05,-45174.11,2457.32,32232.76,-9971.75,258.43,606.83,-9713.32,-9106.49,,,
4381,2547.92,5680.75,7615.12,696.69,371.9,-393.22,-5399.08,-45410.66,2523.42,32275.93,-9774.9,256.8,508.76,-9518.11,-9009.34,,,
4391,2455.05,5753.83,7710.77,689.11,385.7,-421.6,-5370.01,-45436.98,2503.32,32257.26,-9772.4,259.02,526.46,-9513.37,-8986.91,,,
4401,2623.65,5761.19,7619.52,693.5,386.69,-366.4,-5400.18,-45175.46,2411.66,32049.36,-9912.58,257.69,603.53,-9654.9,-9051.36,,,
4411,2530.03,5727.51,7600.82,684.59,380.83,-364.19,-5403.06,-45402.26,2457.58,32122.56,-9705.37,261.6,334.4,-9443.78,-9109.38,,,
4421,2514.06,5626.53,7689.69,696.28,388.78,-398.8,-5426.68,-45279.64,2461.07,32329.71,-9864.92,257.19,601.01,-9607.73,-9006.72,,,
4431,2617.46,5683.52,7631.6,681.24,358.37,-364.38,-5416.38,-45451.18,2450.32,32184.86,-9679.49,253.47,375.45,-9426.02,-9050.57,,,
4441,2664.02,5697.58,7554.02,681.04,368.16,-371.68,-5402.89,-45293.34,2473.74,32101.17,-9795.93,257.18,471.82,-9538.75,-9066.93,,,
4451,2485.9,5638.07,7662.17,667.82,390.28,-372.16,-5425.02,-45275.38,2504.65,32150.66,-9764.93,255.28,426.99,-9509.66,-9082.67,,,
4461,2551.85,5767.43,7610.38,698.48,395.22,-401.74,-5495.29,-45160.61,2468.18,32141.8,-9855.86,255.16,575.69,-9600.7,-9025.01,,,
4471,2534.21,5643.01,7647.05,716.91,383.45,-354.54,-5439.23,-45379.97,2528.44,32239.67,-9698.6,255.42,518.98,-9443.18,-8924.2,,,
4481,2567.76,5708.11,7567.91,666.96,371.64,-343.67,-5415.19,-45277.85,2439.85,32040.56,-9721.64,256.46,326.07,-9465.18,-9139.11,,,
4491,2521.37,5639.67,7721.9,695.47,399.45,-403.28,-5478.4,-45263.82,2456.01,32149.9,-9703.99,258.57,438.28,-9445.42,-9007.14,,,
4501,2572.6,5794.95,7635.11,698.3,363.38,-400.71,-5424.75,-45154.12,2454.79,32087.87,-9890.14,256.65,627.42,-9633.5,-9006.08,,,
4511,2570.06,5735.08,7637.79,707.47,404.86,-375.08,-5398.51,-45300.74,2473.89,32188.53,-9840.42,258.57,643.36,-9581.85,-8938.49,,,
4521,2536.11,5797.84,7627.6,695.46,383.7,-388.61,-5448.27,-45096.65,2454.35,32020.57,-9837.5,254.4,582.1,-9583.1,-9000.99,,,
4531,2485.85,5673.26,7657.74,684.3,376.56,-385.02,-5378.56,-45000.77,2508.36,32055.65,-9938.6,259.59,677.38,-9679.01,-9001.63,,,
4541,2567.78,5751.42,7677.21,718.28,427.18,-386.29,-5475.05,-45077.59,2454.9,32289.64,-10012.36,258.34,947.47,-9754.01,-8806.54,,,
4551,2563.37,5711.33,7664.9,694.78,381.07,-396.36,-5450.52,-45060.98,2444.95,32228.66,-10015.75,259.14,781.21,-9756.6,-8975.4,,,
4561,2499.59,5791,7688.45,686.76,365.81,-396.3,-5447.46,-45168.78,2488.53,32068.67,-9877.53,260.98,576.27,-9616.55,-9040.28,,,
4571,2564.48,5776.49,7631.38,688.64,371.85,-416.25,-5404.8,-45270.04,2518.91,32148.18,-9830.04,261.39,608.83,-9568.65,-8959.81,,,
4581,2510.01,5689.99,7652.78,703.45,392.22,-412.23,-5371.05,-45119.5,2462.8,32090.68,-9862.63,264.53,599.16,-9598.1,-8998.94,,,
4591,2582.41,5821.18,7618.27,695.43,376.26,-407.04,-5464.3,-45117.5,2437.44,32016.92,-9797.6,257.87,559.07,-9539.73,-8980.65,,,
4601,2495.57,5726.87,7596,685.42,379.58,-417.89,-5385.7,-45152.68,2523.6,32128.63,-9914.21,261.46,579.4,-9652.75,-9073.35,,,
4611,2582.14,5728.54,7671.02,692.22,395.61,-410.92,-5503.42,-45124.79,2451.51,32101.25,-9899.58,260.63,583.17,-9638.95,-9055.78,,,
4621,2669.58,5648.7,7629.13,708.97,397.38,-393.28,-5457.65,-45033.22,2472.73,32049.66,-9901.49,258.06,691.99,-9643.43,-8951.44,,,
4631,2571.02,5727.9,7647.2,698.11,380.7,-359.48,-5412.48,-45084.72,2512.26,32027.58,-9911.78,259.73,708.1,-9652.06,-8943.96,,,
4641,2534.75,5819.94,7649.46,705.3,378.84,-403.79,-5423.72,-44986.38,2482.99,32026.72,-9998.43,263.61,784.11,-9734.81,-8950.7,,,
4651,2513.82,5602.84,7615.37,698.58,411.54,-381.3,-5411.21,-45191.31,2457.39,32155.84,-9865.33,260.3,471.54,-9605.03,-9133.48,,,
4661,2492.35,5737.24,7705.65,687.36,355.29,-419.92,-5441.55,-44936.57,2539.99,32081.71,-10005.07,257.96,801.56,-9747.11,-8945.55,,,
4671,2660.72,5661.23,7632.37,695.82,386.48,-383.95,-5445.09,-44825.57,2450.18,32071.14,-10125.16,261.11,903.32,-9864.05,-8960.73,,,
4681,2599.12,5752.66,7673.28,725.54,384.44,-374.16,-5453.78,-44960.49,2476.97,32042.31,-9967.31,260.1,865.89,-9707.21,-8841.32,,,
4691,2535.45,5624.4,7649.7,676.65,399.87,-384.82,-5451.99,-44734.28,2492.36,32000.6,-10117.68,260.3,807.94,-9857.38,-9049.45,,,
4701,2567.74,5773.97,7656.67,711.21,378.85,-362.25,-5497.43,-44992.45,2455.57,32087.34,-9965.27,256.66,779.22,-9708.6,-8929.38,,,
4711,2497.84,5693,7627.26,698.92,349.2,-376.47,-5406,-45001.48,2457.35,31975.77,-9885.99,260.37,515.4,-9625.62,-9110.23,,,
4721,2546.67,5657.85,7639.91,691.27,376.88,-391.37,-5437.62,-45061.33,2460.22,32159.24,-9919.56,258.29,641.72,-9661.27,-9019.55,,,
4731,2536.95,5712.96,7680.16,683.61,381.94,-393.29,-5441.38,-44963.4,2449.73,32018.32,-9983.02,261.75,665.61,-9721.27,-9055.66,,,
4741,2537.16,5730.01,7670.54,704.01,378.28,-391.98,-5466.84,-45005.85,2456.72,32033,-9898.6,259.24,645.05,-9639.36,-8994.31,,,
4751,2548.76,5761.45,7611.83,698.76,374.27,-403.85,-5475.37,-45124.55,2465,32069.77,-9802.45,255.11,526.08,-9547.33,-9021.26,,,
4761,2523.37,5727.44,7671.36,693.53,366.97,-371.77,-5466.29,-45000.14,2482.94,32084.8,-9938.17,256.18,712.2,-9681.99,-8969.8,,,
4771,2595.36,5539.13,7625.03,690.47,382.37,-389.51,-5377.71,-45103.88,2497.56,32114.12,-9895.09,261.42,572.96,-9633.67,-9060.72,,,
4781,2539.89,5729.36,7633.86,682,407.15,-378.7,-5412.17,-45161.17,2459.84,32151.5,-9867.36,256.26,651.55,-9611.1,-8959.55,,,
4791,2576.01,5718.09,7715.24,700.97,377,-410.74,-5409,-45200.67,2488.38,32056.25,-9781.65,258,611.54,-9523.64,-8912.11,,,
4801,2543.81,5738.96,7695.28,711.66,380.05,-416.48,-5394.13,-45042.06,2459.87,32097.33,-9966.94,262.62,774.29,-9704.32,-8930.03,,,
4811,2535,5699.18,7713.86,688,368.18,-408.33,-5445.91,-44895.29,2453.86,32100.45,-10069.75,261.2,808.98,-9808.55,-8999.56,,,
4821,2487.47,5720.85,7670.97,696.44,353.25,-381.04,-5413.16,-44994.82,2526.83,32161.42,-10060.13,262.85,828.22,-9797.28,-8969.06,,,
4831,2589.02,5666.98,7642.1,690.86,386.61,-400.35,-5398.1,-45163.54,2503.53,32149.21,-9936.32,261.29,666.32,-9675.02,-9008.7,,,
4841,2546.24,5587.4,7635.71,707.36,376.86,-377.27,-5430.67,-44993.81,2452.72,32116.34,-9980.37,262,620.88,-9718.37,-9097.49,,,
4851,2570.63,5748.77,7680.91,690.73,411.8,-389.03,-5389.29,-45008.61,2467.18,32012.55,-9978.83,263.32,795.65,-9715.51,-8919.86,,,
4861,2498.08,5790.54,7678.16,713.4,368.14,-396.6,-5456.79,-45045.79,2480.17,32109.18,-9963.62,260.27,738.5,-9703.35,-8964.85,,,
4871,2517.85,5628.82,7636.85,689.99,384.63,-379.36,-5436.08,-45049.8,2443.9,32127.93,-9948.93,264.64,564.73,-9684.29,-9119.56,,,
4881,2548.51,5704.31,7654.97,681.13,364.08,-398.57,-5418.61,-45202.34,2465.03,32128.15,-9828.95,262.13,526.66,-9566.82,-9040.16,,,
4891,2582.07,5761.95,7627.13,693.17,407.72,-404.19,-5370.09,-45181.81,2444.05,32104.48,-9859.57,260.99,664.47,-9598.58,-8934.11,,,
4901,2586.09,5762.33,7650.29,700.12,376.38,-386.89,-5432.31,-45023.13,2448.31,32084.61,-10032.6,255.72,765.79,-9776.88,-9011.08,,,
4911,2546.47,5700.22,7699.3,680.95,360.44,-372.97,-5404.85,-45039.83,2447.93,31995.05,-9905.42,258.36,612.73,-9647.05,-9034.33,,,
4921,2576.15,5713.67,7624.66,702.86,382.66,-365.63,-5477.39,-45149.62,2457.05,32193.68,-9916.13,256.83,658.08,-9659.31,-9001.23,,,
4931,2515.43,5744.83,7635.86,698.94,387.74,-369.28,-5371.4,-44980.4,2530.92,32126.03,-9994.76,258.08,918.68,-9736.67,-8818,,,
4941,2539.36,5702.14,7624.04,710.64,395.22,-409.9,-5446.45,-44807.93,2477.06,32074.71,-10112.61,264.96,858.89,-9847.65,-8988.76,,,
4951,2505.61,5624.13,7692.46,694.87,380.76,-400.23,-5380.49,-45164.31,2486.55,32121.13,-9901.39,261.46,560.48,-9639.93,-9079.45,,,
4961,2541.78,5679.23,7705.57,693.34,398.03,-389.37,-5378.75,-45028.96,2473.04,31975.01,-9940.28,263.15,668.92,-9677.13,-9008.2,,,
4971,2568.85,5627.08,7657.9,698,401.89,-373.32,-5413.91,-45326.64,2467.9,32254.42,-9842.63,257.56,562.17,-9585.07,-9022.89,,,
4981,2516.51,5694.14,7594.52,691.72,400.46,-405.23,-5400.04,-45294.24,2480.97,32129.38,-9729.22,258.56,408.2,-9470.65,-9062.46,,,
4991,2558.95,5682.42,7642.66,683.22,385.21,-394.08,-5424.58,-45034.07,2443.21,32002.68,-9904.54,258.15,545.62,-9646.39,-9100.77,,,
5001,2529.14,5685.99,7639.9,663.42,380.95,-378.5,-5379.59,-45010.16,2460.39,32140.27,-10006.01,263.33,731.82,-9742.68,-9010.86,,,
5011,2491.38,5627.92,7598.74,683.53,402.67,-400.91,-5405.13,-44822.2,2478.5,32019.37,-10022.5,261.96,673.88,-9760.54,-9086.66,,,
5021,2567.29,5648.71,7612.42,691.68,391.08,-397.01,-5428.05,-44900.42,2454.54,32073.14,-10022.49,258.98,713.38,-9763.5,-9050.12,,,
5031,2565,5765.15,7636.77,690.78,383.54,-379.95,-5458.62,-44848.09,2451.12,31963.96,-10031.92,259.11,769.66,-9772.81,-9003.15,,,
5041,2611.7,5655.93,7603.64,688.89,401.71,-370.21,-5451.52,-44775.5,2483.05,32064.43,-10184.31,258.06,912.12,-9926.24,-9014.13,,,
5051,2562.2,5751.78,7629.06,702.67,361.42,-375.17,-5382.55,-45110.73,2485.23,32040.79,-9842.17,259.37,664.7,-9582.8,-8918.1,,,
5061,2521.9,5842.8,7582.96,707.8,375.96,-382.89,-5415.56,-45031.63,2490.54,32059.84,-9890.16,256.88,751.72,-9633.27,-8881.55,,,
5071,2539.81,5661.87,7634.41,700.51,412.18,-376.14,-5342.38,-45140.61,2529.98,32081.46,-9893.26,263.7,701.1,-9629.57,-8928.47,,,
5081,2546.44,5744.06,7598.73,687.99,398.85,-368.78,-5490.33,-44855.75,2494.27,32093.57,-10061.41,260.19,849.06,-9801.23,-8952.17,,,
5091,2574.8,5726.16,7582.37,681.98,381.99,-384.02,-5419.3,-44875.28,2460.31,31920.32,-10026.33,261.65,649.33,-9764.68,-9115.35,,,
5101,2594.71,5806.39,7603.99,707.62,395.69,-375.73,-5398.5,-44935.19,2494.47,31858.16,-9963.09,260.12,751.63,-9702.96,-8951.33,,,
5111,2539.74,5749.6,7623.24,703.86,391.79,-376.33,-5447.84,-45138.33,2456.13,32005.15,-9841.56,263.76,507.02,-9577.81,-9070.78,,,
5121,2527.14,5727.85,7649.22,697.82,369.2,-388.63,-5446.54,-45087.02,2472.34,31992.72,-9834.93,253.15,514.09,-9581.78,-9067.69,,,
5131,2626.5,5600.34,7574.37,688.91,366.5,-364.08,-5442.73,-44993.28,2460.49,32044.24,-9935.47,258.13,561.27,-9677.34,-9116.07,,,
5141,2429.45,5722.07,7648.36,673.38,389.06,-375.45,-5412.28,-45220.74,2513.5,32108.25,-9776.64,255.31,475.59,-9521.34,-9045.75,,,
5151,2519.69,5600.38,7628.95,692.4,397.12,-357.43,-5416.41,-45176.65,2520.2,32006.18,-9772.53,257.33,414.42,-9515.19,-9100.77,,,
5161,2554.41,5784.36,7668.03,693,352.96,-407.65,-5402.41,-45319.45,2481.76,32158.92,-9767.38,256.41,563.93,-9510.97,-8947.04,,,
5171,2481.13,5767.19,7616.41,694.08,368.77,-341.99,-5435.36,-45071.79,2502.24,31981.84,-9887.58,255.99,562.52,-9631.59,-9069.08,,,
5181,2609.89,5680.53,7669.01,703.55,389.8,-357.63,-5450.52,-45055.78,2477.63,32129.96,-9933.74,259.12,796.45,-9674.62,-8878.18,,,
5191,2528.43,5567.49,7544.2,680.07,397.13,-374.36,-5407.66,-45208.89,2494.65,32080.92,-9785.12,262.57,301.98,-9522.55,-9220.57,,,
5201,2503.5,5725.74,7648.04,695.17,380.48,-353.91,-5427.95,-45105.4,2516.14,32036.53,-9865.39,258.49,618.35,-9606.9,-8988.56,,,
5211,2454.38,5625,7601.18,694.6,371.09,-394.18,-5398.28,-44940.1,2552.64,32138.05,-10058.31,263.19,704.37,-9795.12,-9090.75,,,
5221,2558.57,5656.18,7612.37,696.51,380.72,-395.71,-5394.07,-45125.52,2489.37,32034.62,-9797.37,261.07,513.05,-9536.3,-9023.25,,,
5231,2521.26,5814.79,7573.42,699.22,374.95,-375.01,-5361.83,-44869.18,2423.59,32022.71,-10029.66,263.01,823.93,-9766.64,-8942.71,,,
5241,2493.19,5653.75,7650.57,673.84,394.87,-356.75,-5448.41,-45218.13,2490.27,32126.62,-9788.13,259.94,459.82,-9528.19,-9068.36,,,
5251,2491.83,5732.98,7635.93,699.8,408.89,-371.32,-5389.54,-45343.45,2499.3,32078.66,-9677.87,259.99,443.08,-9417.88,-8974.8,,,
5261,2532.04,5666.46,7570.62,686.66,374.05,-353.09,-5386.58,-45180.94,2498.95,32113.24,-9791.59,259.67,521.41,-9531.92,-9010.5,,,
5271,2567.29,5740.51,7645.78,686.35,398.98,-354.34,-5356.81,-45251.88,2475.08,31955.81,-9707.85,262.49,506.78,-9445.36,-8938.58,,,
5281,2609.16,5779.78,7685.53,691.75,395.93,-402.15,-5370.43,-44942.39,2444.15,32005.96,-10003.62,266.15,897.28,-9737.47,-8840.19,,,
5291,2540.35,5746.53,7609.35,686.58,383.79,-397.83,-5411.31,-44998.03,2478.35,31940.4,-9903.75,259.18,578.2,-9644.57,-9066.37,,,
5301,2561.94,5685.59,7615.28,714.98,385.71,-385.53,-5405.76,-44956.53,2495.72,32119.82,-10038.29,257.6,831.23,-9780.69,-8949.46,,,
5311,2586.72,5725.42,7600.06,709.45,354.47,-382.36,-5463.21,-44905,2447.76,32015.34,-10010.35,260.7,688.66,-9749.65,-9060.99,,,
5321,2572.89,5705.66,7657.43,703.79,384.44,-403.94,-5417.58,-44860.5,2481.84,31988.76,-10023.24,263.88,812.8,-9759.36,-8946.56,,,
5331,2539.82,5830.55,7610.46,715.05,385.54,-385.44,-5422.94,-44920.12,2472.62,32104.34,-10106.24,261.49,929.88,-9844.75,-8914.86,,,
5341,2556.89,5704.88,7627.06,702.19,398.42,-372.36,-5408.58,-44964.3,2461.87,32157.92,-10078.72,264.87,863.98,-9813.85,-8949.87,,,
5351,2589.83,5595.65,7623.2,701.13,369.91,-332.72,-5375.96,-44991.93,2464.23,32058.85,-10017.84,260.42,702.18,-9757.42,-9055.24,,,
5361,2555.85,5684.02,7599.13,694.31,375.42,-361.23,-5412.26,-45137.49,2445.1,32150.28,-9952.04,264.88,593.13,-9687.17,-9094.04,,,
5371,2536.79,5777.7,7649.75,688.46,379.31,-397.17,-5385.44,-45232.49,2466,32071.73,-9783.85,260.84,554.65,-9523.01,-8968.36,,,
5381,2506.21,5668.95,7606.7,686.76,374.2,-427.79,-5355.71,-45338.8,2488.82,32211.73,-9793.36,259.97,421.06,-9533.39,-9112.33,,,
5391,2461.11,5631.21,7639.12,695.19,415.51,-364.57,-5488.36,-45232.83,2489.1,32200.94,-9791.66,254.12,446.44,-9537.54,-9091.1,,,
5401,2589.42,5620.81,7593.44,688.6,382.09,-358.11,-5386.55,-45233.17,2458.29,32060.82,-9794.42,258.97,415.63,-9535.45,-9119.82,,,
5411,2526.93,5771.75,7637.63,689.71,385.01,-374.31,-5405.76,-45072.46,2473.25,32052.15,-9953.33,261.55,683.9,-9691.79,-9007.89,,,
5421,2570.56,5721.66,7586.88,703.51,403.36,-346.65,-5425.62,-45028.71,2474.03,32054.19,-9949.52,265.14,713.2,-9684.38,-8971.18,,,
5431,2496.23,5651.19,7605.91,702.05,384.41,-334.87,-5382.36,-45213.69,2548.04,32106.49,-9829.24,256.23,563.4,-9573.01,-9009.61,,,
5441,2530.39,5635.12,7591.01,699.04,347.9,-368.52,-5406.33,-45375.19,2480.88,32212.37,-9722.4,262.31,346.68,-9460.1,-9113.42,,,
5451,2541.31,5633.86,7642.38,702.59,393.43,-402.85,-5437.35,-45186.35,2468.81,32178.92,-9878.18,262.04,534.75,-9616.14,-9081.38,,,
5461,2559.66,5739.45,7630.77,700.54,393.2,-343.47,-5427.15,-45211.58,2462.08,32135.96,-9795.45,258.71,639.47,-9536.74,-8897.27,,,
5471,2568.15,5687.84,7661.97,703.03,386.96,-367.12,-5451.64,-45081.35,2464,32015.78,-9884.16,260.63,587.62,-9623.53,-9035.9,,,
5481,2463.98,5635.47,7663.66,700.34,388.65,-357.89,-5455.83,-45199.82,2461.4,32278.05,-9938.47,258.19,578,-9680.29,-9102.29,,,
5491,2498.33,5666.07,7632.73,699.86,391.3,-356.17,-5422.16,-45136.22,2476.46,32146.3,-9902.33,258.98,596.51,-9643.35,-9046.84,,,
5501,2540.72,5692.9,7653.2,696.05,382.23,-341.15,-5477.07,-45234.62,2444.57,32159.91,-9875.1,260.44,516.74,-9614.66,-9097.92,,,
5511,2497.84,5629.06,7657.11,678.94,402.09,-380.81,-5449.05,-45117.87,2440.42,32183.83,-9916.17,260.37,541.56,-9655.8,-9114.24,,,
5521,2554.23,5672.19,7650.07,681.63,380.29,-385.74,-5345.8,-45171.39,2468.76,32026.16,-9815.54,261.59,530.39,-9553.95,-9023.56,,,
5531,2517.98,5675.35,7618.65,681.63,379.46,-354.53,-5467.21,-45201,2463.31,32314.98,-9868.05,258.8,628.63,-9609.25,-8980.61,,,
5541,2556.01,5668.15,7628.71,707.43,367.58,-333.8,-5424.42,-45302.8,2434.2,32223.98,-9846.74,260.41,525.06,-9586.33,-9061.27,,,
5551,2588.52,5708.04,7687.5,715.88,389.5,-391.45,-5425.13,-45284.48,2451.81,32125.67,-9786.61,257.63,565.85,-9528.99,-8963.13,,,
5561,2509.06,5595.67,7664.69,692.02,386.94,-355.51,-5382.63,-45381.84,2506.21,32118.01,-9681.5,256.48,352.62,-9425.01,-9072.4,,,
5571,2576.21,5789.09,7649.67,704.42,378.67,-390.05,-5425.76,-45217.48,2458.37,32115.56,-9831.11,255.9,638.72,-9575.21,-8936.49,,,
5581,2535.56,5678.92,7624.73,686.59,380.27,-399.94,-5451.57,-45113.39,2469.4,32094.46,-9875.41,252.61,505.02,-9622.81,-9117.78,,,
5591,2579.84,5718.78,7674.14,696.55,391.83,-375.23,-5498.36,-45015.94,2445.2,32120.53,-9937.42,261.47,737.34,-9675.96,-8938.62,,,
5601,2517.18,5748.19,7638.7,696.26,391.09,-366.98,-5449.89,-45300.51,2467.74,32196.98,-9788.02,260.49,538.76,-9527.53,-8988.77,,,
5611,2566.25,5731.31,7638.89,707.42,382.56,-375.33,-5409.2,-45550.46,2451.79,32200.86,-9617.51,259.68,344.08,-9357.83,-9013.75,,,
5621,2485.58,5697.44,7626.19,685.78,394.54,-344.51,-5409.73,-45275.86,2485.97,32074.24,-9776.25,256.68,419.64,-9519.57,-9099.93,,,
5631,2515.01,5674.01,7628.49,721.93,395.64,-387.79,-5395.76,-45220.92,2473.55,32073.56,-9801.27,260.77,477.73,-9540.49,-9062.76,,,
5641,2486.92,5666.87,7614.62,692.63,381.04,-370.2,-5371.89,-45375.06,2474.79,32188.6,-9746.98,262.32,388.34,-9484.66,-9096.33,,,
5651,2449.35,5711.97,7669.13,696.46,360.47,-409.64,-5436.54,-45449.7,2502.05,32160.8,-9613.82,255.8,254.35,-9358.03,-9103.67,,,
5661,2527.05,5682.38,7621.45,694.84,359.13,-363.78,-5477.22,-45390.03,2435.12,32170.39,-9738.49,259.67,259.33,-9478.81,-9219.49,,,
5671,2499.64,5648.16,7649.23,682.19,365.31,-357.52,-5408.37,-45403.98,2493.71,32206.14,-9748.62,259.44,374.51,-9489.18,-9114.67,,,
5681,2526.89,5677.78,7634.67,690.28,396.03,-361.08,-5470.92,-45214.84,2466.95,32211.36,-9872.9,258.5,557.13,-9614.4,-9057.27,,,
5691,2527.66,5702.83,7606.19,685.45,378.98,-379.56,-5475.55,-45139.82,2457.7,32137.61,-9874.74,261.04,501.49,-9613.7,-9112.22,,,
5701,2521.78,5765.91,7619.57,687.54,385.83,-389.86,-5364.08,-45128.69,2478.12,32161.15,-9947.47,264.4,737.27,-9683.08,-8945.8,,,
5711,2582.29,5651.84,7614.25,703.9,391.58,-400.59,-5352.52,-45237.42,2487.06,32068.3,-9758.42,263.68,508.69,-9494.74,-8986.05,,,
5721,2511.95,5728.84,7651.95,712.81,382.39,-406.81,-5404.25,-45178.84,2483.33,32136.96,-9827.16,262,618.32,-9565.16,-8946.84,,,
5731,2504.09,5689.26,7623.02,678.4,388.92,-433,-5401.84,-45081.23,2463.21,32088.33,-9904.26,265.98,519.15,-9638.28,-9119.13,,,
5741,2511.41,5711.45,7651.24,706.47,392.84,-374.18,-5416.95,-45277.09,2487.25,32030.75,-9721.12,260.2,423.18,-9460.91,-9037.73,,,
5751,2600.41,5601.22,7667.35,688.36,381.7,-343.32,-5426.41,-45150.53,2456.91,32147.51,-9902.16,264.56,623.2,-9637.6,-9014.4,,,
5761,2547.55,5807.49,7626.39,709.02,367.82,-380.31,-5479.73,-45002.08,2484.21,32189.41,-10078.67,261.25,869.77,-9817.42,-8947.65,,,
5771,2541.73,5644.02,7635.38,696.55,371.35,-385.89,-5377.38,-45188.6,2483.45,32200.59,-9942.2,265.21,621.2,-9676.99,-9055.8,,,
5781,2549.13,5627.98,7677.43,678.95,396.88,-394.72,-5396.08,-44937.56,2475.64,32074.8,-10047.76,263.05,752.45,-9784.71,-9032.26,,,
5791,2500.43,5680.84,7661.35,691.38,391.15,-373.42,-5429.89,-45016.23,2492.79,32208.1,-10060.34,264.85,806.5,-9795.5,-8989,,,
5801,2537.85,5668.18,7631.94,693.27,391.56,-387.33,-5380.59,-45301.09,2495.97,32200.2,-9827.22,265.24,549.96,-9561.98,-9012.02,,,
5811,2518.37,5690.23,7640.13,690.72,383.47,-390.72,-5361.74,-45324.77,2504.7,32143.63,-9753.15,262.01,494,-9491.13,-8997.13,,,
5821,2562.73,5736.88,7658.05,701.45,373.78,-412.93,-5327.8,-45178.62,2445.92,32127.62,-9904.33,266.77,687.09,-9637.56,-8950.47,,,
5831,2425.53,5715.59,7569.66,695.8,405.22,-347.69,-5419.55,-45230.72,2450.8,32366.68,-9988.87,265.58,631.32,-9723.29,-9091.96,,,
5841,2560.72,5713.38,7675.37,717.39,396.75,-375.56,-5378.17,-45193.16,2426.01,32112.83,-9880.94,267.51,655.57,-9613.43,-8957.86,,,
5851,2546.39,5685.01,7658.13,670.86,365.2,-398.72,-5351.37,-45392.78,2475.83,32081.39,-9697.8,263.58,339.94,-9434.23,-9094.29,,,
5861,2511.15,5629.29,7616.76,690.64,363.08,-396.85,-5377.48,-45316.53,2511.22,32212.46,-9815.2,262.28,443.72,-9552.92,-9109.19,,,
5871,2515.35,5737.87,7613.89,685.37,376.56,-370.89,-5407.59,-45268.63,2483.9,32168.57,-9841.18,262.07,534.41,-9579.11,-9044.7,,,
5881,2550.2,5546.49,7637,690.68,374.94,-384.41,-5447.06,-45267.11,2427.48,32250.23,-9756.65,258.54,378.43,-9498.11,-9119.68,,,
5891,2483.41,5677.46,7684.82,690.03,389.58,-370.83,-5457.48,-45230.39,2474.83,32111.61,-9830.31,256.54,453.05,-9573.76,-9120.71,,,
5901,2518.86,5669.01,7633.74,674.2,374.72,-389.43,-5455.26,-45193.37,2481.29,32135.29,-9838.2,255.64,449.05,-9582.55,-9133.51,,,
5911,2544.69,5734.87,7648.33,693.33,374.68,-395.8,-5431.54,-45132.64,2519.92,32057.49,-9829.75,258.9,613.33,-9570.85,-8957.52,,,
5921,2596.24,5737.68,7638.95,685.16,380.91,-397.76,-5419.34,-45194.68,2450.61,32135.79,-9855.22,260.2,613.56,-9595.02,-8981.46,,,
5931,2469.76,5717.78,7687.44,684.53,406.17,-385.17,-5467.38,-45198.63,2469.97,32086.66,-9766.22,257.8,471.13,-9508.42,-9037.29,,,
5941,2548.51,5671.71,7596.29,701.83,392.2,-369.65,-5456,-45460.42,2513.6,32241.39,-9671.51,259.69,379.47,-9411.82,-9032.35,,,
5951,2592.71,5724.31,7597.83,692.75,371.02,-399.46,-5378.63,-45278.72,2479.67,32076.91,-9786.27,259.34,478.39,-9526.93,-9048.54,,,
5961,2544.88,5727.02,7665.65,688.55,374.35,-381.48,-5427.36,-45134.52,2449.26,32242.97,-9961.43,260.39,749.33,-9701.03,-8951.71,,,
5971,2582.97,5656.55,7658.69,706.85,412.03,-407.44,-5400.28,-45021.53,2477.19,32118.49,-10007.07,261.91,783.53,-9745.15,-8961.63,,,
5981,2558.25,5669.53,7659.1,687.9,400.45,-368.27,-5468.22,-45207.11,2452.98,32163.61,-9855.15,259.65,548.23,-9595.49,-9047.26,,,
5991,2482.44,5671.99,7677.35,699.58,410.34,-432.79,-5411.45,-45353.42,2504.17,32168.97,-9765.33,260,417.17,-9505.34,-9088.16,,,
6001,2561.42,5658.48,7632.42,694.26,366.26,-395.28,-5418.37,-45302.37,2430.61,32186.84,-9809.84,261.25,414.26,-9548.59,-9134.33,,,
6011,2538.67,5639.07,7631.99,713.95,374.53,-406.01,-5411.47,-45172.69,2439.16,32117.58,-9845.71,263.38,464.79,-9582.33,-9117.54,,,
6021,2540.63,5667.66,7645.26,687.8,397.67,-403.37,-5376.35,-45092.53,2454.17,32136.65,-9978.51,267.63,657.59,-9710.88,-9053.29,,,
6031,2568.25,5789.8,7638.92,709.95,399.97,-410.6,-5412.08,-44952.07,2464.47,32012.95,-10021,263.51,809.58,-9757.49,-8947.91,,,
6041,2532.8,5718.24,7604.49,705.1,378.72,-429.02,-5376.89,-44916.54,2433.83,32042.21,-10057.33,265.9,692.93,-9791.43,-9098.5,,,
6051,2572.15,5768.05,7611.13,710.52,361.11,-420.69,-5382.76,-44868.43,2449.12,31980.21,-10037.44,262.18,780.42,-9775.27,-8994.85,,,
6061,2560.36,5709.57,7656.22,689.6,386.32,-415.08,-5409.61,-44961.42,2436.83,32131.17,-10086.98,259.29,783.94,-9827.69,-9043.74,,,
6071,2624.56,5577.77,7678.01,688.97,381.73,-423.44,-5337.42,-45164.88,2486.8,32127.69,-9932.55,267.06,639.78,-9665.49,-9025.71,,,
6081,2568.35,5693.8,7614.11,690.6,378.8,-408.3,-5347.88,-45316.66,2433.13,32171.17,-9820.27,262.75,477.12,-9557.52,-9080.4,,,
6091,2533.01,5673.96,7620.33,679.4,400.54,-357.01,-5392.86,-45089.32,2430.76,32109.34,-9975.31,263.03,608.15,-9712.29,-9104.14,,,
6101,2612.2,5705.07,7669.8,692.06,400.62,-433.07,-5391.94,-44880.39,2450.81,32039.73,-10042.4,266.83,864.9,-9775.57,-8910.67,,,
6111,2576.44,5756.38,7580.98,717.26,343.57,-391.06,-5412.16,-45137.3,2433.25,32038.09,-9862.85,261.76,505.43,-9601.09,-9095.66,,,
6121,2565.83,5636.53,7597.37,675.55,370.54,-414.94,-5409.32,-44998.98,2465.33,32014.49,-9930.2,262.6,502.41,-9667.61,-9165.19,,,
6131,2539.28,5680.21,7568.3,669.32,370.52,-366.57,-5359.6,-45115.25,2465.96,31861.15,-9791.19,264.67,313.32,-9526.52,-9213.2,,,
6141,2531.54,5685.05,7634.97,701.24,378.77,-408.87,-5359.1,-44998.16,2487.48,32035.52,-9936.2,262.93,688.45,-9673.28,-8984.83,,,
6151,2493.72,5733.96,7589.34,676.12,412.28,-405.33,-5330.5,-45146.74,2488.88,32072.4,-9898.76,263.26,584.13,-9635.49,-9051.36,,,
6161,2499.27,5757.72,7593.59,696.19,373.62,-376.06,-5350.43,-45228.15,2445,31960.4,-9744.68,264.83,371.16,-9479.85,-9108.69,,,
6171,2527.84,5653.8,7623.66,709.62,363.31,-406.5,-5391.44,-45123.85,2490.53,32103.7,-9847.48,263.92,550.66,-9583.55,-9032.89,,,
6181,2577.78,5667.01,7653.13,684.73,391.25,-388.49,-5366.14,-45194.75,2496.05,32095.52,-9884.48,261.46,616.11,-9623.02,-9006.91,,,
6191,2543.89,5642.07,7720.89,719.04,383.11,-398.74,-5351.32,-45283.76,2454.23,32129.57,-9836.59,266.15,558.98,-9570.45,-9011.47,,,
6201,2561.46,5718.02,7630.77,692.52,382.13,-367.39,-5441.19,-44979.29,2449.77,32041.08,-10007.93,265.35,687.87,-9742.58,-9054.71,,,
6211,2551.93,5696.49,7597.23,703.06,379.42,-347.5,-5403.29,-45168.34,2471.33,32198.61,-9895.07,259.4,678.96,-9635.67,-8956.71,,,
6221,2604.55,5729.93,7614.64,699.66,380.07,-396.68,-5325.66,-44890.66,2503.6,31849.58,-9947.05,266.76,769.03,-9680.3,-8911.27,,,
6231,2523.72,5646.95,7585.91,672.39,359.81,-375.32,-5430.11,-44788.93,2497.97,32027.19,-10071.32,263.32,719.59,-9808,-9088.41,,,
6241,2504.93,5759.7,7675.4,678.93,365.88,-380.28,-5438.09,-45242.08,2463.73,32254.47,-9822.23,259.12,642.59,-9563.11,-8920.52,,,
6251,2578.76,5733.48,7640.03,734.47,389.54,-410.42,-5356.97,-45290.01,2519.99,32068.51,-9823.1,262.96,607.39,-9560.14,-8952.75,,,
6261,2521.35,5727.05,7660.76,695.01,416.91,-393.16,-5418.71,-45193.53,2480.09,32072.14,-9871.79,263.71,567.92,-9608.08,-9040.16,,,
6271,2544.68,5718.03,7645.61,682.92,377.48,-393.51,-5388.38,-45218.06,2503.35,32050.2,-9802.01,265.84,522.32,-9536.17,-9013.86,,,
6281,2530.31,5595.45,7604.29,694.74,384.65,-391.08,-5406.78,-45277.07,2498.16,32132.99,-9747.39,264.01,365.65,-9483.38,-9117.73,,,
6291,2514.8,5601.96,7667.82,698.24,382.61,-388.95,-5424.06,-45394.92,2473.33,32161.62,-9671.16,262.01,292.44,-9409.15,-9116.71,,,
6301,2529.19,5798.92,7641.88,710.79,387.99,-400.09,-5385.47,-45346.78,2436.27,32023.55,-9661.56,261.62,396.27,-9399.94,-9003.68,,,
6311,2524.45,5800.16,7727.67,681.93,385.39,-415.63,-5397.69,-45263.58,2463.53,31981.93,-9677.93,258.8,488.16,-9419.13,-8930.97,,,
6321,2464.24,5721.3,7653.88,699.75,386.51,-394.23,-5405.73,-45302.44,2524.62,32052.89,-9703.38,263.16,400.79,-9440.22,-9039.43,,,
6331,2577.5,5570.79,7626.85,689.29,372.72,-424.47,-5434.25,-45349.45,2465.71,32237.36,-9790.24,262.39,332.05,-9527.85,-9195.8,,,
6341,2553.61,5618.56,7655.29,680.58,376.61,-365.97,-5341.75,-45286.09,2521.78,32186.64,-9807.42,263.6,599.26,-9543.82,-8944.56,,,
6351,2506.21,5719.15,7665.71,706,403.12,-407.76,-5415.08,-45402.6,2496.51,32146.03,-9720.33,258.04,417.29,-9462.29,-9045,,,
6361,2559.18,5637.57,7624.92,707.55,394.89,-356.31,-5409.95,-45324.51,2426.12,32139.44,-9735.07,265.11,398.89,-9469.96,-9071.07,,,
6371,2537.28,5685.93,7618.92,689.13,384.74,-372.53,-5363.67,-45544.82,2506.55,32223.16,-9621.9,259.25,364.67,-9362.65,-8997.98,,,
6381,2544.78,5641.43,7633.39,684.98,383.3,-388.09,-5456.4,-45377.63,2445.7,32145.1,-9652.64,258.38,256.56,-9394.26,-9137.7,,,
6391,2490.67,5760.12,7695.24,677.49,389.07,-395.71,-5402.86,-45280.46,2517.48,32066.51,-9698.12,258.67,517.55,-9439.45,-8921.9,,,
6401,2498.37,5688.47,7644.03,688.2,348.86,-383.18,-5413.06,-45161.05,2455.26,32125.22,-9883.98,261.96,491.13,-9622.02,-9130.88,,,
6411,2544.71,5667.76,7608.58,701.95,377.43,-384.48,-5428.21,-45265.7,2454.44,32201.95,-9831.5,257.95,478.44,-9573.55,-9095.11,,,
6421,2641.43,5669.58,7629.2,698.78,393.6,-400.21,-5363.03,-45177.84,2424.39,32004.34,-9805.27,263.61,520.23,-9541.66,-9021.42,,,
6431,2629.34,5722.58,7613.75,693.27,379.08,-390.11,-5414.26,-45121.33,2449.32,32132.9,-9939.66,261.27,694.53,-9678.39,-8983.86,,,
6441,2542.85,5750.48,7592.85,694.95,380.58,-393.28,-5421.85,-45170.24,2509.84,32086.88,-9770.16,260.47,573.06,-9509.69,-8936.63,,,
6451,2592.63,5742.14,7678.92,686.45,407.85,-406.64,-5430.09,-45064.47,2430.5,32142.44,-9970.88,261.84,779.74,-9709.04,-8929.3,,,
6461,2501.55,5649.13,7603.42,672.26,374.42,-405.26,-5385.74,-44897.24,2483.63,32093.52,-10028.04,267.27,689.69,-9760.77,-9071.08,,,
6471,2526.1,5781.11,7608.71,697.84,408.71,-387.1,-5405.75,-45219.42,2476.48,32184.84,-9839.8,258.87,671.52,-9580.93,-8909.41,,,
6481,2548.7,5682.33,7633.23,695.06,404.72,-418.99,-5371.5,-45147.34,2465.53,32107.88,-9845.21,263.89,599.63,-9581.32,-8981.69,,,
6491,2490.7,5826.35,7625.52,707.4,379.57,-406.15,-5372.07,-45020.16,2471.41,32091.66,-9963.98,260.71,794.22,-9703.27,-8909.06,,,
6501,2559.68,5629.66,7603.81,702.13,376.87,-378.02,-5432.05,-44934.66,2450.05,32035.29,-9997.16,261.3,612.76,-9735.86,-9123.11,,,
6511,2555.08,5737.77,7600.04,690.1,402.97,-366.23,-5422.74,-44870.66,2441.68,32105.04,-10061.33,260.57,873.04,-9800.76,-8927.72,,,
6521,2522.86,5751.69,7591.06,701.62,377.17,-362.62,-5403.05,-45163.57,2464.04,32175.66,-9906.71,259.9,654.86,-9646.81,-8991.95,,,
6531,2530.52,5674.87,7687.09,698.13,397.21,-396.55,-5447.32,-44796.93,2488.24,32031.98,-10109.52,261.62,867.23,-9847.9,-8980.67,,,
6541,2537.65,5741.82,7644.06,707.31,397.41,-371.25,-5298.78,-45077.04,2494.01,32058.3,-9941.74,264.26,833.47,-9677.47,-8844,,,
6551,2608.03,5733.89,7721.08,696.74,387.88,-400.94,-5407.94,-44957.02,2435.22,32067.73,-9971.59,263.28,884.68,-9708.31,-8823.63,,,
6561,2466.61,5716.99,7690.14,701.7,359.08,-393.72,-5378.48,-45091.7,2509.23,31923,-9821.91,260.69,502.84,-9561.22,-9058.38,,,
6571,2563.75,5763.28,7649.32,696.73,403.08,-380.88,-5362.64,-45071.25,2498.54,31928.1,-9786.84,262.56,688.03,-9524.28,-8836.26,,,
6581,2560.15,5683.77,7640.06,674.21,408.91,-383.79,-5366.22,-45189.63,2477.97,32050.11,-9784.41,258.27,555.55,-9526.14,-8970.59,,,
6591,2512.98,5654.13,7656.73,690.24,358.66,-393.92,-5340.23,-45130.35,2478.64,32077.43,-9893.89,263,564.32,-9630.89,-9066.57,,,
6601,2573.24,5748.82,7638.53,690.77,381.13,-424.28,-5418.8,-45271.88,2476.72,32082.82,-9661.5,261.71,477.07,-9399.79,-8922.72,,,
6611,2481.96,5820.51,7575.43,682.43,382.73,-389.58,-5459.89,-44929.83,2458.87,31918.68,-9914.83,261.94,541.31,-9652.89,-9111.59,,,
6621,2526.4,5692.76,7629.41,695.14,401.52,-384.6,-5387.9,-45046.28,2450.08,32056.37,-9905.41,259.22,632.89,-9646.19,-9013.29,,,
6631,2552.94,5749.22,7609.38,686.32,382.8,-401.61,-5391.98,-45209.97,2501.28,32066.31,-9782.26,264.47,544.7,-9517.79,-8973.09,,,
6641,2535.61,5608.27,7602.45,687.01,379.31,-410.11,-5349.56,-45255.7,2481.9,32080.75,-9823.88,264.67,359.93,-9559.22,-9199.29,,,
6651,2530.51,5654.51,7693.79,703.95,390.79,-403.59,-5431.74,-44928.34,2465.22,32003.85,-9965.9,264.77,678.93,-9701.13,-9022.2,,,
6661,2553,5720.03,7628.92,696.84,377.44,-405.64,-5369.35,-45278.15,2458.52,31999.18,-9645.74,262.53,380.81,-9383.21,-9002.4,,,
6671,2614.28,5731.03,7627.27,706.17,402.96,-364.67,-5356.63,-45222.13,2477,32022.39,-9762.21,261.72,637.69,-9500.49,-8862.8,,,
6681,2548.89,5727.45,7624.78,685.65,392.79,-406.63,-5413.36,-44699.8,2461.76,31870.11,-10103.24,264.94,791.66,-9838.3,-9046.64,,,
6691,2475.82,5693.87,7630.89,698.99,384.29,-389.75,-5411.45,-45197.69,2482.8,32010.42,-9754.13,263.4,378.19,-9490.74,-9112.55,,,
6701,2505.06,5656.55,7645.04,686.12,391.32,-414.29,-5371.6,-45119.06,2476.55,32019.95,-9781.75,259.1,475.65,-9522.65,-9047,,,
6711,2520.17,5671.47,7616.04,698.37,383.63,-394.8,-5404.1,-45432.16,2528.42,32040.38,-9552.97,261.69,227.42,-9291.28,-9063.86,,,
6721,2455.63,5767.37,7673.62,718.19,396.86,-385,-5375.69,-45214.93,2463.38,32016.71,-9727.18,262.69,516.15,-9464.49,-8948.34,,,
6731,2555.07,5688.3,7631.52,684.08,385.2,-411.3,-5425.55,-45140.09,2475.06,31930.49,-9731.05,258.13,372.78,-9472.92,-9100.14,,,
6741,2553.11,5670.6,7662.96,682.06,369.8,-417.22,-5416.36,-45283.27,2472.95,32074.02,-9706.36,262.77,368.65,-9443.59,-9074.94,,,
6751,2578.31,5652.23,7701.28,679.49,393.21,-401.45,-5370.3,-45111.27,2429.9,32000.82,-9777.13,263.26,552.2,-9513.87,-8961.67,,,
6761,2474.82,5801.63,7593.64,674.02,349.78,-386.6,-5335,-45172.84,2489.49,32021.35,-9797.41,263.4,510.29,-9534.01,-9023.71,,,
6771,2472.5,5629.91,7630.55,694.46,395.26,-430.65,-5375.9,-44757.9,2464.33,31989.39,-10065.08,265.75,711.96,-9799.33,-9087.37,,,
6781,2504.34,5780.98,7616.22,686.38,375.14,-409.06,-5384.95,-45041.44,2438.04,32044.7,-9875.43,263.8,610.35,-9611.63,-9001.28,,,
6791,2499.38,5860.19,7685.09,705.82,398.92,-426.61,-5365.18,-44897.33,2471.15,31853.19,-9888.7,266.01,784.63,-9622.68,-8838.05,,,
6801,2500.19,5727.24,7641.7,705.44,383.36,-380.41,-5390.03,-44793.85,2480.5,31899.23,-10008.38,265.99,773.36,-9742.39,-8969.03,,,
6811,2529.87,5715.95,7614.5,680.55,374.29,-406.35,-5399.15,-45121.82,2472.54,31977.73,-9758.97,258.73,438.12,-9500.24,-9062.12,,,
6821,2450.1,5719.64,7692.28,695.26,408.34,-416.57,-5410.88,-44852.89,2474.54,32003.12,-10033.33,264.18,762.94,-9769.15,-9006.22,,,
6831,2572.42,5668.44,7655.51,704.32,370.05,-415.73,-5439.44,-45009.38,2499.2,31953.7,-9825.77,264.38,559.09,-9561.39,-9002.3,,,
6841,2525.04,5697.92,7629.09,697.62,415.95,-403.36,-5430.09,-44940.96,2480.15,31903.7,-9849.43,259.17,575.08,-9590.27,-9015.19,,,
6851,2482.08,5661.69,7654.77,690.91,415.16,-416.25,-5414.2,-45126.95,2492.14,32058.55,-9764.31,255.32,497.9,-9509,-9011.09,,,
6861,2497.6,5646.64,7681.93,674.61,367.07,-425.07,-5432.35,-45161.74,2503.76,31921.89,-9683.27,257.58,274.32,-9425.69,-9151.37,,,
6871,2543.65,5676.62,7703.56,687.01,386.94,-398.44,-5402.54,-45270.51,2489.71,32043.83,-9730.47,257.34,459.84,-9473.12,-9013.28,,,
6881,2557.06,5679.96,7649.51,680.4,376.46,-394.98,-5390.23,-45305.32,2446.88,31963.74,-9605.08,266.5,263.48,-9338.58,-9075.1,,,
6891,2503.19,5717.43,7620.78,684.1,395.03,-400.96,-5397.79,-45235.4,2473.27,31936.35,-9658.92,257.34,296,-9401.59,-9105.59,,,
6901,2472.95,5825.26,7656.88,685.8,399.06,-378.44,-5420.33,-45166.43,2484.09,32046.14,-9797.47,257.87,604.99,-9539.6,-8934.61,,,
6911,2477.7,5789.97,7670.09,713.6,388.54,-398.75,-5490.33,-45204.01,2466.86,32098.12,-9722.17,257.52,511.8,-9464.66,-8952.86,,,
6921,2529.96,5682.78,7630.78,678.03,391.18,-435.74,-5346.27,-45104.29,2485.72,32093.39,-9879.17,261.46,605.54,-9617.71,-9012.18,,,
6931,2590.68,5669.99,7682.82,685.04,400.87,-403.16,-5432.47,-45208.24,2490.25,32081.59,-9748.81,255.55,557.35,-9493.26,-8935.91,,,
6941,2521.68,5675.35,7641.99,707.81,389.63,-402.54,-5372.44,-45338.32,2490.43,32137.28,-9685.15,259.68,450.88,-9425.47,-8974.59,,,
6951,2527.35,5743.71,7646.58,706.53,366.81,-389.18,-5415.94,-45144.75,2450.01,32032.13,-9768.16,262.61,523.24,-9505.55,-8982.31,,,
6961,2543.36,5613.95,7705.97,708.09,403.27,-373.28,-5373.33,-45029.78,2517.79,32066.25,-9938.05,256.87,782.29,-9681.18,-8898.9,,,
6971,2514.63,5721.53,7682.13,669.72,413.44,-403.45,-5387.66,-45121.61,2481.95,32031.38,-9844.32,258.07,602.04,-9586.25,-8984.21,,,
6981,2474.27,5613.69,7632.79,683.02,373.73,-368.13,-5406.57,-45482.56,2536.61,32171.59,-9616.62,253.79,228.44,-9362.84,-9134.39,,,
6991,2556.25,5662.08,7610.9,692.33,386.34,-416.65,-5383.67,-45403.77,2493.06,32016.79,-9613.74,259.18,213.66,-9354.56,-9140.89,,,
7001,2527.63,5720.7,7635.25,682.96,382.39,-392.3,-5397.02,-45427.36,2488.64,32069.14,-9591.34,257.96,290.04,-9333.38,-9043.34,,,
7011,2584.68,5705.25,7663.12,691.86,380.55,-413.67,-5413.74,-45195.55,2496.67,32022.6,-9688.92,255.24,521.77,-9433.68,-8911.91,,,
7021,2555.08,5716.3,7633.3,722,394.83,-358.43,-5372.27,-45349.4,2484.07,32046.5,-9623.35,257.38,471.98,-9365.97,-8893.99,,,
7031,2544.4,5722.69,7672.69,707.82,381.61,-438.28,-5428.76,-44882.26,2467.9,31920.1,-9954.81,262.01,667.9,-9692.8,-9024.9,,,
7041,2632.62,5702.72,7666.6,713.08,387.58,-424.9,-5394.98,-45120.64,2460.99,31970.95,-9723.32,260.89,594.02,-9462.43,-8868.41,,,
7051,2535.83,5757.78,7642.76,685.85,377.67,-426.31,-5365.84,-45194.19,2477.81,31889.96,-9673.44,261.03,381.34,-9412.42,-9031.08,,,
7061,2507.75,5773.43,7619.42,700.6,367.54,-402.75,-5381.58,-45061.26,2449.68,31935.64,-9817.71,260.5,508.47,-9557.21,-9048.74,,,
7071,2550.98,5691.76,7616.49,691.43,387.75,-391.44,-5365.93,-45116.9,2514.72,31996.22,-9779.72,261.43,575.08,-9518.3,-8943.22,,,
7081,2526.27,5586.07,7642.89,680.35,381.32,-413.65,-5389.37,-44904.32,2483.45,31968.18,-9911.27,260.61,561.19,-9650.66,-9089.47,,,
7091,2609.19,5660.5,7586.15,686.28,380.04,-375.52,-5390.9,-44947.32,2466.31,31949.94,-9931.54,260.27,624.67,-9671.27,-9046.6,,,
7101,2533.36,5776.56,7656.99,704.49,376.13,-382.46,-5437.88,-44905.93,2454.85,31972.37,-9905.73,259.49,748.47,-9646.24,-8897.77,,,
7111,2586.98,5674.76,7688.27,707.79,382.93,-394.38,-5397.41,-44941.98,2473.17,32015.15,-9939.7,260.2,795.29,-9679.5,-8884.21,,,
7121,2517.6,5713.35,7652.11,699.53,404.22,-400.62,-5435.21,-45005.08,2470.04,31998.68,-9882.78,259.55,614.61,-9623.24,-9008.63,,,
7131,2547.6,5745.2,7573.59,672.36,372.48,-409.86,-5468.68,-44991.52,2463.16,32048.44,-9860.18,258.35,552.78,-9601.84,-9049.06,,,
7141,2576.46,5736.48,7693.29,699.44,392.04,-364.92,-5422,-45140.02,2465.97,31943.92,-9721.32,258.97,580.63,-9462.35,-8881.72,,,
7151,2540.02,5669.61,7638.84,682.68,395,-388.2,-5361.04,-45252.77,2455.71,31859.65,-9585.23,258.12,239.5,-9327.11,-9087.61,,,
7161,2572.93,5687.37,7635.63,697.96,368.79,-396.95,-5454.4,-45041.32,2459.39,32038.45,-9802.95,258.54,567.85,-9544.4,-8976.56,,,
7171,2504.73,5634.87,7609.06,679.52,391.4,-390.66,-5402.06,-45215.44,2490,31978.19,-9685.76,260.35,279.62,-9425.41,-9145.79,,,
7181,2576.24,5765.32,7612.7,692.47,391.97,-381.1,-5366.55,-45295.55,2511.79,31955.57,-9579.47,257.67,462.87,-9321.79,-8858.92,,,
7191,2596.08,5746.97,7645.71,697.45,384.69,-429.4,-5420.03,-45043.79,2474.66,31941.29,-9793.77,260.33,593.64,-9533.44,-8939.79,,,
7201,2554.67,5679.41,7666.41,685.39,374.35,-400.88,-5396.37,-45143.87,2482.59,32041.69,-9794.54,259.89,543.39,-9534.64,-8991.26,,,
7211,2585.84,5675.65,7680.85,694.41,363.34,-414.16,-5425.38,-44997.02,2452.54,31942.22,-9843.06,261.28,558.28,-9581.78,-9023.49,,,
7221,2566.33,5835.92,7646.9,698.35,429.71,-415.3,-5398.13,-45343.03,2491.75,31991.15,-9521.65,254.91,503.67,-9266.74,-8763.07,,,
7231,2566.61,5704.19,7701.13,692.01,407.79,-369.68,-5426.96,-45013.44,2471.82,31997.14,-9864.02,258.41,730.61,-9605.62,-8875.01,,,
7241,2547.3,5736.2,7614.79,688.51,381.62,-394.93,-5466.48,-45245.62,2482.36,32092.78,-9752.29,258.65,436.54,-9493.64,-9057.11,,,
7251,2474.78,5622.37,7661.23,679,401.81,-381.41,-5390.68,-45401.46,2493.37,32087.31,-9602.11,255.95,246.31,-9346.16,-9099.85,,,
7261,2526.22,5614.78,7678.7,694.63,388.59,-399.94,-5391.04,-44924.27,2510.77,32078.01,-9985.54,257.5,776.43,-9728.04,-8951.6,,,
7271,2621.12,5617.66,7688.15,688.94,386.86,-390.98,-5350.74,-44956.41,2469.24,32047.3,-9988.22,259.45,821.15,-9728.78,-8907.63,,,
7281,2525.92,5764.48,7639.51,709.06,387.14,-403.11,-5389.68,-45100.94,2460.21,32021.9,-9830.12,254.7,614.48,-9575.42,-8960.94,,,
7291,2531.89,5730.91,7639.7,696.16,383.78,-408.77,-5439.07,-45132.18,2488.04,31996.55,-9786.48,257.57,487.02,-9528.91,-9041.9,,,
7301,2487.09,5667.9,7623.85,677.85,376.37,-372.09,-5445.22,-45165.48,2472.32,32211.68,-9830.44,260.66,534.26,-9569.78,-9035.52,,,
7311,2502.71,5776.92,7594.66,685.08,381.61,-403.57,-5440.13,-45029.33,2478.8,32057.11,-9867.7,261.43,603.86,-9606.27,-9002.41,,,
7321,2581.09,5797.89,7572.76,706.47,385.46,-405.66,-5494.02,-45156.46,2462.04,31955.48,-9670.92,259.26,405.05,-9411.66,-9006.6,,,
7331,2606.85,5712.28,7614.88,703.43,387.49,-398.46,-5455.34,-44958.05,2431.94,31989.74,-9874.47,255.46,634.75,-9619.01,-8984.26,,,
7341,2522.1,5785.77,7707.12,681.4,412.1,-418.44,-5450.51,-44963.85,2435.53,32018.72,-9914.91,263.74,729.94,-9651.17,-8921.24,,,
7351,2506.02,5678.35,7622.58,692.6,399.08,-400.97,-5416.8,-44972.88,2476.54,32158.52,-9961.8,260.91,743.05,-9700.89,-8957.85,,,
7361,2549.19,5761.81,7604.67,682.73,384.85,-375.61,-5389.42,-44985.54,2397.93,31924.75,-9903.83,260.83,555.36,-9643,-9087.65,,,
7371,2522.6,5797.61,7621.03,689.86,381.74,-387.15,-5439.36,-45107.07,2435.33,32047.63,-9788.32,258.26,562.23,-9530.06,-8967.84,,,
7381,2521.05,5801.45,7668.73,697.22,386.05,-389.1,-5371.72,-45289.89,2468.56,32042.98,-9714.09,257.67,535.33,-9456.41,-8921.09,,,
7391,2556.26,5646.24,7642.71,692.05,382.12,-377.51,-5375.6,-45081.02,2457.46,32006.46,-9839.08,257.79,549.17,-9581.29,-9032.13,,,
7401,2575.71,5708.13,7706.82,698.23,382.59,-415.11,-5416.35,-45092.13,2455.96,32016.55,-9801.84,257.42,620.41,-9544.42,-8924.02,,,
7411,2570.13,5673.91,7556.8,691.2,387.84,-400.63,-5394.71,-45022.92,2450.72,32032.59,-9908.02,263.09,544.93,-9644.93,-9100,,,
7421,2539.54,5771.37,7624.45,710.85,383.54,-391.62,-5452.91,-45038.85,2420.37,32117.43,-9949.64,262.41,684.18,-9687.23,-9003.05,,,
7431,2460.01,5784.55,7603.36,707.26,378.74,-414.21,-5455.99,-45051.93,2499.52,32108,-9914.77,255.82,619.29,-9658.95,-9039.66,,,
7441,2483.34,5659.65,7644.44,691.83,394.97,-416.5,-5412.91,-45055.39,2531.76,32062.51,-9813.86,257.7,583.72,-9556.16,-8972.45,,,
7451,2546.32,5667.7,7684.95,707.43,374.96,-425.51,-5423.31,-45127.65,2523.46,32150.15,-9852.74,262.36,678.5,-9590.37,-8911.87,,,
7461,2491.65,5577.78,7681.4,687.47,403.23,-389.44,-5491.12,-45112.97,2486.46,32051.94,-9739.46,256.82,386.4,-9482.64,-9096.24,,,
7471,2526.87,5704.21,7658.43,711.12,372.81,-397.39,-5467.74,-44949.75,2486.63,31960.27,-9905.54,259.37,605.46,-9646.17,-9040.7,,,
7481,2565.2,5736.29,7682.88,705.02,402.92,-398.22,-5418.66,-44995.45,2465.16,31983.13,-9895.51,256.28,728.26,-9639.23,-8910.97,,,
7491,2514.61,5707.76,7642.33,677.85,370.57,-381.97,-5454.47,-45160.48,2474.86,32115.95,-9834.44,257.44,507.02,-9577,-9069.98,,,
7501,2592.69,5650.79,7616.91,699.48,380.71,-394.89,-5467.6,-45101.47,2434.05,32139.94,-9890.09,258.45,550.63,-9631.63,-9081.01,,,
7511,2574.52,5731.06,7680.4,689.33,382.65,-377.95,-5398.25,-45140.71,2448.91,32053.58,-9844.96,260.94,643.53,-9584.02,-8940.49,,,
7521,2523.04,5652.62,7694.4,683.29,393.59,-394.6,-5437.61,-45219.21,2456.82,32104.46,-9715.89,254.17,456.8,-9461.72,-9004.92,,,
7531,2563.81,5615.47,7664.12,716.39,404.7,-399.84,-5455.62,-45264.11,2450.69,32106.27,-9695.33,255.57,401.86,-9439.76,-9037.9,,,
7541,2546.81,5678.81,7673.16,714.4,357.72,-381.3,-5414.33,-45110.44,2441.79,32033.2,-9824.16,257.31,539.82,-9566.85,-9027.03,,,
7551,2507.94,5667.81,7630.77,694.9,393.77,-358.29,-5435.38,-44912.29,2443.68,31950.02,-9930.99,258.41,582.93,-9672.58,-9089.65,,,
7561,2444.89,5745.5,7659.13,717.85,386.74,-391.72,-5401.68,-45345.25,2495.97,32208.66,-9738.92,259.11,520.07,-9479.81,-8959.74,,,
7571,2550.06,5752.89,7661.67,686.48,389.33,-396.97,-5359.81,-45266.48,2458.58,32118.18,-9777.45,257.61,593.93,-9519.84,-8925.91,,,
7581,2499.94,5819.52,7700.77,699.63,387.9,-437.59,-5390.86,-45052.61,2456.38,32028.43,-9876.96,258.46,711.5,-9618.5,-8907,,,
7591,2505.13,5637.27,7648.25,702.76,405.43,-401.09,-5389.34,-45101.56,2517.07,32208.79,-9960.83,259.55,732.71,-9701.29,-8968.57,,,
7601,2452.63,5759.91,7685.01,694.89,405.71,-385.69,-5412.89,-45292.86,2462.48,32194.64,-9753.63,258.82,563.83,-9494.81,-8930.98,,,
7611,2475.22,5722.67,7624.24,687.85,387,-408.85,-5369.8,-45344.06,2482.76,32184.38,-9767.71,258.17,441.4,-9509.54,-9068.14,,,
7621,2598.96,5780.05,7669.69,709.89,389.81,-376.29,-5403.04,-45262,2488.44,31988.59,-9688.89,254.35,584.1,-9434.54,-8850.45,,,
7631,2484.4,5646.9,7646.4,679.34,386.48,-377.62,-5448.45,-45390.66,2447.62,32150.94,-9655.51,254.18,225.36,-9401.32,-9175.97,,,
7641,2527.35,5679.78,7671.62,688.3,390.78,-387.61,-5439.9,-45381.35,2471.6,32198.69,-9713.17,256.3,419.26,-9456.86,-9037.6,,,
7651,2507.31,5726.19,7656.33,681.64,409.07,-395.24,-5405.84,-45301.11,2441.26,32078.04,-9711.95,257.13,397.64,-9454.83,-9057.18,,,
7661,2492.41,5771.64,7622.55,669.61,384.38,-431.67,-5419.9,-45360.14,2475.69,32185.32,-9656.26,253.2,389.89,-9403.06,-9013.17,,,
7671,2543.25,5696.02,7677.52,688.74,404.46,-438.81,-5412.95,-45171.7,2476.08,32056.66,-9781.24,256.52,519.26,-9524.72,-9005.46,,,
7681,2525.19,5777.62,7653.31,699.27,377.98,-388.19,-5418.16,-45352.82,2455.16,32075.31,-9640.54,256.02,404.66,-9384.52,-8979.85,,,
7691,2500.24,5783.7,7653.54,720.22,378.12,-425.48,-5424,-45307.08,2484.57,32182.07,-9719.87,256.57,545.91,-9463.31,-8917.4,,,
7701,2442.43,5718.08,7655.42,711.81,398.11,-401.35,-5414.01,-45340.06,2484.64,32250.87,-9750.95,254.76,505.95,-9496.19,-8990.24,,,
7711,2470.61,5745.91,7633.44,676.36,368.17,-411.43,-5440.44,-45148.69,2461.89,32200.96,-9877.79,256.61,556.79,-9621.18,-9064.38,,,
7721,2534.9,5796.13,7664.87,706.72,392.57,-416.84,-5419.95,-45105,2427.6,32064.69,-9849.45,254.12,645.68,-9595.34,-8949.65,,,
7731,2505.21,5662.31,7663.25,686.77,376.49,-407.14,-5436.58,-45290.8,2500.6,32230.94,-9806.91,259.45,491.05,-9547.46,-9056.42,,,
7741,2556.93,5743.49,7691.16,692.74,411.65,-400.73,-5431,-45228.78,2484.96,32136.6,-9786.49,257.85,657.02,-9528.64,-8871.62,,,
7751,2487.12,5659.75,7721.18,686.37,377.12,-429.02,-5351.68,-45261.47,2525.02,32150.38,-9843.6,257.36,564.75,-9586.24,-9021.49,,,
7761,2613.22,5791.4,7633.4,717.55,371.14,-442.32,-5439.8,-45176.75,2459.32,32085.88,-9812.35,254.33,613.04,-9558.01,-8944.97,,,
7771,2473.26,5756.95,7607.94,680.34,389.12,-410.1,-5399.47,-45383.77,2443.14,32208.5,-9746.67,259.38,365.91,-9487.29,-9121.38,,,
7781,2548.91,5644.81,7641.02,702.69,397.26,-394.23,-5420.92,-45374.4,2503.8,32197.53,-9695.86,257.41,446.47,-9438.44,-8991.98,,,
7791,2499.36,5673.4,7648.27,690.28,367.63,-378.87,-5403.77,-45200.64,2503.16,32157.71,-9798.78,254.29,556.52,-9544.49,-8987.97,,,
7801,2541.47,5677.03,7686.78,687.41,378.73,-407.14,-5411.12,-45481.99,2488.41,32221.41,-9586.96,252.74,381,-9334.22,-8953.22,,,
7811,2556.62,5727.85,7653.78,701.13,406.16,-414.69,-5463.26,-45231.27,2487.58,32103.66,-9755.83,254.8,527.55,-9501.03,-8973.47,,,
7821,2538.1,5621.49,7634.37,707.54,395.97,-383.98,-5367.39,-45171.99,2487.79,32156.14,-9878.87,256.78,618.05,-9622.09,-9004.04,,,
7831,2531.71,5714.49,7657.2,704.54,400.06,-396.78,-5425.76,-45257.87,2474.29,32194.69,-9834.6,253.2,596.55,-9581.4,-8984.85,,,
7841,2470.32,5644.06,7598.79,704.3,366.1,-391.03,-5454.77,-45289.85,2498.82,32254.91,-9812,253.48,401.65,-9558.52,-9156.87,,,
7851,2542.81,5712.89,7616.97,711.9,384.74,-390.07,-5443.35,-45146.04,2435.31,32098.29,-9868.83,258.26,523.46,-9610.57,-9087.11,,,
7861,2511.62,5639.03,7653.67,667.91,369.7,-419.22,-5393.47,-45369.58,2476.97,32150.17,-9694.97,258.31,286.79,-9436.66,-9149.86,,,
7871,2510.18,5733.11,7628.98,704.39,380.15,-402.07,-5377.64,-45282.74,2404.55,32098.24,-9724.16,264.5,397.17,-9459.67,-9062.5,,,
7881,2562.22,5701.05,7697.88,703.39,399.61,-392.36,-5433.09,-45404.96,2419.6,32221.11,-9697.63,257.36,474.44,-9440.27,-8965.83,,,
7891,2586.15,5726.86,7650.92,682,357.08,-417.52,-5392.18,-45418.37,2472.92,32132.27,-9651.36,256.84,380.15,-9394.52,-9014.37,,,
7901,2630.55,5769.97,7665.44,697.8,416.24,-412.3,-5400.85,-45260.67,2470.11,32087.57,-9800.74,258.91,663.86,-9541.83,-8877.97,,,
7911,2527.42,5614.09,7688.42,692.06,376.51,-390.17,-5492.2,-45404.38,2478.57,32275.4,-9672.53,252.25,365.72,-9420.28,-9054.56,,,
7921,2532.57,5829.82,7659.37,709.56,394.65,-391.2,-5386.19,-45333.85,2455.18,31997.43,-9638.95,258.82,467.33,-9380.12,-8912.79,,,
7931,2594.14,5597.67,7689.04,719.75,400.51,-387.17,-5376.93,-45199.73,2494.14,32085.74,-9826.82,257.31,617.16,-9569.52,-8952.35,,,
7941,2531.02,5771.81,7652.55,696.11,388.69,-385.72,-5401.55,-45189.12,2438.94,32060.29,-9763.16,260.53,563.02,-9502.62,-8939.6,,,
7951,2507.83,5638.15,7703.29,715.09,384.57,-377.77,-5430.61,-45420.23,2497.89,32152.25,-9603.78,258,370.47,-9345.78,-8975.31,,,
7961,2576.15,5666.02,7625.41,676.96,390.34,-381.61,-5426.62,-45379.89,2467.43,32237.46,-9749.1,259.65,451.66,-9489.46,-9037.8,,,
7971,2488.39,5651.85,7672.4,692.73,404.05,-381.76,-5374.99,-45242.05,2490.55,32228.08,-9879.51,262.5,629.26,-9617.01,-8987.75,,,
7981,2463.04,5724.99,7643.64,693.26,402.52,-383.2,-5418.19,-45244.92,2458.52,32201.92,-9857.65,257.56,541.58,-9600.08,-9058.51,,,
7991,2554,5753.66,7652.68,699.15,394.79,-391.35,-5420.82,-45367.92,2487.83,32158.12,-9714.84,260.73,520.13,-9454.12,-8933.98,,,
8001,2563.65,5702.47,7747.48,713.63,379.91,-397.65,-5379.25,-45026.71,2483.96,32210.62,-10046.08,261.18,998.1,-9784.9,-8786.8,,,
8011,2576.26,5634.6,7671.42,694.68,406.92,-408.04,-5393.01,-45231.21,2441.28,32216.25,-9848.52,262.51,609.15,-9586.02,-8976.87,,,
8021,2518.95,5718.71,7637.86,711.23,379.01,-394.71,-5451.38,-45346.96,2453.95,32232.57,-9707.63,259.09,459.22,-9448.53,-8989.31,,,
8031,2543.03,5607.7,7635.05,681.78,382.61,-367.87,-5371.9,-45400.57,2488.05,32168.58,-9690.13,257.31,366.47,-9432.83,-9066.36,,,
8041,2504.25,5842.03,7627.73,714.87,379.29,-368.44,-5421.84,-45056.65,2500.4,32136.95,-9910.5,262.45,858.59,-9648.05,-8789.46,,,
8051,2596.79,5716.3,7648.31,716.44,376.78,-381.1,-5420.7,-45090.21,2498.56,32215.78,-9983.48,261.13,876.95,-9722.35,-8845.4,,,
8061,2540.23,5730.14,7663.01,681.84,393.26,-383.76,-5410.51,-44989.4,2470.2,32072.88,-9966.44,257.05,767.89,-9709.39,-8941.5,,,
8071,2514.9,5787.66,7664.72,690.7,399.02,-374.62,-5488.35,-44944.26,2476.03,32062.21,-9962.65,256.97,788,-9705.68,-8917.68,,,
8081,2586.72,5685.72,7642.79,691.2,370.23,-380.99,-5407.2,-45087.72,2489.22,32130.87,-9887.38,259.64,720.84,-9627.75,-8906.9,,,
8091,2568.19,5702.51,7661.94,698.76,366.31,-374.69,-5440.98,-44839.55,2454.33,32056.35,-10031.88,259.45,853.17,-9772.42,-8919.25,,,
8101,2586.8,5673.39,7689.68,700.26,383.53,-364.34,-5381.55,-45157.63,2490.03,32067.2,-9796.16,258.96,687.36,-9537.2,-8849.83,,,
8111,2581.76,5621.52,7630.42,670.63,398.68,-400.16,-5420.41,-44948.96,2457.32,32016.26,-9905.61,255.5,607.05,-9650.11,-9043.06,,,
8121,2586.08,5689.53,7640.81,698.14,386.46,-385.93,-5447.03,-45050.72,2474.16,32074.05,-9876.1,256,665.56,-9620.1,-8954.54,,,
8131,2592.52,5744.01,7738.24,710.76,400.29,-415.48,-5433.25,-45146.67,2486.41,31984.29,-9788.1,259.59,661.12,-9528.51,-8867.39,,,
8141,2545.67,5833.01,7610.37,705.59,387.29,-363.59,-5432.54,-45067.75,2447.33,32008.08,-9837.6,259.53,673.47,-9578.07,-8904.6,,,
8151,2544.57,5741.61,7656.87,701.01,403.83,-413.86,-5460.75,-45092.09,2476.09,32025.49,-9740.72,254.68,582.78,-9486.05,-8903.27,,,
8161,2498.12,5697.58,7643.08,688.3,379.3,-383.46,-5464.21,-45429.7,2477.93,32238.05,-9615.93,254.91,344.99,-9361.02,-9016.03,,,
8171,2563.33,5530.95,7612.18,674.64,379.29,-366.6,-5405.74,-45465.08,2448.09,32249.61,-9630.28,258.29,220.67,-9371.99,-9151.32,,,
8181,2496.15,5631.35,7597.81,688.59,356.16,-403.27,-5424.46,-45218.69,2486.21,32208.56,-9802.86,257.6,418.41,-9545.26,-9126.84,,,
8191,2499.03,5666.12,7619.25,700.15,386.85,-403.52,-5387.79,-45099.68,2489.86,32114.97,-9878.9,262.42,585.24,-9616.48,-9031.24,,,
8201,2575.95,5684.43,7623.3,687.88,380.75,-373.29,-5370.61,-45250.27,2441.39,32137.29,-9781.15,262.06,536.81,-9519.09,-8982.28,,,
8211,2556.21,5685.57,7678.58,687.6,388.07,-429,-5392.76,-45243.68,2531.1,32120.57,-9723.21,257.72,582.25,-9465.49,-8883.24,,,
8221,2508.35,5681.65,7685.32,703.96,378.23,-423.24,-5383.89,-45219.54,2505.09,32158.69,-9772.08,259.73,594.62,-9512.34,-8917.72,,,
8231,2558.56,5682.31,7698.37,689.09,379.32,-427.15,-5414.89,-45068.2,2463.22,32079.05,-9830.12,259.33,639.68,-9570.8,-8931.11,,,
8241,2531.66,5604.72,7657.53,699.86,425.35,-406.01,-5393.2,-45457.19,2459.12,32132.67,-9611.58,259.21,254.52,-9352.37,-9097.85,,,
8251,2508.09,5626.55,7678.14,676.92,384.8,-371.41,-5393.86,-45316.25,2450.7,31985.55,-9573.04,262.34,229.24,-9310.7,-9081.46,,,
8261,2573.27,5699.69,7687.06,717.2,389.52,-384.83,-5408.8,-45170.3,2482.08,31934.03,-9695.88,254.88,518.91,-9441,-8922.08,,,
8271,2546.06,5744.89,7653.24,680.1,401.43,-409.9,-5336.59,-45088.77,2487.2,32095.5,-9923.44,265.4,773.17,-9658.04,-8884.86,,,
8281,2582.69,5728.94,7626.75,710.55,385.89,-406.87,-5371.46,-44996.1,2468.63,32031.08,-9938.39,265.75,760.11,-9672.64,-8912.53,,,
8291,2533.13,5685.98,7700.66,696.14,388.55,-393.44,-5389.84,-45186.36,2463.13,32030.23,-9791.08,259.71,528.17,-9531.38,-9003.21,,,
8301,2555.93,5732.62,7703.94,704.63,395.88,-394.87,-5407.56,-45111.48,2444.38,32125.39,-9868.8,262.82,748.85,-9605.98,-8857.14,,,
8311,2541.51,5621.65,7702.72,693.12,400.07,-412.12,-5456.24,-44945.87,2476.03,32150.84,-9922.18,260.56,771.7,-9661.62,-8889.92,,,
8321,2581.45,5670.68,7653.32,697.92,364.22,-361.74,-5417.39,-44896.14,2440.44,31970.99,-9957.77,261.15,703.77,-9696.62,-8992.86,,,
8331,2501.16,5685.46,7640.55,697.09,377.04,-386.63,-5438.2,-45042.27,2426.31,32051.73,-9940.68,261.75,512.25,-9678.92,-9166.68,,,
8341,2509.73,5708.99,7665.22,691.25,350.08,-365.78,-5359.31,-45077.29,2454.21,31968.06,-9841.73,262.74,545.16,-9578.99,-9033.84,,,
8351,2571.89,5722.29,7661.61,689.79,387.96,-381.58,-5399.67,-45176.14,2474.12,31989.71,-9754.15,259.09,540,-9495.06,-8955.07,,,
8361,2518.68,5633.69,7709.63,695.35,368.96,-366.2,-5459.06,-45285.05,2497.19,32214.51,-9729.21,257.69,527.71,-9471.51,-8943.81,,,
8371,2554.87,5774.6,7638.54,676.75,383.46,-420.14,-5404.27,-45007.83,2437.73,31919.34,-9831.44,259.18,553.05,-9572.26,-9019.21,,,
8381,2521.51,5723.19,7635.75,695.66,382.42,-393.17,-5335.42,-45056.76,2472.82,32105.98,-9915.03,262.36,751.99,-9652.67,-8900.68,,,
8391,2536.81,5757.31,7640.17,703.24,376.07,-379.74,-5384.02,-44817.58,2431.41,31951.97,-10027.35,262.76,815.64,-9764.59,-8948.94,,,
8401,2526.61,5547.53,7617.9,678.15,413.85,-372.19,-5394.58,-45090.02,2435.57,32114.1,-9854.34,265.42,476.9,-9588.92,-9112.02,,,
8411,2560.97,5673.63,7674.3,688.19,392.39,-355.63,-5410.09,-44976.32,2444.48,32168.96,-9963.43,261.44,860.89,-9701.99,-8841.11,,,
8421,2531.09,5629.9,7655.72,710.36,367.07,-382.33,-5446.43,-44969.7,2466.08,32081.11,-9950.16,261.62,642.88,-9688.54,-9045.66,,,
8431,2489.68,5777.55,7626.18,698.76,375.1,-410.12,-5408.5,-44977.35,2433.73,32090.19,-9981.25,263.47,695.2,-9717.78,-9022.58,,,
8441,2538.11,5743.47,7696.73,676.7,380.21,-399.37,-5443.99,-45458.74,2434.54,32246.12,-9600.8,260.85,413.79,-9339.95,-8926.16,,,
8451,2584.47,5688.8,7589.6,710.79,385.62,-365.28,-5390.36,-44993.06,2413.25,32101.32,-10007.53,264.49,725.16,-9743.04,-9017.89,,,
8461,2557.29,5686,7693.28,686.98,389.74,-385.23,-5417.28,-45108.17,2461.64,32125.14,-9873.07,262.27,689.39,-9610.8,-8921.41,,,
8471,2507.29,5742.95,7643.75,688.96,379.03,-387.25,-5354.67,-45053.8,2444.01,32014.08,-9880.23,264.4,624.35,-9615.82,-8991.47,,,
8481,2560.01,5592.86,7680.78,704.61,375.87,-381.62,-5402.34,-45056.84,2497.01,32168.39,-9884.65,262.03,738.72,-9622.61,-8883.9,,,
8491,2574.66,5758.88,7680.92,683.2,382.69,-395.61,-5442.15,-44959.11,2393.2,31934.39,-9893.7,260.21,611.09,-9633.48,-9022.4,,,
8501,2557.67,5719.89,7687.78,692.97,390.89,-424.08,-5361.24,-45051.27,2456.29,32021.42,-9891.41,264.06,690.31,-9627.35,-8937.04,,,
8511,2481.03,5762.23,7654.88,703.74,407.48,-353.99,-5399.73,-45171.48,2456.16,32037.16,-9748.36,265.39,577.49,-9482.97,-8905.48,,,
8521,2528.9,5666.79,7650.41,687.44,373.26,-394.92,-5460.06,-45208.16,2478.49,32145.98,-9757.63,261.54,468.13,-9496.09,-9027.96,,,
8531,2547.15,5670.7,7633.45,695.01,364.99,-398.52,-5425.06,-45200.34,2480.96,32085.84,-9770.51,257.58,454.18,-9512.93,-9058.74,,,
8541,2487,5693.01,7611.86,687.83,363.41,-352.69,-5359.68,-45496.26,2484.34,32049.07,-9544.29,257.47,167.89,-9286.82,-9118.93,,,
8551,2523.75,5738.64,7663.58,695.27,408.45,-358.5,-5392.11,-45428.06,2475.99,32202.69,-9680.53,259.68,529.7,-9420.85,-8891.15,,,
8561,2533.73,5708.62,7711.46,693.14,395.97,-364.62,-5451.54,-45270.78,2467.28,32114.23,-9736.44,255.2,537.48,-9481.24,-8943.76,,,
8571,2539.69,5627.44,7649.55,694.69,369.07,-394.89,-5395.19,-45046.67,2482.13,32057.2,-9865.65,258.32,583.03,-9607.33,-9024.3,,,
8581,2604.79,5661.32,7646.66,702.81,346.92,-377.87,-5426.42,-45198.12,2455.29,32113.56,-9851.96,262.54,528.97,-9589.42,-9060.46,,,
8591,2513.87,5591.13,7629.06,677.78,363.82,-374,-5437.36,-45079.4,2457.35,32188.13,-9880.3,259.1,530.39,-9621.19,-9090.81,,,
8601,2540.61,5667.61,7678.5,702.56,372.85,-369.64,-5379.6,-45173.85,2498.8,32045.11,-9791.28,257.51,582.95,-9533.78,-8950.83,,,
8611,2601.06,5734.51,7587.67,698.51,386.71,-380.29,-5366.93,-45132.62,2433.77,31887.69,-9757.65,262.91,450.08,-9494.74,-9044.66,,,
8621,2569.78,5671.43,7588.67,685.4,393.17,-391.93,-5396.91,-44995.16,2477.64,32110.19,-9958.12,262.92,712.27,-9695.2,-8982.93,,,
8631,2568.95,5746.27,7612.59,689.17,398.56,-373.96,-5383.03,-44902.31,2441.88,31972.71,-10034.87,264.28,770.84,-9770.58,-8999.74,,,
8641,2557.04,5620.87,7600.1,687.01,396.94,-358.47,-5371.13,-45165.16,2481.63,31990.29,-9786.1,263.13,439.12,-9522.97,-9083.86,,,
8651,2530.19,5650.05,7651.43,707.62,391.03,-402.87,-5364.15,-45129.21,2474.97,32065.83,-9839.75,262.58,574.89,-9577.17,-9002.28,,,
8661,2540.88,5688.62,7606.53,681.52,369.33,-396.86,-5424.48,-45141.36,2441.81,32092.49,-9860.33,259.52,458.48,-9600.81,-9142.33,,,
8671,2495.82,5669.12,7652.92,692.64,385.26,-397.75,-5383.19,-45101.93,2491.06,32005.07,-9848.07,260.41,509.03,-9587.66,-9078.63,,,
8681,2579.3,5719.22,7643,693.31,386.49,-367.2,-5447.4,-45019.33,2492.17,31959.72,-9873.71,255.77,639.28,-9617.93,-8978.66,,,
8691,2520.39,5637.69,7699.4,682.07,401.02,-363.08,-5420.27,-45053.81,2497,32050.99,-9920.15,261.08,651.4,-9659.08,-9007.68,,,
8701,2567.86,5661.22,7674.87,687,358.11,-395.75,-5471,-45202.78,2454.86,32006.16,-9702.46,257.48,340.55,-9444.98,-9104.44,,,
8711,2584.8,5748.37,7658.87,691.67,379.27,-404.32,-5409.18,-45152.04,2439.95,32000.98,-9812.55,258.95,538.37,-9553.61,-9015.24,,,
8721,2454.07,5641.78,7725.56,669.39,373.64,-391.04,-5455.01,-45078.33,2477.34,32040.7,-9815.91,260.13,458.11,-9555.78,-9097.67,,,
8731,2591.62,5693.02,7597.54,697.16,380.64,-377.55,-5378.9,-44934.56,2449.67,31935.66,-9943.39,262.49,654.28,-9680.9,-9026.61,,,
8741,2648.81,5730.52,7614.06,690.78,377.7,-394.98,-5438.36,-45086.26,2449.91,32025.81,-9901.15,262.55,617.98,-9638.6,-9020.62,,,
8751,2532.52,5646.55,7696.41,694.08,386.72,-384.16,-5423.04,-45153.67,2490.69,32056.22,-9799.19,257.09,542.33,-9542.1,-8999.77,,,
8761,2608.66,5706.06,7612.16,686.85,408.57,-409,-5441.64,-45174.83,2473.93,32197.75,-9880.22,258.4,668.51,-9621.82,-8953.31,,,
8771,2532.63,5685.22,7684.45,702.55,413.62,-392.55,-5425.63,-45211.56,2499.82,32155.62,-9851.59,258.83,644.17,-9592.77,-8948.6,,,
8781,2547.38,5712.86,7641.61,708.5,394.53,-420.44,-5394.21,-45112.17,2481.09,32023.83,-9877.84,264.39,582.97,-9613.45,-9030.48,,,
8791,2533.4,5599.43,7684.8,699.95,363.93,-366.66,-5436.57,-45168.82,2464.93,32047.58,-9764.16,255.58,421.96,-9508.58,-9086.62,,,
8801,2510.07,5742.68,7675.47,693.74,371.33,-380.35,-5374.76,-45295.95,2461.13,32027.7,-9708.78,256.56,431.07,-9452.23,-9021.16,,,
8811,2573.72,5686.6,7609.86,697.92,374.74,-427.73,-5407.98,-45204.62,2443.16,32059.77,-9743.58,258.79,405.44,-9484.79,-9079.34,,,
8821,2443.84,5682.05,7607.1,692,371.5,-391.59,-5381.96,-44843.46,2499.76,32080.43,-10078.61,261.98,759.67,-9816.63,-9056.96,,,
8831,2483.76,5795.26,7694.25,690.28,373.23,-403.13,-5404.58,-45169.32,2448.05,32131.28,-9898.76,261.99,639.08,-9636.77,-8997.7,,,
8841,2492.06,5688.45,7663.62,712.46,367.24,-423.32,-5349.67,-45239.96,2464.04,32180.96,-9854.65,263.51,555.89,-9591.14,-9035.25,,,
8851,2541.88,5624.72,7657.96,704.13,421.14,-398.35,-5417.68,-44744.14,2510.76,32045.24,-10168.8,261.57,945.67,-9907.23,-8961.56,,,
8861,2563.54,5699.01,7622.83,689.95,375.75,-416.18,-5406.15,-44916.59,2466.4,32061.52,-10035.72,261.64,740.07,-9774.08,-9034.01,,,
8871,2557.16,5718.07,7691.82,680.57,376.67,-399.47,-5463.51,-44828.86,2473.24,32005.15,-10023.26,260.25,810.85,-9763.01,-8952.16,,,
8881,2477.25,5673.21,7705.71,713.67,418.42,-381.33,-5430.57,-44995.59,2500.13,32086,-9941.1,258.41,766.91,-9682.69,-8915.78,,,
8891,2523.07,5668.61,7673.25,693.45,397.33,-380.07,-5338.49,-45268.77,2503.31,32018.38,-9711.27,260.64,490.09,-9450.63,-8960.55,,,
8901,2498.93,5752,7652.78,699.72,394.53,-403.17,-5348.42,-45350.22,2464.09,32103.62,-9636.55,259.64,463.85,-9376.91,-8913.06,,,
8911,2520.58,5645.04,7614.25,703.81,370.75,-374.7,-5437.65,-45367.32,2485.71,32162.41,-9661.74,253.72,322.9,-9408.02,-9085.12,,,
8921,2492.9,5696.22,7685.32,697.71,419.32,-411.55,-5354.08,-45468.21,2446.96,32269.59,-9639.84,259.82,474.18,-9380.01,-8905.83,,,
8931,2564.76,5664.93,7671.99,704.06,380.81,-410.85,-5343.49,-45118.77,2444.21,32086.73,-9868.33,265.3,644.39,-9603.02,-8958.64,,,
8941,2514.31,5723.39,7708.28,678.22,366.73,-417.63,-5397.72,-45056.39,2463.59,32024.74,-9846.09,258.83,607.52,-9587.26,-8979.74,,,
8951,2601.3,5691.22,7666.34,691.29,380.95,-411.83,-5398.91,-45047.76,2434.16,32089.05,-9932.34,263.08,695.79,-9669.26,-8973.47,,,
8961,2492.23,5714.04,7705.98,703.32,387.54,-445,-5422.7,-45197.04,2479.5,32188.16,-9836.82,258.35,606.03,-9578.47,-8972.43,,,
8971,2563.07,5692.27,7633.39,691.72,382.38,-399.41,-5399.56,-45341.38,2431.17,32070.36,-9716.26,258.67,324.02,-9457.59,-9133.58,,,
8981,2507.56,5719.29,7651.45,686.02,369.76,-393.35,-5434.43,-45154.56,2455.94,32043.21,-9751.91,259.96,450.89,-9491.95,-9041.06,,,
8991,2533.35,5769.57,7682.78,680.73,412.94,-390.12,-5469.76,-45188.64,2465.3,32009.92,-9766.6,256.3,506.07,-9510.31,-9004.23,,,
9001,2597.49,5687.17,7686.03,704.67,359.44,-359.61,-5402.68,-45275.88,2454,32127.52,-9728.98,261.3,578.15,-9467.68,-8889.53,,,
9011,2501.97,5735.05,7578.67,696.36,393.89,-372.32,-5422.7,-45341.57,2424.98,32117.56,-9685.89,258.92,311.9,-9426.98,-9115.07,,,
9021,2484.06,5727.52,7592.25,702.61,385.45,-375.97,-5435.74,-45349.87,2462.48,32178.74,-9701.06,258.85,371.52,-9442.21,-9070.68,,,
9031,2543.52,5670.5,7634.18,700.45,402.3,-401.43,-5419.79,-45420.44,2494.46,32144.04,-9614.59,255.96,347.8,-9358.63,-9010.83,,,
9041,2470.57,5653.83,7634.31,694.49,373.93,-385.87,-5414.93,-45180.01,2505.99,32201.53,-9895.93,260.62,553.85,-9635.31,-9081.46,,,
9051,2573.56,5709.33,7646.52,688.57,397.61,-410.63,-5415.19,-45035.06,2476.34,31999.38,-9895.37,262.35,630.42,-9633.03,-9002.6,,,
9061,2510.84,5650.15,7620.57,691.87,384.74,-381.59,-5431.67,-44951.93,2462.35,31984.09,-9936.35,257.65,539.42,-9678.7,-9139.28,,,
9071,2631.81,5650.08,7621.23,686.88,367.22,-413.78,-5400.77,-44993.92,2393.36,31982.13,-9967.01,261.05,524.24,-9705.96,-9181.72,,,
9081,2562.92,5741.14,7669.78,704.3,391.75,-412.72,-5425.85,-45104.05,2454.48,32036.87,-9865.36,262.99,618.63,-9602.37,-8983.74,,,
9091,2506.18,5666.99,7602.03,717.14,389.09,-384.88,-5391.73,-44957.13,2469.57,32095,-9990.6,262.6,712.26,-9728.01,-9015.75,,,
9101,2589.64,5689.89,7641.53,702.74,378.25,-391.17,-5381.11,-44766.84,2436.15,31920.19,-10119.15,265.15,819.29,-9854,-9034.72,,,
9111,2484.69,5699.68,7664.83,702.61,374.67,-404.05,-5397.15,-45032.5,2465.76,32217.27,-9995.57,259.09,775.8,-9736.47,-8960.67,,,
9121,2583.56,5720.86,7653.4,707.26,402.88,-387.4,-5383,-45022.66,2477.54,31983.82,-9903.41,261.2,736.25,-9642.21,-8905.96,,,
9131,2525.45,5722.14,7651.27,705.43,390.05,-370.33,-5443.32,-45072.83,2511.37,32023.35,-9835.59,261.19,642.57,-9574.4,-8931.84,,,
9141,2490.85,5711.85,7678.01,721.89,415.43,-419.11,-5405.36,-45375.57,2507.9,32096.13,-9665.04,261.76,422.01,-9403.28,-8981.27,,,
9151,2548.43,5771.42,7645.46,698.59,401.23,-428.17,-5423.12,-45039.28,2458.95,32013.77,-9857.88,262.98,647.29,-9594.9,-8947.61,,,
9161,2569.71,5626.74,7619.49,676.31,376.61,-369.38,-5455.69,-45225.7,2516.54,32107.14,-9766.83,258.22,441.77,-9508.6,-9066.83,,,
9171,2516.77,5775.49,7642.17,678.75,357.97,-407.63,-5453.23,-45157.85,2445.49,32075.78,-9833.27,259.44,473.71,-9573.82,-9100.12,,,
9181,2571.9,5673.23,7717.75,695.29,399.51,-425.64,-5379.96,-45119.54,2457.9,32009.01,-9769.86,259.8,599.45,-9510.06,-8910.61,,,
9191,2523.51,5796.99,7634.8,687.65,384.24,-367.53,-5359.1,-45137.26,2461.82,31888.96,-9779.06,263.91,514.09,-9515.15,-9001.06,,,
9201,2548.63,5733.14,7670.52,695.62,387.04,-406.82,-5399.68,-45019.03,2467.58,32016.58,-9921.88,263.15,693.58,-9658.73,-8965.15,,,
9211,2560.79,5735.08,7688.56,692.86,385.66,-413.28,-5327.23,-45107.21,2463.19,32107.86,-9887.32,268.29,786.28,-9619.03,-8832.75,,,
9221,2510.54,5774.27,7652.69,703.26,372.41,-402.11,-5395.81,-44982.63,2464.63,32173.39,-10010.37,260.42,870.63,-9749.95,-8879.32,,,
9231,2566.44,5701.98,7647.48,693.13,364.87,-378.63,-5350.95,-45168.94,2466.26,32066.07,-9864.58,260.3,607.72,-9604.29,-8996.57,,,
9241,2541.46,5603.74,7665.68,683.52,390.69,-408.41,-5407.37,-44918.99,2488.31,32178.35,-10130.34,263.12,816.99,-9867.22,-9050.23,,,
9251,2501.9,5656.06,7685.03,694.46,386.05,-383.43,-5358.66,-45148.3,2464.7,32045.18,-9861.08,266.9,542.99,-9594.17,-9051.18,,,
9261,2558.18,5643.43,7670.99,680.25,372.66,-375.8,-5418.79,-45182.14,2449.98,32173.67,-9823.45,262.19,572.43,-9561.26,-8988.83,,,
9271,2544,5566.54,7654.33,673.84,415.73,-411.25,-5402.97,-45049.02,2473.99,32134.05,-9899.81,259.85,599.25,-9639.96,-9040.71,,,
9281,2544.28,5746.35,7606.93,700.23,381.4,-371.22,-5426.19,-45146.54,2483.36,32121.17,-9855.8,265.58,639.77,-9590.22,-8950.44,,,
9291,2528.89,5787.4,7609.14,703.66,375.89,-399.78,-5491.46,-44992.68,2456.96,32056.25,-9971.98,258.67,634.27,-9713.32,-9079.05,,,
9301,2551.65,5555.01,7617.22,692.48,380.17,-369.06,-5378.34,-45171.7,2497.06,32199.95,-9864.97,262.98,574.44,-9601.99,-9027.55,,,
9311,2483.46,5783.63,7682.82,694.53,379.8,-421.79,-5475.38,-45176.64,2484.98,32127.78,-9784.71,258.51,563.18,-9526.2,-8963.02,,,
9321,2556.97,5747.31,7665.7,706.29,383.67,-388.12,-5367.56,-45104.53,2445.48,32002.27,-9825.66,262.81,647.48,-9562.85,-8915.37,,,
9331,2521.1,5671.48,7649.51,676.22,387.54,-390.92,-5474.39,-45010.27,2473.49,31990.95,-9826.66,257.32,494.71,-9569.34,-9074.63,,,
9341,2504.26,5681.53,7622.3,694.92,397.06,-371.18,-5319.22,-45103.31,2497.5,32155.44,-9960.87,263.17,759.31,-9697.7,-8938.39,,,
9351,2588.82,5772.84,7636.95,704.67,389.47,-376.59,-5399.04,-45159.5,2441.74,32025.06,-9806.94,261.52,624.42,-9545.42,-8921,,,
9361,2544.19,5827.02,7649.39,695.69,394.86,-355.22,-5394.38,-45271.36,2466.73,32155.25,-9739.38,259.57,712.18,-9479.82,-8767.64,,,
9371,2499.84,5696.54,7656.54,696.13,358.74,-397.04,-5403.66,-45255.04,2451.62,32217.78,-9843.56,263.04,521.43,-9580.52,-9059.09,,,
9381,2576.55,5659.62,7602.94,703.41,412.3,-399.76,-5374.1,-45255.66,2474.43,32050.67,-9744.34,260.57,450.4,-9483.76,-9033.36,,,
9391,2548.51,5591.65,7651.41,676.21,399.18,-402.02,-5450.4,-45112.19,2486.9,32197.71,-9895.52,258.98,586.95,-9636.54,-9049.6,,,
9401,2609.61,5650.55,7620.01,697.22,387.15,-394.78,-5391.65,-45274.65,2457.16,32071.96,-9773.89,260.8,432.59,-9513.09,-9080.5,,,
9411,2565.63,5707,7676.59,687.64,377.76,-396.04,-5397.54,-45107.49,2428.69,32061.14,-9835.29,257.75,603.37,-9577.54,-8974.17,,,
9421,2594.83,5766.68,7641.35,697.75,377.1,-423.07,-5406.83,-45184.44,2475.92,32038.32,-9825.89,257.75,577.6,-9568.14,-8990.54,,,
9431,2531,5838.62,7641.48,718.83,376.78,-397.6,-5394.39,-44915.64,2474.15,31964.01,-9992.92,264.53,837.24,-9728.39,-8891.15,,,
9441,2510.37,5780.83,7643.51,710.05,384.5,-396.86,-5413.22,-45105.58,2495.74,32118.97,-9938.52,262.81,728.31,-9675.72,-8947.4,,,
9451,2542.59,5716.02,7648.07,699.45,391.12,-403.71,-5367.72,-45303.17,2464.96,32140.51,-9772.2,260.51,528.12,-9511.69,-8983.57,,,
9461,2513.28,5714.36,7614.36,684.5,398.82,-395.66,-5384.37,-45086.3,2467.41,32051.12,-9842.13,257.55,577.51,-9584.59,-9007.07,,,
9471,2533.66,5793.15,7638.31,703.81,385.7,-377.33,-5437.34,-45032.79,2506.75,32160.42,-10002.45,260.69,874.32,-9741.76,-8867.44,,,
9481,2537.33,5761.04,7640.5,688.69,390.09,-411.79,-5394.77,-45092.63,2438.7,31980.19,-9851.65,260.45,537.37,-9591.19,-9053.83,,,
9491,2511.25,5711.18,7666.1,719.56,403.51,-400.71,-5399.17,-44959.45,2455.94,32077.21,-9954.7,263.69,785.41,-9691.01,-8905.59,,,
9501,2520.25,5725.76,7629.92,709.99,403.56,-389.49,-5381.92,-44968.12,2491,31988.8,-9895.21,259.04,729.73,-9636.17,-8906.44,,,
9511,2531.04,5675.19,7630.39,686.73,385.51,-401.8,-5507.14,-45114.15,2466.79,32038.28,-9784.24,257.63,390.85,-9526.62,-9135.77,,,
9521,2545.71,5720.37,7638.42,706.47,366,-397.92,-5386.63,-45102.36,2472.49,32015.01,-9799.87,259.86,577.54,-9540.01,-8962.47,,,
9531,2516.83,5663.64,7648.46,695.35,389.08,-439.38,-5379.27,-44875.31,2469.99,31878.29,-9980.98,260.52,567.69,-9720.47,-9152.78,,,
9541,2500.87,5648.86,7618.84,696.84,394.66,-406.91,-5387.24,-45059.33,2524.14,32078.92,-9890.46,260.86,609.65,-9629.6,-9019.95,,,
9551,2607.3,5665.34,7644.04,706.11,376.81,-378.68,-5381.69,-44957.87,2464.34,31896.54,-9889.11,264.54,642.24,-9624.57,-8982.33,,,
9561,2510.08,5766.98,7637.03,693.17,357.32,-425.18,-5361.6,-44864.82,2465.08,31831.45,-9929.42,260.69,609.52,-9668.73,-9059.21,,,
9571,2568.85,5708.91,7688.72,714.67,373.16,-423.22,-5397.68,-44951.77,2478.66,32015.94,-9920.33,259.86,776.23,-9660.46,-8884.24,,,
9581,2505.67,5695.68,7659.86,670.53,384.6,-420.14,-5391.02,-45000.27,2462.89,32017.62,-9967.65,259.63,585.43,-9708.02,-9122.59,,,
9591,2565.95,5598.56,7640.41,686.57,382.61,-383.39,-5407.13,-45051.16,2499.43,31996.01,-9920.07,260.37,527.86,-9659.7,-9131.84,,,
9601,2532.78,5580.56,7641.99,702.13,390.53,-387.15,-5387.49,-45188.55,2542.29,32085.58,-9842.78,259.06,512.67,-9583.72,-9071.05,,,
9611,2550.09,5662.95,7666.27,692.21,355.94,-422.45,-5399.3,-45063.42,2464.69,32031.09,-9879.95,257.83,538.08,-9622.12,-9084.05,,,
9621,2542.4,5782.13,7651.07,696.86,356.7,-392.46,-5327.23,-45012.26,2454.04,32017.02,-9974.55,261.61,768.28,-9712.94,-8944.65,,,
9631,2561.32,5729.74,7641.81,694.15,374.82,-390.34,-5439.28,-44887.18,2497.59,31974.03,-9959.74,260.92,756.65,-9698.82,-8942.17,,,
9641,2544.98,5699.64,7640.28,693.75,372.79,-378.37,-5425.54,-44915.68,2460.74,31825.11,-9842.42,257.14,517.69,-9585.28,-9067.59,,,
9651,2493.03,5726.84,7716.75,682.82,400.13,-411.77,-5391.32,-45213.8,2499.39,32035.82,-9797.52,260.04,537.89,-9537.48,-8999.59,,,
9661,2523.88,5690.2,7584.92,692.79,401.26,-376.89,-5386.9,-45191.39,2477.34,32147.18,-9858.35,258.16,562.38,-9600.19,-9037.81,,,
9671,2495.51,5630.49,7658.1,678.07,389.48,-394.03,-5460.11,-45146.76,2482.5,32216.37,-9885.36,257.15,549.62,-9628.21,-9078.59,,,
9681,2515.91,5654.19,7656.65,704.09,349.01,-432.28,-5346.42,-45193.54,2513.25,32207.41,-9957.9,261.85,628.26,-9696.05,-9067.79,,,
9691,2485.26,5742.64,7671.06,708.46,391.9,-412.89,-5377.22,-44990.75,2485.52,31988.4,-9928.03,264.07,692.37,-9663.96,-8971.59,,,
9701,2440.97,5704.93,7624.08,705.76,381.59,-410.97,-5475.44,-45185.3,2524.5,32120.91,-9801.6,257.43,431.03,-9544.17,-9113.14,,,
9711,2587.76,5668.07,7621.06,697.6,427.11,-407.19,-5423.74,-45156.28,2519.43,32039.94,-9831.39,256.22,573.75,-9575.17,-9001.42,,,
9721,2517.28,5712.99,7636.91,685.07,373.54,-396.07,-5351.37,-45093.84,2462.11,31962.82,-9886.15,263.11,509.42,-9623.04,-9113.61,,,
9731,2600.21,5722.13,7669.57,673.94,398.17,-420.81,-5375.99,-45051.47,2453.04,32034.4,-9934.33,259.22,703.18,-9675.12,-8971.94,,,
9741,2554.19,5717.49,7648.75,698.27,372.55,-413.42,-5426.25,-44959.12,2460.66,32082.6,-10037.82,261.13,735.72,-9776.69,-9040.96,,,
9751,2609.37,5754.17,7650.63,697.84,380.01,-396.07,-5450.44,-44964.95,2497.07,32022.78,-9948.56,257.36,800.41,-9691.21,-8890.79,,,
9761,2594.58,5683.6,7619.64,678.39,370.97,-365.06,-5411.22,-44854.66,2501.67,32015.19,-10059.87,257,833.09,-9802.86,-8969.78,,,
9771,2516.93,5608.48,7672.42,690.77,390.61,-394.56,-5458.14,-45074.64,2505.87,32212.68,-9927.71,256.85,670.42,-9670.86,-9000.45,,,
9781,2567.96,5742.99,7608.22,697.96,369.13,-389.82,-5420.08,-44839.16,2480.88,32046.25,-10100.98,259.26,864.34,-9841.72,-8977.39,,,
9791,2534.89,5694.56,7659.22,691.32,357.07,-397.96,-5418.09,-44899.57,2511.5,32013.22,-10020.07,257.33,746.16,-9762.74,-9016.58,,,
9801,2544.03,5711.33,7646.86,683.95,402,-399.65,-5470.31,-45067.97,2486.13,32049.29,-9836.91,253.28,585.66,-9583.63,-8997.96,,,
9811,2573.34,5744.06,7562.96,692.09,400.83,-384.88,-5476.62,-44989.9,2453.23,32103.36,-9965.87,256.09,678.47,-9709.78,-9031.3,,,
9821,2523.16,5787.65,7721.13,706.58,393.76,-444.37,-5410.41,-45147.79,2458.18,32115.76,-9894.97,256.09,703.65,-9638.88,-8935.22,,,
9831,2546.68,5671.66,7597.12,689.15,393.05,-380.19,-5420.53,-45075.88,2484.41,32017.86,-9876.43,253.69,523.32,-9622.74,-9099.42,,,
9841,2504.12,5698.69,7620.36,701.47,384.01,-419.6,-5401.27,-45017.55,2488.79,32140.05,-10017.21,255.28,699.05,-9761.93,-9062.88,,,
9851,2520.35,5757.81,7640.51,706.58,392.82,-409.53,-5487.2,-44823.1,2505.52,32000.3,-10069.47,254.32,804.06,-9815.15,-9011.09,,,
9861,2520.61,5704.5,7675.63,687.96,375.44,-393.23,-5443.52,-44947.71,2466.46,32141.82,-10117.37,258.52,787.97,-9858.85,-9070.88,,,
9871,2492.84,5716.79,7625.76,679.01,391.93,-396.28,-5393.07,-44887.65,2451.25,32076.61,-10036.55,261.19,757.19,-9775.35,-9018.16,,,
9881,2595.69,5685.15,7635.44,691.97,400.21,-392.43,-5418.3,-44928.14,2494.46,32056.43,-10041.71,260.39,820.49,-9781.33,-8960.84,,,
9891,2452,5618.77,7616.38,666.11,396.08,-406.02,-5448.74,-44792.19,2525.72,32149.02,-10161.22,261.66,777.14,-9899.56,-9122.42,,,
9901,2591.38,5705.85,7609.13,691.78,388.24,-395.85,-5340.25,-45125.95,2454.35,32117.96,-9958.72,261.63,696.63,-9697.1,-9000.47,,,
9911,2509.9,5750.33,7622.95,704.7,400.91,-385.02,-5483.74,-44976.99,2477.46,32039.8,-9946.58,262.63,660.29,-9683.94,-9023.65,,,
9921,2527.47,5653.54,7644.24,704.75,380.07,-410.85,-5387.27,-44889.07,2468.41,32025.26,-10099.46,264.95,716.55,-9834.51,-9117.96,,,
9931,2537.06,5629.88,7608.37,696.68,381.85,-358.64,-5375.18,-45007.31,2444.74,32110.7,-9941.34,262.42,668.15,-9678.92,-9010.77,,,
9941,2533.55,5711.06,7588.97,693.41,375.16,-389.48,-5371.84,-44966.98,2532.21,32197.23,-10111.51,262.01,903.29,-9849.5,-8946.22,,,
9951,2461.42,5666.19,7626.78,690.28,353.64,-400.63,-5363,-45137.51,2509.4,32247.61,-10009.39,262.26,654.18,-9747.13,-9092.95,,,
9961,2623.45,5690.85,7601.12,684.94,380.02,-419.18,-5387.63,-44937.81,2459.24,32076.98,-10037.82,263.12,771.98,-9774.7,-9002.72,,,
9971,2527.42,5661.36,7669.09,682.67,386.88,-373.19,-5418.71,-44855.07,2440.86,32152.66,-10161.26,262.7,873.96,-9898.56,-9024.6,,,
9981,2549.16,5825.94,7610.21,691.34,364.73,-417.81,-5428.02,-45155.42,2462.81,32231.18,-9977.91,259,734.13,-9718.91,-8984.78,,,
9991,2521.47,5629.9,7636.59,688.3,400.78,-409.94,-5390.68,-45180.91,2483,32245.15,-9956.66,260.06,623.66,-9696.6,-9072.94,,,
10001,2515.55,5634.17,7616.86,680.43,373.1,-413.75,-5371.26,-44901.78,2471.87,32195.78,-10165.28,260.71,800.97,-9904.57,-9103.6,,,
,,,,,,,,,,,,,,,,,,
Receptor Energy Terms,,,,,,,,,,,,,,,,,,
Frame #,BOND,ANGLE,DIHED,UB,IMP,CMAP,VDWAALS,EEL,1-4 VDW,1-4 EEL,EGB,ESURF,GGAS,GSOLV,TOTAL,,,
1,2413.82,5534.71,7777.58,685.2,414.28,-344.65,-5565.93,-46089.36,2543.75,32275.71,-9091.99,227.22,-354.89,-8864.76,-9219.65,,,
11,2490.66,5685.9,7734.74,686.49,376.41,-321.32,-5440.39,-45332.58,2452.02,32170.36,-9695.04,248.64,502.27,-9446.39,-8944.12,,,
21,2520.49,5655.5,7704.02,702.22,362.58,-356.14,-5416.16,-45526.93,2468.79,32290.79,-9694.88,250.7,405.15,-9444.18,-9039.03,,,
31,2547.75,5587.4,7743.2,674.21,387.22,-391.64,-5309.7,-45541.09,2444.89,32206.03,-9650.27,255.79,348.26,-9394.48,-9046.22,,,
41,2560.74,5539.9,7765.97,678.01,390.82,-369.19,-5406.66,-45524.72,2425.54,32133.29,-9557.66,248.96,193.7,-9308.7,-9115,,,
51,2536.38,5561.19,7673.66,682.39,404.1,-352.55,-5396.23,-45472.32,2458.82,32303.77,-9724.76,255.2,399.22,-9469.56,-9070.34,,,
61,2497.42,5638.14,7749.82,696.53,396.39,-359.65,-5508.57,-45486.78,2503.09,32218.7,-9656.12,247.95,345.08,-9408.18,-9063.09,,,
71,2560.54,5683.83,7693.17,696.12,371.55,-363.01,-5376.21,-45515.45,2460.23,32103.86,-9620.06,249.05,314.63,-9371.01,-9056.38,,,
81,2519.99,5746.3,7745.15,699.12,400.64,-379.18,-5466.39,-45728.96,2454.93,32160.66,-9426.11,247.24,152.27,-9178.88,-9026.61,,,
91,2498.03,5616.28,7720.32,694.38,362.61,-357.02,-5468.13,-45595.82,2498.42,32136.72,-9506.71,247.13,105.79,-9259.59,-9153.79,,,
101,2535.11,5683.02,7662.45,697.78,397.13,-375.84,-5433.59,-45690.55,2498.9,32307.01,-9531.25,247.1,281.43,-9284.15,-9002.73,,,
111,2565.34,5782.51,7753.11,703.73,411.97,-405.41,-5391.93,-45502.16,2446.13,31991.02,-9559.79,253.86,354.29,-9305.94,-8951.64,,,
121,2532.83,5589.4,7638.83,704.59,368.74,-353.29,-5431.09,-45568.04,2463.94,32082.48,-9489.47,247.39,28.39,-9242.07,-9213.68,,,
131,2550.33,5675.59,7667.3,699.88,400.62,-381.25,-5400.75,-45515.68,2473.81,32040.66,-9549.85,248.87,210.5,-9300.98,-9090.48,,,
141,2527.37,5690.2,7626.38,701.18,384.2,-362.05,-5448.04,-45638.06,2433.22,32236.45,-9600.45,249.02,150.85,-9351.43,-9200.58,,,
151,2584.13,5625.55,7646.24,683.07,385.89,-375.81,-5387.57,-45617.73,2473.04,32053.18,-9456.58,251.58,69.99,-9205,-9135.01,,,
161,2550.06,5695.84,7654.83,695.55,371.93,-383.84,-5381.29,-45641.88,2459.16,32041.93,-9443.75,248.41,62.3,-9195.35,-9133.05,,,
171,2503.76,5712.85,7745.91,696.41,383.46,-384.56,-5422.58,-45674.45,2432.63,32131.84,-9425.52,247.08,125.25,-9178.44,-9053.19,,,
181,2455.18,5601.82,7695.15,684.37,384.32,-351.08,-5349.62,-45765.75,2515.32,32123.23,-9400.4,250.1,-7.06,-9150.29,-9157.35,,,
191,2506.24,5661.65,7693.58,703.77,374.56,-399.04,-5455.01,-45542.55,2473.31,32196.89,-9547.96,245.44,213.4,-9302.52,-9089.12,,,
201,2490.82,5608.23,7706.07,714.86,379.86,-364.08,-5412.97,-45673.84,2509.28,32156.32,-9458.55,250.14,114.56,-9208.41,-9093.85,,,
211,2555.09,5637.68,7687.62,707.74,384.73,-353.2,-5425.14,-45530.79,2435.74,32063.41,-9555.59,247.45,162.89,-9308.14,-9145.25,,,
221,2543.72,5668.66,7692.77,695.66,374.11,-388.12,-5451.57,-45765.5,2497.73,32161.76,-9362.19,245.7,29.23,-9116.48,-9087.26,,,
231,2526.41,5753.76,7672.89,718.4,390.1,-373.59,-5396.86,-45647.71,2439.22,32163.59,-9537.81,251.15,246.22,-9286.66,-9040.44,,,
241,2570.85,5639.08,7711.22,705.29,377.34,-370.21,-5376.51,-45707.28,2500.24,32225.5,-9543.08,252.82,275.53,-9290.26,-9014.73,,,
251,2429.83,5659.78,7673.15,693.47,384.99,-366.96,-5387.03,-45582.96,2493.11,32131.34,-9571.76,253.63,128.72,-9318.13,-9189.41,,,
261,2502.9,5638.95,7678.24,717.03,396.7,-361.63,-5430.97,-45694.41,2470.16,32179.21,-9529.06,251.78,96.16,-9277.28,-9181.11,,,
271,2559.93,5660.4,7667.07,697.19,366.57,-386.72,-5444.97,-45723.14,2435.16,32245.3,-9468.51,252.12,76.8,-9216.39,-9139.58,,,
281,2514.71,5618.51,7667.5,702.62,370.93,-364.39,-5426.39,-45689.92,2448.53,32173.22,-9502.87,250.68,15.31,-9252.19,-9236.88,,,
291,2554.72,5635.62,7711.53,695.72,404.12,-377.99,-5411.93,-45708.65,2455.29,32186.29,-9584.61,252.19,144.7,-9332.42,-9187.72,,,
301,2508.32,5650.45,7655.67,701.64,378.52,-366.98,-5405.03,-45729,2439.28,32223.54,-9527.1,252.47,56.43,-9274.64,-9218.2,,,
311,2587.49,5511.21,7724.48,684.98,417.66,-408.93,-5451.8,-45544.1,2434.42,32094.24,-9541.82,250.25,49.64,-9291.57,-9241.93,,,
321,2508.89,5674.82,7712.31,694.78,397.07,-372.13,-5450.2,-45589.59,2478.15,32247.25,-9571.51,251.92,301.35,-9319.59,-9018.24,,,
331,2578.18,5735.82,7624.48,706.93,385.82,-376.86,-5337.86,-45831.67,2439.48,32244.57,-9449.83,252.32,168.9,-9197.51,-9028.61,,,
341,2489.51,5618.75,7688.6,677.93,382.93,-370.1,-5427.25,-45525.26,2444.93,32094.72,-9578.97,251.18,74.75,-9327.79,-9253.04,,,
351,2562.72,5615.05,7672.72,684.58,380.59,-378.95,-5415.69,-45600.97,2421.02,32266.17,-9611.29,252.86,207.24,-9358.43,-9151.19,,,
361,2491.37,5612.79,7679.6,671.72,394.34,-388.56,-5498.14,-45527.83,2468.79,32184.34,-9625.85,251.28,88.44,-9374.57,-9286.13,,,
371,2523.5,5570.37,7644.39,691.89,369.98,-372.56,-5421.99,-45761.35,2447.88,32278.93,-9540.19,254.39,-28.96,-9285.8,-9314.76,,,
381,2502.58,5682.25,7647.34,701.77,389.51,-375.22,-5388.37,-45588.32,2501.68,32277.16,-9670.89,253.51,350.4,-9417.38,-9066.99,,,
391,2505.01,5622.38,7693.57,682.5,365.54,-383.15,-5390.89,-45688.94,2471.36,32243.72,-9651.32,255.19,121.09,-9396.13,-9275.05,,,
401,2541.37,5633.86,7748.46,684.71,402.98,-368.82,-5387.17,-45620,2474.17,32280.87,-9651.28,250.03,390.44,-9401.25,-9010.81,,,
411,2548.81,5646.39,7672.33,676.67,390.83,-387.18,-5465.99,-45660.63,2448.2,32314.63,-9598.91,251.21,184.08,-9347.7,-9163.62,,,
421,2444.68,5668.17,7723.98,709.87,385.81,-376.24,-5405.02,-45493.17,2496.77,32327.44,-9799.23,253.91,482.29,-9545.31,-9063.03,,,
431,2540.54,5600.87,7691.17,704.59,379.75,-391.14,-5457.19,-45460.26,2481.05,32215.32,-9717.68,252.13,304.7,-9465.55,-9160.86,,,
441,2596.5,5631.16,7720.9,705.95,388.81,-393.24,-5458.04,-45379.55,2450.59,32151.66,-9746.96,254.05,414.75,-9492.9,-9078.15,,,
451,2522.26,5662.53,7698.24,698.85,385.48,-372.14,-5425.81,-45231.53,2418.96,32009.45,-9815.04,254.61,366.28,-9560.43,-9194.15,,,
461,2525.64,5600.61,7712.3,705.84,365.8,-398.57,-5417.56,-45535.57,2491.02,32097.12,-9642.02,246.51,146.63,-9395.51,-9248.88,,,
471,2528.49,5713.49,7701.97,718.87,369.79,-397.01,-5426.82,-45378.51,2456.78,32070.59,-9691.23,254.04,357.65,-9437.19,-9079.55,,,
481,2500.46,5664.82,7695.16,683.65,375.36,-391.18,-5417.75,-45440.72,2440.65,32211.37,-9680.34,256.21,321.8,-9424.13,-9102.33,,,
491,2481.77,5511.49,7737.96,691.94,391.59,-388.24,-5391.36,-45421.55,2512.37,32120.2,-9732.34,254.96,246.16,-9477.38,-9231.21,,,
501,2581.48,5624.75,7658.84,697.65,387.24,-393.06,-5424.56,-45344.11,2440.85,32237.35,-9788.57,248.65,466.43,-9539.92,-9073.49,,,
511,2533.17,5653.48,7656.11,689.35,352.6,-386.49,-5403.93,-45424.14,2457.01,32200.48,-9762.96,253.22,327.64,-9509.74,-9182.1,,,
521,2544.2,5662,7689.34,699.11,394.46,-354.42,-5403.05,-45426.67,2445.2,32178.78,-9751.9,249.87,428.94,-9502.03,-9073.09,,,
531,2566.12,5735.53,7684.29,708.85,379.06,-379.08,-5418.82,-45597.83,2485.67,32151.77,-9539.47,248,315.57,-9291.47,-8975.9,,,
541,2505.16,5758.32,7693.4,715.64,416.47,-379.76,-5418.37,-45471.33,2460.5,32199.58,-9655.2,253.72,479.61,-9401.48,-8921.87,,,
551,2521.9,5630.41,7661.92,704.82,370.44,-355.37,-5413.9,-45497.66,2434.65,32148.31,-9630.32,254.31,205.53,-9376.01,-9170.48,,,
561,2503.45,5696.24,7691.09,706.9,381.52,-373.12,-5428.58,-45441.69,2443.87,32184.72,-9687.21,251.03,364.4,-9436.18,-9071.78,,,
571,2502.79,5726.79,7643.76,717.2,368.97,-391.28,-5419.2,-45438.47,2446.76,32164.17,-9674.11,253.75,321.5,-9420.36,-9098.86,,,
581,2551.29,5629.13,7653.01,705.95,411.14,-382.22,-5416.59,-45233.92,2427.26,31976.01,-9765.79,253.04,321.07,-9512.74,-9191.67,,,
591,2524.64,5609.54,7687.93,724.09,393.79,-361.68,-5471.63,-45427.7,2462.78,32251.81,-9708.75,252.06,393.57,-9456.69,-9063.12,,,
601,2488.8,5677.09,7705.18,690.29,386.69,-374.44,-5432.63,-45261.68,2485.78,32095.9,-9735.46,252.04,460.97,-9483.42,-9022.46,,,
611,2567.97,5606.84,7704.17,679.92,386.5,-378.21,-5505.61,-45269.15,2442.92,32041.98,-9752.08,251.3,277.33,-9500.79,-9223.45,,,
621,2486.02,5569.35,7720.85,687.7,395.25,-396.24,-5404.14,-45569.71,2457.07,32297.85,-9637.48,254.35,243.99,-9383.13,-9139.14,,,
631,2487.99,5655.19,7739.68,694.09,387.58,-408.55,-5474.76,-45509.98,2407.14,32032.99,-9508.5,252.05,11.36,-9256.44,-9245.08,,,
641,2489.91,5635.8,7693.68,705.56,383.4,-367.39,-5392.2,-45412.06,2425.16,32083.36,-9689.91,251.87,245.23,-9438.04,-9192.81,,,
651,2490.01,5630.57,7726.91,701.12,385.21,-386.39,-5454.71,-45387.21,2455.88,32103.22,-9606.48,246.55,264.61,-9359.93,-9095.32,,,
661,2528.1,5613.54,7629.37,684.6,397.27,-375.81,-5388.79,-45401.19,2432.13,32060.41,-9647.62,258.56,179.63,-9389.06,-9209.43,,,
671,2475.17,5649.47,7703.12,693.75,376.41,-384.7,-5398.7,-45640.39,2451.31,32075.61,-9445.77,254.41,1.05,-9191.35,-9190.31,,,
681,2555.19,5564.13,7701.86,718.55,378.51,-382.95,-5416,-45738.86,2511.26,32182.92,-9417.16,251.79,74.6,-9165.37,-9090.77,,,
691,2440.58,5748.53,7620.48,696.68,379.89,-377.9,-5415.16,-45688.72,2481.21,32212.48,-9539.8,253.54,98.06,-9286.26,-9188.19,,,
701,2469.12,5755.02,7675.12,687.51,424.78,-377.97,-5357.73,-45653.29,2475.04,32153.07,-9515.67,254.09,250.65,-9261.58,-9010.93,,,
711,2592.89,5660.75,7713.92,697.01,385.26,-381.81,-5457.84,-45359.51,2426.38,32049.29,-9707.97,253.38,326.35,-9454.59,-9128.25,,,
721,2442.24,5753.19,7686.39,706.51,399,-376.58,-5436.84,-45347.52,2472.54,32141.28,-9769.61,250.61,440.2,-9519,-9078.8,,,
731,2537.34,5655.73,7640.41,701.17,368.42,-389.21,-5486.88,-45542.55,2473.15,32161.08,-9618.83,251.1,118.65,-9367.73,-9249.09,,,
741,2491.37,5712.36,7677.63,693.16,390.63,-403.16,-5427.09,-45623.24,2504.17,32123.94,-9523.25,249.7,139.77,-9273.55,-9133.77,,,
751,2569.3,5729.27,7673.41,716.43,378.96,-415.77,-5348.56,-45553.87,2468.11,32184.84,-9653.34,248.88,402.13,-9404.46,-9002.34,,,
761,2464.75,5603.72,7654.95,688.26,370.17,-380.27,-5433.1,-45535.46,2463.74,32110.55,-9552.18,252.34,7.31,-9299.84,-9292.53,,,
771,2521.18,5734.86,7678.5,705.86,399.68,-390.09,-5447.24,-45495.33,2458.44,32183.68,-9659.85,253.21,349.53,-9406.64,-9057.11,,,
781,2599.88,5628.12,7686.67,696.36,392.05,-378.26,-5393.58,-45458.23,2427.42,32073.18,-9623.73,258.46,273.61,-9365.27,-9091.66,,,
791,2526.79,5827.05,7644.2,711.5,374.16,-415.95,-5440.31,-45608.39,2448.86,32075.21,-9468.93,254.06,143.12,-9214.87,-9071.76,,,
801,2520.29,5778.06,7608.45,695.63,389.65,-375.49,-5468.22,-45683.32,2468.25,32193.48,-9461.6,251.13,126.78,-9210.47,-9083.69,,,
811,2544.04,5596.58,7663.15,685.99,350.42,-431.68,-5421.91,-45653.42,2448.88,32134.73,-9441.35,251.75,-83.22,-9189.59,-9272.81,,,
821,2533.52,5670.2,7737.81,695.3,378.91,-412.42,-5452.38,-45666.15,2467.2,32184.39,-9518.04,252.72,136.39,-9265.31,-9128.92,,,
831,2487.28,5609.09,7664.57,679.11,388.96,-420.05,-5393.75,-45635.76,2466.73,32143.08,-9448.02,251.21,-10.75,-9196.81,-9207.56,,,
841,2534.25,5574.33,7642.97,687.47,357.81,-392.94,-5396.65,-45444.81,2411.82,32134.84,-9653.78,255.72,109.07,-9398.06,-9288.99,,,
851,2539.58,5665.19,7689.81,697.24,384.52,-373.76,-5493.76,-45645.57,2403.26,32296.85,-9543.42,252.31,163.37,-9291.11,-9127.74,,,
861,2597.82,5798.63,7634.55,710.62,381.32,-366.2,-5441.3,-45707.66,2429.19,32168.1,-9473.37,255.01,205.08,-9218.37,-9013.29,,,
871,2555.87,5581.77,7719.95,687.46,375.22,-364.08,-5431.77,-45628.11,2468.79,32203.23,-9541.61,250.35,168.33,-9291.26,-9122.93,,,
881,2424.71,5603.83,7650.57,672.08,374.09,-386.21,-5468.39,-45314.24,2467.42,32088.31,-9702.17,255.29,112.17,-9446.88,-9334.7,,,
891,2481.84,5750.37,7685.4,673.22,386.3,-375.5,-5445.33,-45609.46,2475.42,32172,-9508.64,255.41,194.26,-9253.22,-9058.96,,,
901,2553.59,5706.53,7671.34,698.06,357.87,-407.56,-5412.72,-45414.01,2427.93,32070.18,-9662.27,256.23,251.22,-9406.04,-9154.83,,,
911,2533.78,5654.39,7648.69,702.67,358.58,-389.16,-5403.66,-45455.72,2458.24,32165.67,-9711.69,254.92,273.48,-9456.77,-9183.29,,,
921,2577.26,5649.39,7689.63,689.5,407.82,-367.09,-5434.86,-45544.28,2452.57,32199.3,-9589.34,254.14,319.24,-9335.21,-9015.97,,,
931,2463.1,5668.1,7639.39,713.13,370.87,-369.93,-5445.38,-45420.13,2455.8,32146.53,-9713.71,252.72,221.47,-9460.99,-9239.53,,,
941,2547.67,5600.4,7665.98,686.43,402.35,-385.29,-5486.22,-45408.89,2444.88,31913.31,-9574.06,249.47,-19.38,-9324.59,-9343.97,,,
951,2521.09,5722.98,7711.8,693.39,378.02,-406.26,-5391.76,-45412.5,2391.26,32116.01,-9715.43,256.8,324.03,-9458.63,-9134.59,,,
961,2462.69,5707.07,7628.09,694.19,409.62,-356.03,-5435.94,-45431.45,2442.65,32099.06,-9651.26,253.54,219.98,-9397.72,-9177.75,,,
971,2495.91,5626.93,7717.31,692.73,399.49,-398.56,-5399.94,-45470.46,2482.43,32181.2,-9657.51,252.71,327.03,-9404.8,-9077.77,,,
981,2576.24,5682.39,7632.99,691.83,395.42,-370.63,-5349.14,-45553.29,2428.97,32023.27,-9502.35,257.96,158.05,-9244.39,-9086.35,,,
991,2503.28,5741.49,7659.12,684.74,414.37,-357.68,-5452.33,-45456.63,2459.67,32073.75,-9590.98,254.37,269.79,-9336.61,-9066.82,,,
1001,2515.86,5680.29,7606.6,698.12,383.47,-379.98,-5363.33,-45439.39,2446.78,31985.58,-9617.86,256.24,133.99,-9361.62,-9227.63,,,
1011,2608.26,5598.89,7602.21,722.37,361.09,-358.82,-5449.22,-45372.43,2438.91,32071.42,-9697.17,254.34,222.67,-9442.83,-9220.16,,,
1021,2601.73,5685.06,7659.07,710.54,404.81,-337.47,-5382.01,-45049.23,2434.56,31990.79,-9952,258.08,717.87,-9693.92,-8976.05,,,
1031,2509.95,5617.15,7635.31,702.33,406.28,-337.76,-5422.99,-45352.02,2393.26,32137.39,-9727.85,254.52,288.89,-9473.33,-9184.44,,,
1041,2577.91,5695.3,7614.27,698.34,387.18,-389.34,-5398.57,-45401.24,2455.93,32248.25,-9806.42,260.9,488.02,-9545.52,-9057.49,,,
1051,2474.6,5584.33,7593.68,698.55,382.79,-374.94,-5405.18,-45421.88,2454.77,32227,-9785.5,256.9,213.72,-9528.6,-9314.89,,,
1061,2516.81,5624.09,7660.89,703.21,387.03,-370.13,-5367.03,-45601.8,2460.16,32224.09,-9644.96,254.53,237.32,-9390.42,-9153.1,,,
1071,2500.73,5684.57,7677.09,677.77,398.96,-365.98,-5480.1,-45297.63,2447.62,32078.31,-9764.03,254.55,321.34,-9509.48,-9188.14,,,
1081,2538.2,5591.26,7668.08,686.56,350.12,-370.48,-5440.85,-45733.55,2458.18,32170.39,-9456.18,251.81,-82.09,-9204.37,-9286.47,,,
1091,2488.64,5704.71,7661.04,703.23,391.83,-394.75,-5428.31,-45391.71,2439.38,32142.82,-9705.52,255.9,316.88,-9449.63,-9132.75,,,
1101,2531.88,5768.75,7589.83,725.16,365.84,-377.91,-5411.11,-45492.61,2454.07,32169.58,-9627.38,254.21,323.48,-9373.17,-9049.69,,,
1111,2600.49,5666.11,7700.41,696.38,389.33,-412.19,-5433.15,-45496.41,2443.14,32005.09,-9558.18,252.62,159.19,-9305.56,-9146.37,,,
1121,2463.49,5536.72,7630.65,694.89,391.27,-384.04,-5440.67,-45451.4,2474.53,32313.27,-9766.27,249.55,228.71,-9516.72,-9288.01,,,
1131,2542.59,5602.1,7602.43,685.29,382.81,-390.85,-5425.67,-45488.97,2440.45,32151.06,-9597.95,253.42,101.22,-9344.53,-9243.3,,,
1141,2467.38,5740.75,7681.3,717.06,377.73,-377.71,-5414.85,-45355.2,2475.73,32255.96,-9807.24,258.01,568.15,-9549.23,-8981.08,,,
1151,2494.43,5745.13,7618.7,683.58,386.51,-378.49,-5425.79,-45405.21,2452.31,32031.13,-9633.33,253.53,202.3,-9379.8,-9177.5,,,
1161,2558.72,5766.74,7664.3,699.69,390.3,-374.59,-5407.31,-45359.42,2446.91,32099.23,-9802.06,251.77,484.56,-9550.29,-9065.73,,,
1171,2528.88,5596.47,7645.67,688.77,384.57,-377.83,-5324.47,-45511.29,2455.06,32186.83,-9702.94,259.48,272.66,-9443.46,-9170.79,,,
1181,2502,5611.2,7657.71,684.69,404,-368.25,-5368.39,-45411.99,2432.08,32091.21,-9656.07,255,234.27,-9401.08,-9166.81,,,
1191,2496.35,5692.74,7651.45,701.32,383.62,-390.34,-5392.24,-45701.64,2468.96,32206,-9513.63,254.76,116.23,-9258.87,-9142.65,,,
1201,2482.04,5684.01,7644.09,705.26,382.74,-358.72,-5434.56,-45479.42,2464.71,32201.29,-9691.36,256.31,291.46,-9435.05,-9143.59,,,
1211,2529.1,5585.61,7677.19,688.6,370.99,-371.82,-5391.4,-45561.87,2454.83,32181.41,-9606.63,255.25,162.63,-9351.38,-9188.75,,,
1221,2524.42,5664.27,7600.6,697.07,373.69,-350.83,-5412.14,-45260.3,2470.5,32116.89,-9790.97,260.77,424.16,-9530.2,-9106.03,,,
1231,2527.6,5692.48,7615.44,710.91,389.52,-367.46,-5403.79,-45680.42,2476.08,32142.14,-9436.93,254.64,102.49,-9182.29,-9079.8,,,
1241,2581.64,5569.97,7661.28,673.8,366.44,-340.67,-5348.47,-45864.14,2487.82,32203.43,-9367.57,252.23,-8.9,-9115.34,-9124.24,,,
1251,2520.44,5623.07,7645.07,705.04,372.6,-362.26,-5321.44,-45589.72,2450.09,32152.43,-9656.02,259.87,195.32,-9396.15,-9200.83,,,
1261,2515.36,5741.2,7624.68,695.99,372.18,-387.97,-5399.25,-45437.43,2487.62,32069.59,-9628.56,255.07,281.95,-9373.49,-9091.54,,,
1271,2472.28,5615.95,7708.74,686.1,390.39,-379.14,-5415.1,-45517.34,2482.68,32207.84,-9644.3,254.38,252.42,-9389.92,-9137.5,,,
1281,2585.2,5614.44,7679.84,685.66,384.16,-385.76,-5372.49,-45546.17,2422.59,32207.31,-9666.26,257.49,274.79,-9408.77,-9133.98,,,
1291,2572.19,5711.36,7634.77,717.18,394.21,-372.1,-5350.88,-45681.23,2442.91,32189.91,-9571.75,258.03,258.32,-9313.72,-9055.4,,,
1301,2495.32,5628.22,7633.59,685.27,375.49,-361.63,-5379.59,-45684.81,2487.74,32154.77,-9470.42,252.74,34.37,-9217.68,-9183.31,,,
1311,2511.4,5743.73,7679.57,702.81,380.72,-392.85,-5376.97,-45491.08,2442.06,32183.91,-9742.47,255.73,383.3,-9486.74,-9103.44,,,
1321,2517.3,5754.54,7650.65,686.82,372.97,-393.36,-5371,-45426.8,2444.87,32155.83,-9750.79,258.22,391.83,-9492.57,-9100.74,,,
1331,2594.2,5533.36,7671.5,701.82,382.05,-395.55,-5382.01,-45422.71,2443.33,32085.78,-9701.12,259.4,211.77,-9441.73,-9229.96,,,
1341,2484.94,5743.59,7687.74,684.2,377.91,-365.09,-5380.96,-45666.83,2480.73,32215.29,-9608.64,255.59,261.51,-9353.05,-9091.54,,,
1351,2489.41,5694.04,7637.69,705.34,386.25,-339.62,-5462.25,-45399.57,2464.74,32158.45,-9721.47,250.25,334.48,-9471.23,-9136.74,,,
1361,2526.24,5637.83,7640.33,690.6,386.89,-350.9,-5428.81,-45368.12,2441.2,32167.12,-9739.14,253.12,342.37,-9486.03,-9143.66,,,
1371,2515.78,5602.36,7682.41,682.39,396.4,-329.12,-5440.12,-45740.12,2420.18,32233.5,-9527.6,249.04,23.65,-9278.55,-9254.9,,,
1381,2552.92,5630.16,7678.02,691.08,381.71,-378.68,-5484.02,-45472.29,2471.98,32124.84,-9584.66,251.78,195.7,-9332.88,-9137.17,,,
1391,2489.24,5672.22,7636.99,690.71,358.44,-371.7,-5448.99,-45403.38,2462.07,32229.16,-9779.72,251.39,314.77,-9528.33,-9213.56,,,
1401,2588.94,5613.71,7684.9,686.71,391.18,-376.59,-5411.98,-45244.97,2416.31,32001.78,-9804.42,251.29,349.99,-9553.13,-9203.15,,,
1411,2534.84,5626.04,7650.5,693.79,384.23,-404.71,-5453.45,-45452.61,2458.81,32124.83,-9659.04,251.87,162.27,-9407.17,-9244.9,,,
1421,2580.97,5744.79,7604.8,684.11,393.89,-359.71,-5446.59,-45563.48,2441.73,32204.04,-9602.46,254.5,284.56,-9347.96,-9063.4,,,
1431,2547.94,5591.16,7676.59,691.93,397.84,-385.3,-5413.93,-45688.26,2453.24,32292.7,-9602.83,254.22,163.9,-9348.61,-9184.71,,,
1441,2527.75,5626.8,7658.13,686.26,372.51,-396.4,-5413.37,-45496.84,2418.07,32163.46,-9624.17,254,146.36,-9370.17,-9223.81,,,
1451,2547.52,5641.15,7650.28,677.29,384.41,-391.42,-5413.69,-45542.29,2495.01,32142.72,-9636.2,251.62,190.98,-9384.58,-9193.6,,,
1461,2541.86,5717.04,7684.15,710.04,395.03,-401.48,-5434.03,-45626.95,2494.53,32251.09,-9644.22,253.79,331.29,-9390.43,-9059.15,,,
1471,2538.5,5625.72,7634.23,708.22,397.87,-375.72,-5383.36,-45472.21,2452.44,32108.91,-9740.9,252.3,234.61,-9488.6,-9253.99,,,
1481,2548.87,5592.55,7699.6,709.26,394.96,-403.88,-5423.26,-45371.93,2475.84,32077.4,-9726.76,255.27,299.42,-9471.49,-9172.07,,,
1491,2548.05,5693.79,7715.86,706.48,401.86,-419.1,-5458.3,-45709.27,2464.37,32197.7,-9502.28,248.16,141.46,-9254.12,-9112.66,,,
1501,2490.51,5707.82,7664.34,710.57,369.79,-369.98,-5429.01,-45873.32,2489.28,32354.53,-9480.21,252.74,114.52,-9227.46,-9112.94,,,
1511,2574.75,5602.67,7652.2,675.47,371.08,-377.72,-5430.93,-45684.1,2506.24,32148.27,-9486.35,246.14,37.93,-9240.21,-9202.28,,,
1521,2548.88,5682.52,7625.9,684.57,379.94,-357.81,-5427.8,-45675.88,2479.22,32290.54,-9634.26,247.56,230.09,-9386.7,-9156.61,,,
1531,2479.98,5694.83,7673.9,694.32,397.33,-398.45,-5446.83,-45649.22,2466.61,32255.54,-9599.27,251.75,168.01,-9347.52,-9179.52,,,
1541,2497.55,5688.79,7680.3,703.73,387.38,-375.11,-5399.73,-45533.14,2477.9,32323.08,-9799.46,253.96,450.74,-9545.51,-9094.76,,,
1551,2651.18,5718.75,7710.34,705.27,395.99,-389.39,-5381.74,-45680.16,2416.15,32212.66,-9550.25,253.89,359.06,-9296.36,-8937.3,,,
1561,2538.53,5751.37,7710.78,699.04,378.84,-388.05,-5419.57,-45637.77,2446.64,32223.39,-9672.04,251.3,303.18,-9420.74,-9117.56,,,
1571,2470.14,5614.94,7624.01,706.76,389.02,-394.1,-5446.99,-45565.14,2456.97,32316.69,-9694.85,251.02,172.31,-9443.83,-9271.52,,,
1581,2535.08,5686.61,7664.44,684.02,390.48,-376.75,-5425.35,-45538.7,2480.25,32246.28,-9715.43,248.09,346.36,-9467.34,-9120.98,,,
1591,2460.78,5667.17,7663.49,711.04,367.94,-396.24,-5464.81,-45538.45,2470.02,32260.4,-9713.38,250.52,201.32,-9462.86,-9261.54,,,
1601,2564.93,5775.79,7704.25,717.48,352.8,-385.98,-5419.13,-45364.26,2416.34,32186.31,-9813.48,254.49,548.54,-9558.99,-9010.45,,,
1611,2539.73,5554.14,7708.42,696.53,395.01,-364.58,-5413.04,-45514.02,2467.14,32182.27,-9690.05,252.64,251.6,-9437.41,-9185.81,,,
1621,2564.6,5633.76,7675.88,684.25,404.34,-372.41,-5418.8,-45483.93,2460.6,32028.68,-9636.14,252.88,176.97,-9383.27,-9206.3,,,
1631,2549.81,5653.28,7720.62,673.7,383.74,-407.75,-5438.27,-45344.74,2469.47,32208.27,-9864.4,251.7,468.13,-9612.7,-9144.57,,,
1641,2504.85,5610.95,7633.41,695.92,368.72,-346.65,-5450.43,-45358.51,2441.17,32235.87,-9763.73,251.75,335.31,-9511.98,-9176.67,,,
1651,2461.31,5638.25,7685.64,678.36,367.82,-418.83,-5480.03,-45537.56,2483.82,32305.73,-9689.92,252.14,184.5,-9437.78,-9253.28,,,
1661,2508.31,5568.88,7685.23,698.06,402.64,-368.12,-5490.3,-45522.28,2453.88,32312.71,-9664.11,249.89,249.01,-9414.22,-9165.21,,,
1671,2612.65,5659.59,7675.91,676.42,395.92,-401.56,-5412.64,-45556.91,2425.88,32070.33,-9624.89,249.34,145.61,-9375.55,-9229.94,,,
1681,2497.72,5665.84,7653.87,701.85,373.2,-389.62,-5390.64,-45489.73,2479.6,32237.12,-9718.03,254.24,339.2,-9463.79,-9124.59,,,
1691,2522.53,5593.99,7724.55,673.86,389.68,-359.51,-5474.67,-45622.02,2474.41,32297.32,-9566.62,250.5,220.13,-9316.12,-9095.99,,,
1701,2514.36,5665.56,7662.62,675.54,381.25,-394.98,-5416.01,-45496.17,2468.89,32223.06,-9692.4,251.93,284.13,-9440.47,-9156.34,,,
1711,2613.04,5634.07,7687.15,690.82,388.98,-384.05,-5467.29,-45441.18,2472.23,32224.21,-9746.77,254.4,417.99,-9492.37,-9074.39,,,
1721,2577.11,5637.85,7633.52,704.33,400.14,-361.91,-5397.16,-45600.7,2448.86,32321.87,-9701.68,256.24,363.9,-9445.44,-9081.54,,,
1731,2480.77,5612.69,7686.18,679.86,371.24,-366.83,-5398.44,-45573.63,2466.99,32251.61,-9656.81,255.27,210.43,-9401.55,-9191.11,,,
1741,2560.66,5686.43,7627.94,698.01,400.07,-403.22,-5471.98,-45478.17,2475.43,32256.52,-9706.54,254.7,351.67,-9451.84,-9100.17,,,
1751,2474.2,5678.42,7659.26,704.4,389.17,-371.79,-5448.24,-45572.91,2486.88,32255.52,-9647.53,257.55,254.92,-9389.99,-9135.07,,,
1761,2470.65,5577.04,7657.92,675.58,403.47,-353.06,-5417.62,-45790.17,2479.13,32191.4,-9487.28,251.09,-105.66,-9236.19,-9341.85,,,
1771,2486.33,5528.09,7707.47,703.42,378.83,-383.02,-5381.62,-45704.22,2482.39,32294.17,-9534.25,247.63,111.83,-9286.62,-9174.79,,,
1781,2450.46,5757.94,7679.5,706.18,378.46,-366,-5440.47,-45860.34,2471.94,32231.14,-9361.71,248.5,8.8,-9113.21,-9104.4,,,
1791,2500.73,5675.97,7656.76,695.5,397.7,-393.43,-5457.42,-45867.22,2450.14,32161.95,-9285.21,246.38,-179.31,-9038.84,-9218.15,,,
1801,2544.03,5659.86,7697.99,688.63,380.96,-373.53,-5423.09,-45703.61,2450.45,32175.95,-9462.54,251.97,97.64,-9210.57,-9112.93,,,
1811,2508.29,5631.56,7704.29,693.89,387.19,-390.26,-5463.78,-45578.11,2453.91,32199.33,-9585.74,247.44,146.3,-9338.3,-9191.99,,,
1821,2479.81,5591.05,7689.02,671.27,391.12,-364.39,-5429.76,-45468.41,2446.94,32082.95,-9620.9,250.66,89.61,-9370.24,-9280.63,,,
1831,2562.62,5728.89,7676.16,692.7,384.18,-403.15,-5416.98,-45492.7,2410.03,32020.77,-9492.85,247.1,162.52,-9245.75,-9083.23,,,
1841,2526.09,5683.78,7635.39,710.44,396.37,-344.57,-5484.8,-45451.15,2429.18,32092.05,-9603.83,247.83,192.77,-9356,-9163.23,,,
1851,2566.98,5676.58,7694.44,702.25,411.36,-393.38,-5556.74,-45110.38,2464.12,32073.99,-9900.64,249.51,529.23,-9651.12,-9121.89,,,
1861,2520.64,5695.17,7645.3,699.54,395.41,-368.73,-5424.22,-45277.04,2504.58,31970.98,-9712.84,252.61,361.64,-9460.23,-9098.59,,,
1871,2523.05,5623.29,7675.73,696.7,384.95,-376.82,-5469.46,-45354.99,2454.94,32234.92,-9785.19,253.54,392.31,-9531.65,-9139.34,,,
1881,2498.15,5584.97,7630.61,704.1,364.07,-338.24,-5406.86,-45177.3,2451.44,32024.14,-9791.89,254.93,335.07,-9536.96,-9201.89,,,
1891,2471.23,5634.1,7664.53,696.65,389.52,-371.62,-5422.29,-45597.07,2488.69,32290.09,-9585.29,249.77,243.84,-9335.52,-9091.68,,,
1901,2508.72,5632.13,7595.21,690.42,366.28,-353.81,-5451.23,-45339.11,2401.52,31987.6,-9684.94,251.68,37.73,-9433.27,-9395.54,,,
1911,2515.72,5710.32,7620.43,710.98,383.1,-390.47,-5378.7,-45428.06,2484.4,32126.24,-9658.09,255.89,353.96,-9402.2,-9048.24,,,
1921,2580.1,5680.57,7636.67,690.5,380.39,-363.12,-5451.54,-45375.02,2458.17,32076.29,-9722.94,254.4,313,-9468.54,-9155.54,,,
1931,2555.78,5672.66,7712.46,691.75,376.94,-379.53,-5471.47,-45400.94,2456.95,32095.63,-9670.45,248.02,310.21,-9422.44,-9112.22,,,
1941,2544.69,5652.13,7672.56,701.41,375.48,-401.99,-5417.23,-45427.76,2411.31,32039.19,-9615.18,251.79,149.79,-9363.39,-9213.6,,,
1951,2611.44,5598.77,7690.99,695.08,379.1,-370.01,-5444.51,-45258.89,2467.55,32104.1,-9774.91,251.72,473.62,-9523.19,-9049.57,,,
1961,2532.39,5604.38,7657.02,680.98,383.39,-385.41,-5483.19,-45295.81,2415.2,32023.99,-9728.76,250.92,132.94,-9477.84,-9344.9,,,
1971,2529.96,5576.04,7643.03,677.94,377.24,-369.56,-5432.88,-45291.56,2456.09,32190.85,-9803.92,252.54,357.14,-9551.38,-9194.24,,,
1981,2517.34,5736.59,7688.1,671.78,396.17,-391.4,-5400.51,-45602.77,2489.38,32148.8,-9541.13,252.02,253.49,-9289.11,-9035.62,,,
1991,2513.46,5732.94,7648.94,700.27,400.4,-384.79,-5428.46,-45316.9,2471.57,32105.74,-9775.01,250.5,443.17,-9524.51,-9081.34,,,
2001,2505.9,5771.82,7612.16,699.89,371.51,-364.68,-5427.23,-45260.16,2412.33,32066.01,-9770.28,252.14,387.55,-9518.14,-9130.59,,,
2011,2539.55,5642.51,7644.77,694.53,402.79,-378.57,-5453.47,-45318.52,2436.5,32139.2,-9769.21,255.04,349.28,-9514.17,-9164.89,,,
2021,2559.11,5539.85,7684,701.05,371.35,-398.81,-5414.2,-45215.63,2449.04,32235.8,-9922.34,256.68,511.55,-9665.66,-9154.12,,,
2031,2540.55,5592.69,7670.35,704,365.29,-389.86,-5428.39,-45347.79,2457.13,32192.75,-9793.98,251.57,356.72,-9542.41,-9185.69,,,
2041,2512.54,5643.32,7636.49,688.21,391.14,-394.61,-5393.96,-45494.55,2416.97,32137.46,-9663.77,251.68,143.01,-9412.09,-9269.08,,,
2051,2581.49,5700.29,7665.34,707.32,385.99,-394.64,-5332.64,-45550.46,2436.27,32014.62,-9575.23,256.72,213.57,-9318.51,-9104.94,,,
2061,2586.36,5620.61,7630.38,699.26,373.11,-366.69,-5371.96,-45627.55,2437.58,32160.91,-9572.35,257.63,142,-9314.72,-9172.71,,,
2071,2545.01,5688.73,7653.9,698.9,371.03,-403.24,-5407.47,-45480.05,2444.51,32084.86,-9556.62,253.93,196.18,-9302.69,-9106.51,,,
2081,2463.91,5698.28,7664.89,696.09,396.02,-398.29,-5431.59,-45439.08,2474.11,32106.03,-9639.46,251.84,230.38,-9387.61,-9157.23,,,
2091,2513.01,5606.09,7654.5,681.8,384.44,-393.87,-5445.53,-45572.35,2476.86,32330.28,-9644.63,250.84,235.24,-9393.79,-9158.54,,,
2101,2531.94,5666.32,7637.24,677.8,361.04,-384.25,-5441.46,-45509.86,2432.28,32175.64,-9642.78,255.47,146.69,-9387.31,-9240.62,,,
2111,2585.65,5615.31,7644.82,698.53,386.64,-399.98,-5391.15,-45744.71,2432.5,32322.39,-9543.92,256.06,149.99,-9287.86,-9137.87,,,
2121,2549.66,5609.92,7680.57,702.88,369.18,-396.88,-5365.44,-45664.29,2483.87,32191.66,-9542.91,256.08,161.13,-9286.83,-9125.69,,,
2131,2481.16,5708.23,7730.52,711.44,390.13,-402.03,-5438.37,-45503.74,2450.9,32168.99,-9631.34,251.69,297.23,-9379.65,-9082.42,,,
2141,2536.87,5561.38,7670.89,692.25,398.14,-403.14,-5360.49,-45297,2463.56,32132.65,-9846.78,256.96,395.1,-9589.82,-9194.72,,,
2151,2550.42,5650.93,7653.98,687.5,380.22,-374.84,-5408.6,-45372.79,2453.43,32201.74,-9845.06,253.89,421.99,-9591.18,-9169.19,,,
2161,2487.97,5651.97,7663.9,688.22,382.99,-395.92,-5451.45,-45565.5,2441.53,32104.54,-9513.03,252.14,8.26,-9260.89,-9252.63,,,
2171,2553.92,5563.17,7660.73,673.8,391.07,-380.1,-5399.95,-45528.12,2428.61,32099.96,-9566.43,255.47,63.09,-9310.96,-9247.87,,,
2181,2510.07,5615.26,7677.71,683.68,357.35,-356.1,-5407.13,-45617.66,2457.31,32172,-9549.23,253.52,92.49,-9295.71,-9203.22,,,
2191,2573.13,5702.29,7723.78,705.81,382.68,-366.12,-5422.78,-45529.77,2446.45,31974.6,-9467,248.18,190.07,-9218.82,-9028.75,,,
2201,2539.25,5700,7641.44,710.75,384.45,-400.45,-5454.41,-45574.97,2440.87,32084.78,-9490.17,257.07,71.7,-9233.1,-9161.4,,,
2211,2554.04,5643.07,7684.44,715.41,420.5,-345.47,-5465.85,-45786.94,2463.56,32061.23,-9293.87,251.21,-56.01,-9042.66,-9098.66,,,
2221,2532.55,5639.26,7662.25,690.39,394.89,-407.08,-5413.5,-45774.9,2440.23,32114.88,-9378.83,252.83,-121.01,-9126,-9247.01,,,
2231,2509.18,5657.83,7668.95,699.94,379.92,-375.65,-5388.08,-45714.54,2447.94,32114.87,-9455.34,254.79,0.36,-9200.55,-9200.19,,,
2241,2525.64,5700.38,7675,706.1,401.81,-375.81,-5425.39,-45570.66,2480.04,32155.46,-9557.08,259.24,272.58,-9297.85,-9025.26,,,
2251,2486.94,5582.29,7657.58,675.2,389.87,-382.66,-5424.8,-45652.28,2481.52,32247.11,-9564.6,257.25,60.78,-9307.35,-9246.57,,,
2261,2586.73,5644.74,7622.8,686.17,386.56,-371.38,-5458.37,-45457.06,2417.99,32081.97,-9651.82,255.93,140.16,-9395.88,-9255.72,,,
2271,2536.55,5533.79,7733.92,685.78,376.77,-385.71,-5411.28,-45569.6,2481.37,32154.22,-9564.1,252.04,135.81,-9312.07,-9176.25,,,
2281,2534.3,5664.28,7686.96,697.5,386.53,-404.96,-5392.68,-45659,2498.01,32232.26,-9588.9,254.89,243.2,-9334.01,-9090.81,,,
2291,2546.92,5683.87,7660.72,711.61,380.09,-397.7,-5472.37,-45413.98,2427.22,32086.88,-9662.58,253.82,213.25,-9408.76,-9195.51,,,
2301,2486.45,5650.41,7700.81,691.54,379.6,-377.46,-5419.66,-45483.28,2466.13,32179.28,-9640.87,253.34,273.83,-9387.53,-9113.7,,,
2311,2531.06,5534.73,7669.89,676.5,389.71,-392.11,-5389.81,-45419.85,2439.12,32126.6,-9680.67,255.12,165.82,-9425.55,-9259.73,,,
2321,2550.24,5643.05,7608.16,701.22,395.1,-362.49,-5481.66,-45545.51,2421.45,32084.81,-9552.66,252.87,14.38,-9299.79,-9285.42,,,
2331,2568.79,5686.77,7638.4,701.16,365.99,-363.33,-5400.61,-45715.49,2456.93,32224.17,-9463.75,247.48,162.78,-9216.27,-9053.49,,,
2341,2525.67,5627.32,7682.63,695.36,374.4,-394.28,-5385.83,-45621.35,2474.66,32179.18,-9526.85,256.24,157.76,-9270.61,-9112.85,,,
2351,2525.49,5602.45,7667.07,701.49,390.48,-413.35,-5408.05,-45535.53,2424.93,32237.54,-9667.43,257.98,192.51,-9409.45,-9216.94,,,
2361,2456.3,5743.76,7685.7,703.99,365.22,-380.99,-5418.82,-45692,2490.71,32159.27,-9479.06,251.36,113.14,-9227.7,-9114.56,,,
2371,2546.79,5648.49,7641.64,685.96,362.78,-390.43,-5460.49,-45500.03,2443.23,32115,-9563.77,253.03,92.94,-9310.74,-9217.8,,,
2381,2553.92,5640.09,7619.75,682.66,385.92,-382.92,-5450.26,-45683.06,2453.73,32200.77,-9460.97,250.82,20.59,-9210.15,-9189.56,,,
2391,2531.25,5609.53,7663.09,695.02,402.7,-395.09,-5415.57,-45814.76,2475.25,32178.05,-9375.02,250.16,-70.52,-9124.87,-9195.39,,,
2401,2570.09,5599.96,7683.19,688.4,416.5,-382,-5473.69,-45459.07,2442.3,32058.33,-9570.01,254.59,144.01,-9315.43,-9171.42,,,
2411,2485.85,5620.45,7664.99,706.68,388.01,-337.95,-5362.84,-45554.13,2464.94,32179.22,-9598.31,251.57,255.22,-9346.74,-9091.52,,,
2421,2506.52,5604,7638.78,701.36,370.02,-349.8,-5396.3,-45726.63,2472.77,32300.41,-9527.46,250.96,121.14,-9276.5,-9155.36,,,
2431,2539.22,5695.84,7645.05,712.05,397.63,-388.23,-5333.58,-45571.61,2489.08,32213.76,-9660.25,250.05,399.2,-9410.2,-9011,,,
2441,2477.26,5754.13,7651.51,719.63,370.44,-351.77,-5430.21,-45674.76,2422.84,32207.08,-9538.94,247.33,146.15,-9291.61,-9145.46,,,
2451,2496.03,5705.88,7614.61,693.9,355.03,-381.61,-5325.35,-45639.88,2497.67,32158.77,-9567.57,252.46,175.06,-9315.11,-9140.05,,,
2461,2585.47,5685.51,7654.67,700.58,361.81,-361.7,-5397.57,-45471.68,2464.98,32195.49,-9722.12,254.71,417.56,-9467.41,-9049.85,,,
2471,2540.13,5652.41,7670.27,684.9,369.19,-343.84,-5458.56,-45613.23,2461.35,32159.24,-9520.51,252.44,121.86,-9268.07,-9146.21,,,
2481,2541.54,5701.44,7699.46,710.42,402.51,-380.13,-5406.6,-45737.43,2481.03,32118.48,-9423.44,251.76,130.71,-9171.67,-9040.96,,,
2491,2557.37,5572.77,7715.99,707.78,376.69,-399.44,-5464.61,-45594.12,2429.01,32213.69,-9597.23,251.86,115.13,-9345.36,-9230.23,,,
2501,2555.72,5650.69,7632.43,686.93,375.93,-367.46,-5481.13,-45687.52,2411,32188.44,-9481.51,248.34,-34.96,-9233.17,-9268.14,,,
2511,2470.7,5569.03,7687.5,670.48,399.83,-358.73,-5452.52,-45721.96,2455.24,32149.47,-9427.74,249.94,-130.97,-9177.8,-9308.77,,,
2521,2501.16,5685.25,7613.15,689.09,383.99,-369.43,-5463.14,-45820.96,2415.04,32217.2,-9416.69,250.97,-148.65,-9165.72,-9314.37,,,
2531,2509.07,5673.43,7623.88,699.28,376.88,-383.67,-5390.77,-45702.52,2480.52,32198.26,-9518.67,252.5,84.38,-9266.17,-9181.79,,,
2541,2576.76,5560.73,7640.92,675.52,383.01,-332.91,-5413.49,-45834.96,2478.26,32159.03,-9420,251.94,-107.13,-9168.06,-9275.19,,,
2551,2506.92,5646.2,7593.45,699,375.71,-354.69,-5469.36,-45618.63,2465.47,32241.92,-9564.19,251.12,86,-9313.07,-9227.07,,,
2561,2565.46,5797.31,7625.54,703.45,383.79,-363.62,-5428.43,-45375.82,2459.37,32030.55,-9647.8,250.07,397.6,-9397.72,-9000.13,,,
2571,2533.98,5634.35,7644.33,693.01,383.12,-357.67,-5446.9,-45674.56,2460.85,32181.1,-9509.71,252.13,51.61,-9257.58,-9205.97,,,
2581,2464.7,5617.21,7642.51,693.5,380.86,-347.44,-5392.74,-45559.93,2480.89,32177.02,-9551.95,250.73,156.58,-9301.22,-9144.64,,,
2591,2458.36,5601.59,7651.37,692.22,387.06,-388.97,-5442.36,-45450.64,2495.04,32051.1,-9587.6,250.78,54.78,-9336.82,-9282.04,,,
2601,2539.62,5673.92,7646.41,690.18,382.72,-387.89,-5388,-45462.83,2426.22,32044.88,-9662.28,259.13,165.23,-9403.15,-9237.92,,,
2611,2561.99,5633.25,7706.78,713.11,383.52,-374.78,-5415.03,-45714.17,2446.76,32209.76,-9520.16,254.53,151.2,-9265.63,-9114.44,,,
2621,2578.69,5655.22,7673.44,701.76,379.4,-367.34,-5413.47,-45246.85,2443.39,31965.12,-9746.27,249.55,369.37,-9496.72,-9127.35,,,
2631,2573.26,5772.87,7648.16,700.03,367.38,-386.11,-5425.26,-45658.6,2483.65,32087.21,-9448.35,247.44,162.59,-9200.91,-9038.31,,,
2641,2564.51,5740.95,7672.77,704.37,401.07,-424.09,-5419.8,-45436.99,2422.25,32142.76,-9698.3,255.27,367.81,-9443.03,-9075.22,,,
2651,2615.73,5659.48,7665.89,696.81,369.91,-361,-5418.66,-45483.47,2474.24,32064.15,-9632.72,252.5,283.08,-9380.22,-9097.14,,,
2661,2600.05,5606.19,7645.18,691.92,374.91,-380.58,-5432.17,-45618.49,2406.13,32094.4,-9545.02,251.83,-12.47,-9293.19,-9305.66,,,
2671,2502.53,5561.25,7694.61,682.8,378.16,-390.7,-5401.32,-45703.97,2457.9,32189.58,-9487.23,249.08,-29.16,-9238.15,-9267.31,,,
2681,2463.57,5587.41,7689.48,709.77,380.92,-389.81,-5464.61,-45591.53,2541.79,32140.02,-9533.24,250.36,67.02,-9282.88,-9215.86,,,
2691,2466.28,5745.32,7670.14,700.67,400.62,-401.05,-5457.14,-45295.83,2469.72,31970.76,-9720.15,255.75,269.47,-9464.41,-9194.94,,,
2701,2539.16,5735.3,7656.09,718.59,372.03,-348.96,-5418.68,-45595.65,2420.63,32077.06,-9462.87,252.02,155.58,-9210.85,-9055.27,,,
2711,2492.66,5729.29,7588.81,699.55,397.64,-350.7,-5386.21,-45777.3,2432.62,32099.86,-9362.78,251.59,-73.78,-9111.18,-9184.96,,,
2721,2527.76,5659.56,7684.04,690.58,401.74,-413.55,-5428.63,-45415.57,2445.84,32068.19,-9662.19,252.53,219.96,-9409.66,-9189.7,,,
2731,2519.94,5647.2,7667.14,684.28,402.13,-396.16,-5416.29,-45576.28,2478.9,32158.76,-9617.09,255.75,169.62,-9361.34,-9191.72,,,
2741,2491.26,5582.38,7640.29,677.61,371.8,-386.24,-5404.76,-45715.8,2504.13,32221.87,-9457.99,251.25,-17.46,-9206.75,-9224.21,,,
2751,2493.89,5727.07,7683.73,704.95,387.38,-368.84,-5505.63,-45560.43,2447.21,32117.86,-9571.45,250.55,127.2,-9320.9,-9193.7,,,
2761,2494.25,5687.75,7665.39,684.74,380.65,-370.46,-5420.21,-45376.62,2472.93,31982.39,-9663.64,254.44,200.8,-9409.2,-9208.41,,,
2771,2553.62,5610.49,7614.48,687.21,372.46,-379.65,-5405.66,-45466.74,2446.22,32165.33,-9655.33,248.2,197.75,-9407.13,-9209.37,,,
2781,2447.12,5654.58,7674.25,696.06,358.28,-384.95,-5482.81,-45479.09,2449.73,32122.93,-9606.08,252.31,56.09,-9353.78,-9297.68,,,
2791,2484.92,5621.79,7625.02,695.07,389.7,-353.84,-5447.97,-45453.23,2480.17,32295.95,-9715.9,248.62,337.57,-9467.28,-9129.71,,,
2801,2512.66,5634.09,7619.06,718,366.24,-356.21,-5482.07,-45520,2504.92,32202.69,-9634.68,250.21,199.38,-9384.47,-9185.09,,,
2811,2548.75,5565.6,7688.7,692.01,373.57,-382.8,-5467.77,-45420.39,2474.58,32112.31,-9663.34,252.21,184.55,-9411.13,-9226.57,,,
2821,2544.25,5672.2,7668.15,692.67,406.69,-383.69,-5481.74,-45450.3,2441.09,32185.62,-9616.29,249.35,294.94,-9366.93,-9072,,,
2831,2564.65,5619.86,7670.69,674.67,380.27,-399.65,-5462.24,-45213.97,2503.65,32038.02,-9771.95,251.12,375.95,-9520.83,-9144.88,,,
2841,2559.19,5615.03,7687.09,674.05,380.13,-371.91,-5387.48,-45552.83,2475.82,32003.8,-9514.25,251.01,82.9,-9263.23,-9180.33,,,
2851,2521.55,5587.36,7657.62,678.58,378.89,-370.04,-5420.02,-45569.31,2487.81,32148.09,-9575.93,249.25,100.55,-9326.69,-9226.14,,,
2861,2533.83,5550.5,7675.65,693.52,383.25,-421.87,-5452.6,-45605.7,2450.69,32191.28,-9538.64,250.24,-1.45,-9288.39,-9289.85,,,
2871,2466.66,5646.02,7639.99,686.39,389.45,-387.07,-5484.77,-45565.17,2480.07,32069.44,-9435.26,246.92,-58.99,-9188.34,-9247.33,,,
2881,2565.94,5675.55,7648.2,691.53,389,-366.84,-5435.16,-45454.9,2413.97,32058.17,-9590.38,253.86,185.46,-9336.52,-9151.06,,,
2891,2533.44,5743.58,7632.18,699,385.34,-361.82,-5414.01,-45684.12,2470.89,32075.04,-9396.12,250.93,79.51,-9145.18,-9065.67,,,
2901,2520.52,5558.73,7716.63,700,389.57,-380.71,-5390.15,-45792.18,2477.78,32034.2,-9293.28,246.36,-165.61,-9046.92,-9212.53,,,
2911,2530.19,5614.11,7637.33,687.65,398.63,-355.04,-5341.33,-45626.9,2441.29,32066.86,-9506.9,251.08,52.78,-9255.82,-9203.03,,,
2921,2554.99,5708.4,7712.09,690.67,386.03,-380.65,-5418.72,-45485.02,2465.37,32144.89,-9616.84,252.88,378.06,-9363.96,-8985.9,,,
2931,2434.47,5617.25,7642.9,706.08,399.03,-389.99,-5386.2,-45629.83,2483.24,32173.83,-9546.7,252.8,50.77,-9293.9,-9243.13,,,
2941,2544.82,5646.52,7654.13,696.5,370.82,-370.83,-5440.96,-45618.02,2451.82,32099.16,-9488.72,246.95,33.96,-9241.78,-9207.82,,,
2951,2514.69,5521.02,7677.61,692.32,373.99,-356.02,-5406.63,-45767.52,2492.78,32260.26,-9480.9,248.53,2.49,-9232.38,-9229.88,,,
2961,2524.85,5589.18,7639.26,686.33,430.67,-379.24,-5418.43,-45517.64,2464.22,32047.07,-9543.58,250.76,66.27,-9292.82,-9226.55,,,
2971,2555.88,5633.15,7668.3,660.85,373.08,-400.16,-5426.02,-45574.82,2467.66,32120.81,-9548.35,249.65,78.72,-9298.7,-9219.98,,,
2981,2532.28,5671.01,7642.05,710.79,368.94,-374.46,-5442.15,-45626.16,2424.54,31995.06,-9437.58,249.46,-98.1,-9188.12,-9286.22,,,
2991,2524.63,5583.06,7675.35,698.96,375.39,-382.28,-5443.9,-45643.52,2442.95,32110.75,-9493.21,248.56,-58.6,-9244.65,-9303.25,,,
3001,2482.94,5685.17,7664.52,691.49,372.87,-378.77,-5384.37,-45526.92,2440.15,32012.6,-9535.88,252.13,59.68,-9283.75,-9224.07,,,
3011,2477.1,5685.22,7697.6,677.8,388.16,-381.99,-5335.68,-45611.51,2510.5,32118.69,-9601.4,252.52,225.89,-9348.88,-9122.99,,,
3021,2566.36,5622.25,7681.63,700.93,390.41,-359.85,-5390.2,-45693.4,2455.04,32190.01,-9533.69,252.85,163.18,-9280.85,-9117.67,,,
3031,2584.67,5586.92,7620.58,711.66,374.76,-371.6,-5436.66,-45399.1,2406.16,32094.32,-9665.32,250.94,171.71,-9414.38,-9242.67,,,
3041,2582.16,5626.93,7657.24,708.35,383.02,-391.15,-5394.86,-45459.2,2457.5,31983.58,-9583.52,253.56,153.56,-9329.96,-9176.4,,,
3051,2464.89,5689.92,7619.44,703.21,393.92,-346.42,-5402.02,-45705.81,2449.19,32180.04,-9479.65,254.53,46.38,-9225.12,-9178.74,,,
3061,2600.22,5638.04,7677.49,714.78,379.87,-388.19,-5416.47,-45281.8,2433.88,31942.23,-9681.67,255.6,300.05,-9426.07,-9126.02,,,
3071,2540.28,5563.09,7651.15,685.57,400.16,-383.25,-5462.96,-45686.01,2461.92,32156.87,-9422.02,244.69,-73.18,-9177.33,-9250.51,,,
3081,2552.9,5628.34,7647.82,687.22,410.74,-372.05,-5382.82,-45683.48,2449.64,32094.01,-9459.71,251.92,32.33,-9207.79,-9175.46,,,
3091,2558.71,5661.25,7636.82,693.54,378.72,-409.2,-5446.65,-45579.31,2483.07,32046.63,-9501.92,252.32,23.59,-9249.6,-9226.01,,,
3101,2498.4,5677.44,7615.04,685.56,387,-391.38,-5477.67,-45472.77,2447.59,32006.46,-9472.75,249.74,-24.33,-9223.01,-9247.34,,,
3111,2519.21,5590.55,7612.82,699.43,376.9,-368.72,-5387.33,-45575.01,2457.35,32117.3,-9561.19,254.63,42.49,-9306.56,-9264.07,,,
3121,2538.18,5730.07,7667.44,686.97,395.22,-385.07,-5480.34,-45425.39,2453.68,31951.62,-9533.93,250.62,132.38,-9283.31,-9150.93,,,
3131,2392.09,5638.51,7645.93,685.81,390.54,-375.67,-5356.92,-45290.28,2453.39,32190.4,-9847.43,257.39,373.79,-9590.04,-9216.24,,,
3141,2552.6,5653.52,7651.51,692.88,389.26,-398.39,-5475.66,-45264.4,2475.99,32155.55,-9789.92,255.34,432.86,-9534.59,-9101.73,,,
3151,2569.54,5664.55,7657,694.86,381.66,-386.11,-5414.24,-45341.84,2406.84,32188.73,-9776.51,254.72,420.99,-9521.78,-9100.79,,,
3161,2617.05,5667.1,7669.01,688.44,398.03,-420.52,-5461.42,-45330.9,2447.54,32140.62,-9755.89,253.15,414.94,-9502.74,-9087.8,,,
3171,2475.94,5648.29,7655.87,700.41,397.38,-407.78,-5411.56,-45316.17,2446.46,32270.86,-9885.89,257.1,459.7,-9628.79,-9169.09,,,
3181,2509.98,5681.01,7637.56,701.43,379.35,-383.39,-5384.24,-45384.69,2476.74,32103.41,-9700.45,255.52,337.15,-9444.93,-9107.78,,,
3191,2511.88,5623.61,7645.42,691.15,355.87,-361.7,-5433.28,-45466.27,2505.48,32180.07,-9635.99,251.92,252.23,-9384.07,-9131.84,,,
3201,2519.71,5629.65,7616.79,694.1,363.45,-378.84,-5404.63,-45220.58,2490.4,32081.86,-9827.67,254.94,391.93,-9572.73,-9180.8,,,
3211,2582.74,5627.89,7657.69,693.6,390.87,-381.86,-5423.82,-45220.01,2489.52,31949.67,-9788,255.55,366.28,-9532.45,-9166.17,,,
3221,2433.24,5552.06,7682.51,680.85,374.24,-370.24,-5408.38,-45214.45,2499.54,32191.91,-9897.99,257.98,421.28,-9640.01,-9218.73,,,
3231,2523.28,5601.76,7647.95,677.47,402.98,-378.36,-5357.72,-45387.4,2480.45,32249,-9869.06,259.38,459.4,-9609.68,-9150.28,,,
3241,2506.56,5608.7,7690.96,687.94,362.34,-362.78,-5398.22,-45476.14,2480.22,32184.03,-9714.03,249.45,283.6,-9464.58,-9180.98,,,
3251,2529.66,5533.84,7603.58,694.69,364.88,-368.85,-5373.86,-45415.06,2456.37,32268.21,-9811.04,259.59,293.47,-9551.46,-9257.99,,,
3261,2529.68,5619.78,7651.01,692.3,397.16,-400.19,-5406.59,-45338.3,2431.98,32127.62,-9805.98,252.93,304.44,-9553.05,-9248.61,,,
3271,2550.66,5616.08,7635.45,685.92,405.28,-375.48,-5386.53,-45273.61,2427.32,32122.45,-9880.09,261.79,407.54,-9618.3,-9210.76,,,
3281,2525.44,5610.09,7628.74,674.57,364.53,-412.24,-5455.38,-45356.97,2467.83,32161.62,-9789.84,253.77,208.24,-9536.07,-9327.83,,,
3291,2481.54,5720.43,7642.63,671.18,351.95,-399.99,-5457.42,-45278.13,2438.51,32142.8,-9791.88,255.06,313.5,-9536.82,-9223.32,,,
3301,2548.17,5655.08,7641.25,673.31,390.78,-381.67,-5421.94,-45440.55,2477.21,32221.41,-9734.52,253.17,363.04,-9481.35,-9118.3,,,
3311,2522,5754.21,7617.18,706.19,391,-389.12,-5466.31,-45341.05,2440.78,32080.98,-9738.61,252.95,315.86,-9485.66,-9169.79,,,
3321,2479.3,5594.74,7621.88,678.97,379.45,-391.08,-5399.09,-45618.35,2518.54,32185.08,-9519.32,252.71,49.43,-9266.6,-9217.17,,,
3331,2544.54,5733.59,7617.61,689.1,386.83,-401.85,-5429.05,-45619.96,2494.85,32119.95,-9527.15,250.23,135.6,-9276.91,-9141.32,,,
3341,2519.9,5717.71,7653.82,698.98,380.06,-391.31,-5413.94,-45663.49,2493.29,32130.95,-9482.55,255.09,125.96,-9227.47,-9101.5,,,
3351,2543.11,5588.71,7652.31,698.16,419.25,-417.32,-5411.85,-45675.7,2440.9,32201.26,-9457.42,257.54,38.82,-9199.88,-9161.05,,,
3361,2535.49,5586.19,7679.72,688.69,406.61,-392.01,-5425.17,-45692.77,2460.21,32298.2,-9599.54,251.4,145.15,-9348.13,-9202.98,,,
3371,2520.11,5713.92,7633.3,706.15,387.62,-358.91,-5390.25,-45798.19,2454.88,32212.59,-9472.68,253.72,81.22,-9218.96,-9137.74,,,
3381,2473.79,5662.24,7621.44,689.38,369.18,-389.22,-5412.11,-45745.1,2489.57,32108.32,-9438.68,249.88,-132.51,-9188.8,-9321.31,,,
3391,2580.38,5615.32,7575.87,702.95,388.87,-426.11,-5445.09,-45639.36,2459.08,32133.9,-9504.27,252.53,-54.18,-9251.75,-9305.93,,,
3401,2550.64,5698.72,7698.57,706.82,407.16,-425.94,-5388.17,-45528.29,2455.77,32148.7,-9672.59,258.52,323.97,-9414.08,-9090.11,,,
3411,2585.8,5602.66,7642.16,670.76,384.09,-367.73,-5374.03,-45402.65,2445.37,32123.95,-9733.62,256.55,310.39,-9477.07,-9166.68,,,
3421,2518.91,5702.23,7603.71,695.73,397.36,-407.08,-5379.12,-45504.02,2483.36,32185.18,-9663.6,256.59,296.26,-9407.01,-9110.76,,,
3431,2498.82,5609.49,7644.22,673.92,386.68,-387.69,-5413.79,-45506.91,2452.52,32218.48,-9698.9,255.25,175.74,-9443.65,-9267.91,,,
3441,2509.76,5746.96,7668.15,698.83,393.75,-401.23,-5359.32,-45530.23,2441.06,32020.63,-9550.1,258.34,188.36,-9291.77,-9103.41,,,
3451,2563.02,5723.85,7678.92,684.84,412.54,-409.03,-5396.16,-45462.85,2463.62,32079.89,-9614.9,254.4,338.63,-9360.5,-9021.86,,,
3461,2499.18,5620.07,7717.75,701.7,374.36,-396.36,-5352.9,-45375.88,2473.74,31980.88,-9625.57,258.33,242.55,-9367.24,-9124.69,,,
3471,2558.7,5687.89,7656.68,692.15,361.93,-410.44,-5394.8,-45196.07,2456.87,31885.65,-9784.38,255.95,298.57,-9528.43,-9229.87,,,
3481,2554.96,5675.51,7644.96,702.51,387.99,-386.02,-5439.04,-45543.91,2436.72,32080.19,-9565.94,254.24,113.88,-9311.69,-9197.82,,,
3491,2515.42,5634.55,7652.33,673.22,357.84,-381.59,-5373.86,-45461.81,2459.11,32158.65,-9685.56,256.63,233.87,-9428.93,-9195.06,,,
3501,2526.84,5679.2,7629.77,701.9,380.55,-417.28,-5381.17,-45212.22,2458.06,31992.46,-9769.56,258.51,358.1,-9511.04,-9152.94,,,
3511,2531.36,5587.47,7654.02,704.87,390.97,-381.47,-5385,-45456.57,2476.81,32154.96,-9678.67,257.08,277.43,-9421.59,-9144.16,,,
3521,2490.65,5734.02,7667.69,698.96,398.5,-419.19,-5448,-45346.48,2495.38,31985.18,-9602.23,250.44,256.74,-9351.79,-9095.05,,,
3531,2476.94,5718.96,7638.32,703.36,384.13,-404.66,-5321.84,-45285.69,2454.58,32054.52,-9815.51,256.82,418.62,-9558.69,-9140.07,,,
3541,2501.93,5747.89,7654.75,689.02,368.62,-392.17,-5406.93,-45073.58,2453.03,32017.19,-9904.65,256.06,559.75,-9648.59,-9088.84,,,
3551,2446.12,5699.14,7591.8,691.29,393.65,-401.73,-5392.1,-45381.15,2470.07,32062.54,-9692.5,253.41,179.64,-9439.09,-9259.44,,,
3561,2506.33,5659.56,7604.15,695.25,385.73,-391.44,-5379.74,-45316.07,2476.31,32076.78,-9786.94,256.61,316.86,-9530.32,-9213.46,,,
3571,2501.73,5687.71,7663.21,690.64,392.42,-384.12,-5433.89,-45044.56,2433.53,32020.99,-9891.4,260.78,527.66,-9630.63,-9102.96,,,
3581,2490.48,5679.32,7681.69,698.39,393.56,-350.67,-5416.59,-45110.47,2444.27,31999.78,-9846,259.95,509.76,-9586.05,-9076.29,,,
3591,2510.05,5600.16,7593.03,674.66,383,-361.04,-5331.52,-45231.01,2472.09,31971.41,-9761.77,260.2,280.82,-9501.57,-9220.76,,,
3601,2598.51,5567.49,7602.49,682.45,392.32,-387.34,-5385.8,-45315.86,2493.36,31948.47,-9686.23,259.99,196.11,-9426.24,-9230.13,,,
3611,2513.27,5687.02,7573.97,701.01,387.51,-359.52,-5399,-45287.35,2422.33,32027.37,-9737.32,258.58,266.61,-9478.75,-9212.14,,,
3621,2412.2,5656.27,7653.83,696.65,380.41,-396.39,-5350.5,-45386.81,2496.12,32113.96,-9694.31,258.79,275.73,-9435.52,-9159.79,,,
3631,2560.33,5684.54,7594.62,699.53,397.77,-350.02,-5430.47,-45556.88,2493.89,32041.57,-9503.56,250.47,134.88,-9253.09,-9118.21,,,
3641,2561.48,5645.17,7595.59,699.91,365.87,-378.62,-5395.82,-45369.33,2440.23,32105.75,-9668.49,254.89,270.22,-9413.6,-9143.39,,,
3651,2515.72,5798.85,7646.35,691.86,371.4,-392.08,-5403.02,-45425.56,2478.97,32009.82,-9629.6,256.72,292.29,-9372.88,-9080.59,,,
3661,2514.83,5584.51,7635.6,667.21,403.19,-392.35,-5414.2,-45234.7,2497.4,32061.45,-9776.15,254.2,322.93,-9521.95,-9199.02,,,
3671,2484.82,5766.59,7665.88,694.35,388.77,-425.2,-5365.09,-45215.41,2458.85,31992.15,-9819.06,257.46,445.7,-9561.6,-9115.9,,,
3681,2581.36,5725.7,7659.64,690.54,391.95,-395.93,-5349.07,-45242.98,2459.44,31980.52,-9814.92,263.62,501.17,-9551.3,-9050.13,,,
3691,2493.58,5616.28,7655.64,688.08,369.27,-378,-5397.37,-45261.65,2448.33,32113.36,-9779.41,254.88,347.53,-9524.53,-9177.01,,,
3701,2551.8,5639.28,7674.14,687.4,373.72,-380.57,-5337.35,-45460.02,2470.19,32114.4,-9692.32,262.06,332.99,-9430.26,-9097.26,,,
3711,2552.39,5710.36,7648.29,696.57,409,-387.6,-5366.05,-45505.46,2468.3,32135.08,-9592.5,259.69,360.88,-9332.81,-8971.93,,,
3721,2448.59,5640.54,7618.72,687.16,398.45,-421.18,-5398.56,-45474.34,2517.64,32255.46,-9706.15,258.72,272.49,-9447.42,-9174.94,,,
3731,2555.21,5613.38,7649.75,701.87,385.03,-387.07,-5387,-45463.81,2466.4,32079.71,-9608.75,260.49,213.48,-9348.25,-9134.77,,,
3741,2499.94,5590.07,7633.12,688.87,367.19,-386.37,-5362.78,-45218.17,2459.44,32061.98,-9820.98,259.52,333.27,-9561.47,-9228.19,,,
3751,2561.13,5657.61,7633.37,699.18,392.76,-403.55,-5348.83,-45207.84,2484.82,32141.28,-9941.61,257.06,609.95,-9684.56,-9074.61,,,
3761,2444.28,5683.52,7660.05,703.73,385.88,-380.31,-5324.53,-45211.8,2473.62,32064.88,-9902.99,262.8,499.33,-9640.2,-9140.87,,,
3771,2581.73,5631.24,7679.41,683.95,394.29,-394.69,-5411.33,-45257.58,2466.59,31955.89,-9800.47,253.79,329.5,-9546.68,-9217.18,,,
3781,2517.64,5747.68,7624.06,689.59,401.82,-366.7,-5401.38,-45338.62,2437.48,31987.67,-9722.81,254.11,299.24,-9468.7,-9169.45,,,
3791,2528.73,5731.08,7636.04,684.46,396.19,-409.76,-5376.75,-45397.76,2497.49,31994.99,-9676.96,258.24,284.72,-9418.71,-9134,,,
3801,2539.58,5552.89,7639.8,684.36,381.15,-390.14,-5449.29,-45573.81,2466.38,32205.05,-9599.23,251.38,55.97,-9347.85,-9291.88,,,
3811,2487.25,5654.32,7588.44,699.97,384.21,-375.39,-5402.68,-45424.27,2478.07,32030.91,-9630.44,253.75,120.82,-9376.7,-9255.88,,,
3821,2567.98,5684.3,7601.48,691.04,379.3,-384.39,-5360.72,-45406.72,2447.47,32132.68,-9742.88,255.53,352.43,-9487.35,-9134.92,,,
3831,2494.86,5582.38,7613.85,699.99,394.04,-384.91,-5397.07,-45397.31,2492.07,32066.92,-9674.83,254.95,164.81,-9419.88,-9255.07,,,
3841,2517.88,5652.25,7592.8,697.13,392.24,-373.41,-5414.04,-45387.22,2478.9,32057.78,-9644.85,249.43,214.32,-9395.42,-9181.1,,,
3851,2539.43,5547.97,7605.11,689.42,385.16,-382.69,-5399.37,-45331.44,2444.26,31996.56,-9646.14,251.08,94.41,-9395.06,-9300.65,,,
3861,2457.28,5776.65,7655.38,705.23,391.44,-377.02,-5414.92,-45172.43,2453.79,31910.45,-9795.3,256.65,385.85,-9538.65,-9152.8,,,
3871,2499.9,5742.71,7612.73,692.69,388.03,-401.23,-5402.51,-45175.13,2470.11,32078.7,-9886.29,258.42,505.99,-9627.87,-9121.88,,,
3881,2530.73,5596.26,7682.32,718.85,358.04,-405.14,-5448.05,-45318.96,2451.98,32017.8,-9661.04,252.97,183.83,-9408.08,-9224.25,,,
3891,2542.09,5736.51,7618.73,698.24,385,-366.96,-5461.83,-45194.17,2421.79,32016.41,-9846.28,256.19,395.82,-9590.09,-9194.26,,,
3901,2492.84,5698.75,7643.14,693.68,380.28,-388.75,-5423.39,-45239.78,2465.2,32007.18,-9787.98,255.51,329.15,-9532.47,-9203.33,,,
3911,2525.2,5552.69,7676.28,701.09,400.81,-391.01,-5375.18,-45151.66,2469.41,32015.81,-9912.13,259.95,423.42,-9652.18,-9228.76,,,
3921,2547.03,5668.12,7626.71,696,380.77,-393.24,-5466.45,-45294.3,2435.97,32113.28,-9757.08,252.2,313.91,-9504.88,-9190.97,,,
3931,2475.16,5636.38,7638.51,697.4,390.02,-361.19,-5404.57,-45253.84,2505.24,32022.47,-9811.39,255.29,345.58,-9556.1,-9210.52,,,
3941,2555.21,5586.55,7640.8,704.8,390.37,-391.93,-5402.6,-45235.02,2480.78,32144.65,-9843.17,256.71,473.61,-9586.46,-9112.85,,,
3951,2480.35,5664.5,7626.52,695.94,406.59,-390.52,-5370.97,-45365.54,2518.15,32115.53,-9806.88,258.69,380.54,-9548.19,-9167.65,,,
3961,2600.28,5707.18,7699.14,697.49,376.62,-390.73,-5422.14,-45072.29,2477.3,32035.58,-9961.23,260.71,708.44,-9700.51,-8992.08,,,
3971,2542.42,5676.42,7616.44,699.68,398.27,-376.91,-5338.09,-45313.57,2462.31,32155.8,-9865.87,259.95,522.77,-9605.93,-9083.16,,,
3981,2491.07,5654.79,7593.3,700.71,385.18,-404.12,-5380.51,-45068.26,2483.72,32116.12,-9988.8,258.7,572,-9730.1,-9158.1,,,
3991,2520.59,5614.25,7619.92,700.8,364.92,-397.15,-5378.5,-45167.99,2473.49,32107.32,-9939.7,261.61,457.64,-9678.09,-9220.45,,,
4001,2543.62,5642.56,7615.9,691.41,382.92,-374.39,-5380.36,-45150.81,2440.88,32025.34,-9817.49,260.82,437.06,-9556.67,-9119.61,,,
4011,2544.9,5615.11,7639.14,696.19,384.66,-381.3,-5372.52,-45221.64,2467.06,32137.44,-9893.39,257,509.04,-9636.39,-9127.36,,,
4021,2517.06,5639.85,7688.64,682.96,388,-397,-5444.16,-45157.1,2440.79,32078.1,-9879.68,258.61,437.13,-9621.07,-9183.93,,,
4031,2349.84,5610.84,7634.77,673.31,386.45,-387.23,-5391.56,-45239.46,2487.18,32171.07,-9819.5,254.53,295.21,-9564.97,-9269.76,,,
4041,2614.59,5659.71,7620.93,704.76,376.07,-396.51,-5410.45,-45225.25,2442.05,32126.17,-9862.81,259,512.06,-9603.81,-9091.75,,,
4051,2572.71,5656.07,7619.44,689.07,391.6,-355.15,-5443.97,-45006.99,2433.71,32123.63,-10048.78,257.43,680.12,-9791.35,-9111.23,,,
4061,2473.6,5622.21,7665.93,692.45,390.4,-376.75,-5413.95,-44970.07,2478.32,32030.09,-9998.53,255.1,592.23,-9743.43,-9151.2,,,
4071,2552,5630.86,7654.49,706.47,382.6,-351.24,-5468.91,-45034.42,2469.65,32109.64,-9985.66,255.34,651.14,-9730.31,-9079.17,,,
4081,2484.23,5706.99,7634.57,706.85,388.9,-393.72,-5453.35,-45056.89,2492.59,32042.91,-9950.66,255.13,553.09,-9695.53,-9142.44,,,
4091,2496.76,5649.09,7636.96,683.74,365.13,-384.63,-5399.39,-45290.35,2443.03,32112.5,-9742.38,254.45,312.84,-9487.93,-9175.1,,,
4101,2532.92,5631.66,7673.01,694.24,390.83,-371.59,-5373.24,-45066.57,2465.31,32024.08,-9976.54,256.81,600.65,-9719.73,-9119.08,,,
4111,2505.8,5603.22,7602.88,696.23,365.4,-356.64,-5424.13,-45297.01,2486.22,32133.95,-9768.04,255.82,315.92,-9512.22,-9196.3,,,
4121,2585.82,5636.54,7627.98,726.6,370.27,-356.89,-5339.41,-45143.08,2476.71,32003.92,-9923.28,255.85,588.47,-9667.43,-9078.96,,,
4131,2515.49,5674.34,7653.22,691.6,388.16,-400.53,-5397.85,-45119.17,2460.4,31969.49,-9800.63,255.93,435.14,-9544.7,-9109.56,,,
4141,2541.19,5693.23,7602.3,709.34,369.81,-402.93,-5386.03,-45200.63,2466.68,31916.82,-9821.4,258.97,309.78,-9562.43,-9252.65,,,
4151,2548.74,5642.55,7639.28,684.68,407.54,-391.07,-5416.74,-45283.77,2503.78,32207.09,-9856.84,253.89,542.09,-9602.95,-9060.85,,,
4161,2600.98,5723.08,7595.81,697.72,378.52,-376.4,-5380.99,-45052.62,2453.74,31967.69,-9922.34,256.35,607.52,-9665.99,-9058.46,,,
4171,2578.26,5619.83,7595.78,714.34,369.49,-398.11,-5401.57,-45024.53,2451.12,31998.91,-9944.13,259.63,503.51,-9684.5,-9180.99,,,
4181,2535.72,5614.4,7700.19,678.46,373.91,-405.65,-5339.04,-45261.35,2480.75,31930.62,-9714.3,256.18,308,-9458.12,-9150.12,,,
4191,2537.36,5682,7647.12,686.63,390.29,-404.2,-5339.77,-45305.2,2461.15,32104.76,-9740.05,255.56,460.13,-9484.49,-9024.35,,,
4201,2593.58,5656.46,7656.97,688.16,373.75,-379.52,-5379.06,-45218.31,2454.98,32030.7,-9838.86,260.56,477.71,-9578.31,-9100.59,,,
4211,2556.79,5662.48,7630.92,693.27,389.51,-414.45,-5383.17,-45169.62,2487.33,32000.26,-9849.41,257.46,453.32,-9591.96,-9138.63,,,
4221,2530.63,5628.45,7621.87,713.83,366.35,-380.38,-5388.71,-45296.09,2473.83,32222.39,-9902.58,258.54,492.16,-9644.04,-9151.88,,,
4231,2588.19,5754.57,7635.84,691.07,376.39,-399.06,-5389.48,-45300.12,2440.52,32116.28,-9802.54,253.52,514.19,-9549.02,-9034.83,,,
4241,2559.11,5648.21,7655.77,700.53,362.89,-377.08,-5422.39,-45314.51,2453.26,32098.18,-9802.76,253.08,363.96,-9549.68,-9185.72,,,
4251,2528.58,5654.15,7652.67,703.37,388.67,-387,-5410.62,-44980.73,2425.6,32076,-10027.44,257.88,650.68,-9769.56,-9118.87,,,
4261,2573.87,5722.11,7610.98,716.2,373.3,-367.68,-5334.96,-44977.15,2443.42,32044.7,-10056.58,257.84,804.79,-9798.75,-8993.96,,,
4271,2468.42,5635.05,7676.48,665.12,353.4,-400.03,-5481.91,-45132.36,2490.39,32114.09,-9914,257.22,388.64,-9656.78,-9268.14,,,
4281,2527.93,5635.56,7663.01,712.86,379.72,-401.35,-5414.96,-45221.84,2454.26,32160.26,-9934.06,259.41,495.45,-9674.65,-9179.19,,,
4291,2476.07,5655.84,7644.64,682.8,393.8,-429.96,-5354.85,-45094.51,2455.67,32053.81,-9917.66,261.35,483.3,-9656.31,-9173.01,,,
4301,2489.29,5604.1,7641.51,686.11,363.54,-393.18,-5389.36,-45301.75,2469.98,32138.73,-9791.9,257.36,308.97,-9534.54,-9225.57,,,
4311,2589.67,5690.82,7666.82,691.48,367.64,-369.42,-5487.28,-44943.85,2449.92,32063.27,-10075.67,254.31,719.07,-9821.36,-9102.29,,,
4321,2493.22,5684.82,7635.84,694.06,381.63,-389.84,-5377.94,-45034.17,2465.52,32046.51,-10001.48,258.35,599.66,-9743.13,-9143.47,,,
4331,2557.13,5726.75,7629.25,705.28,379.58,-330.46,-5419.54,-44806.67,2452.3,32007.19,-10153.04,259.3,900.82,-9893.74,-8992.92,,,
4341,2496.31,5711.12,7634.67,695.39,368.86,-381.26,-5418.68,-44921.69,2493.83,32172.3,-10140.68,262.38,850.84,-9878.3,-9027.46,,,
4351,2524.71,5585.1,7615.1,684.12,372.66,-380.06,-5411.23,-45042.29,2470.18,32205.19,-10069.6,257.43,623.48,-9812.17,-9188.69,,,
4361,2479.09,5624.31,7657.47,708.99,373.99,-379.26,-5416.32,-45017.06,2520.12,32239.97,-10137.14,258.57,791.29,-9878.58,-9087.29,,,
4371,2479.51,5639.39,7608.96,680.27,389.8,-367.89,-5384.65,-45163.65,2444.72,32196.24,-9982.04,257.28,522.71,-9724.76,-9202.05,,,
4381,2539.21,5634.49,7615.12,696.69,371.89,-393.22,-5381.58,-45408.3,2509.62,32237.61,-9778.13,255.71,421.53,-9522.42,-9100.89,,,
4391,2438.36,5704.26,7707.98,689.11,385.69,-421.6,-5346.98,-45425.89,2488.74,32218.81,-9781.93,257.64,438.5,-9524.29,-9085.79,,,
4401,2610.08,5709.71,7621.72,693.5,386.65,-366.4,-5375.53,-45174.02,2398.68,32012.88,-9913.88,256.59,517.29,-9657.3,-9140.01,,,
4411,2519.79,5674.64,7602.13,684.59,380.79,-364.19,-5365.55,-45397.78,2441.15,32084.98,-9713.05,261.76,260.54,-9451.28,-9190.74,,,
4421,2498.45,5580.65,7690.84,696.28,388.76,-398.8,-5393.79,-45277.51,2447.17,32290.99,-9870.12,257.32,523.04,-9612.8,-9089.76,,,
4431,2604.73,5631.17,7629.97,681.24,358.33,-364.38,-5383.78,-45449.7,2436.69,32146.8,-9681.95,252.84,291.09,-9429.11,-9138.03,,,
4441,2651.62,5654.44,7551.5,681.04,368.11,-371.68,-5383.62,-45284,2461.6,32061.44,-9802,255.57,390.46,-9546.43,-9155.97,,,
4451,2468.82,5588.18,7664.12,667.82,390.27,-372.16,-5399.68,-45273.61,2490.63,32113.13,-9767.12,254.65,337.51,-9512.47,-9174.97,,,
4461,2535.67,5720.26,7609.58,698.48,395.22,-401.74,-5467.06,-45152.69,2452.58,32104.84,-9865.27,254.57,495.14,-9610.7,-9115.56,,,
4471,2513.65,5593.97,7645.57,716.91,383.42,-354.54,-5410.59,-45377.41,2514.15,32201.63,-9702.81,255.02,426.77,-9447.79,-9021.02,,,
4481,2550.8,5658.8,7571.1,666.96,371.57,-343.67,-5385.83,-45274.29,2427.14,32004.36,-9728.53,255.98,246.94,-9472.55,-9225.61,,,
4491,2507.64,5594.2,7720.42,695.47,399.44,-403.28,-5443.39,-45259.3,2440.33,32111.83,-9709.75,258.32,363.35,-9451.43,-9088.08,,,
4501,2565.37,5745.94,7636.21,698.3,363.34,-400.71,-5398.18,-45147.15,2438.88,32051.1,-9897.55,255.69,553.11,-9641.86,-9088.76,,,
4511,2551.56,5688.17,7640.68,707.47,404.83,-375.08,-5372.41,-45301.43,2461.17,32151.79,-9840.8,257.79,556.77,-9583.01,-9026.24,,,
4521,2523.28,5740.69,7628.14,695.46,383.68,-388.61,-5421.26,-45095.01,2440.24,31983.38,-9841.63,253.58,490.01,-9588.05,-9098.05,,,
4531,2474.88,5620.2,7658.72,684.3,376.53,-385.02,-5350.73,-44998.83,2495.56,32018.92,-9944.38,258.68,594.53,-9685.7,-9091.17,,,
4541,2554.78,5696.88,7675.52,718.28,427.15,-386.29,-5444.92,-45069.31,2439.2,32252.73,-10021.91,257.53,864.02,-9764.38,-8900.37,,,
4551,2551.49,5657.53,7662.63,694.78,381.02,-396.36,-5424.19,-45057.19,2428.91,32189.83,-10020.51,258.31,688.44,-9762.2,-9073.76,,,
4561,2487.1,5739.8,7690.16,686.76,365.78,-396.3,-5417.49,-45160.29,2474.45,32031.94,-9887.85,260.16,501.91,-9627.69,-9125.78,,,
4571,2556.04,5726.07,7630.2,688.64,371.84,-416.25,-5376.74,-45263.78,2501.23,32112.03,-9839.94,260.77,529.27,-9579.17,-9049.9,,,
4581,2503.66,5642.4,7650.62,703.45,392.19,-412.23,-5344.99,-45110.39,2447.04,32053.89,-9874.54,263.79,525.64,-9610.75,-9085.11,,,
4591,2560.26,5779.54,7617.79,695.43,376.23,-407.04,-5433.13,-45109.21,2422.69,31978.56,-9808.36,257.28,481.11,-9551.08,-9069.97,,,
4601,2486.65,5677.75,7595.42,685.42,379.53,-417.89,-5356,-45147.05,2509.19,32089.47,-9921.85,260.89,502.48,-9660.95,-9158.47,,,
4611,2570.89,5677.15,7671.27,692.22,395.59,-410.92,-5470.8,-45116.47,2432.76,32062.13,-9910.32,260.67,503.81,-9649.66,-9145.84,,,
4621,2657.98,5598.23,7629.71,708.97,397.37,-393.28,-5423.66,-45021.11,2459.17,32011.68,-9910.4,258.21,625.07,-9652.2,-9027.13,,,
4631,2560.39,5682.39,7647.76,698.11,380.69,-359.48,-5376.32,-45079.94,2497.45,31990.72,-9920.91,259.84,641.77,-9661.07,-9019.3,,,
4641,2523.77,5765.78,7652.84,705.3,378.82,-403.79,-5389.12,-44982.05,2469.35,31989.96,-10008.51,263.28,710.88,-9745.23,-9034.34,,,
4651,2497.89,5554.29,7613.83,698.58,411.52,-381.3,-5377.18,-45193.69,2442.04,32118.79,-9868.01,260.46,384.78,-9607.54,-9222.77,,,
4661,2482.51,5690.82,7707.27,687.36,355.27,-419.92,-5417.28,-44932.4,2526.25,32045.63,-10012.39,256.86,725.51,-9755.53,-9030.02,,,
4671,2638.66,5611.19,7633.82,695.82,386.45,-383.95,-5416.2,-44819.43,2437.09,32032.87,-10132.15,260.64,816.34,-9871.51,-9055.17,,,
4681,2580.42,5710.46,7676,725.54,384.41,-374.16,-5428.64,-44957.31,2464.2,32005.61,-9972.25,259.47,786.53,-9712.78,-8926.26,,,
4691,2520.27,5568.14,7652.24,676.65,399.83,-384.82,-5419.97,-44731.63,2480.78,31962.16,-10123.43,259.98,723.65,-9863.45,-9139.8,,,
4701,2553.05,5719.51,7658.77,711.21,378.82,-362.25,-5469.53,-44984.29,2441.35,32050.76,-9976.46,256.19,697.39,-9720.26,-9022.88,,,
4711,2484.12,5633.58,7625.78,698.92,349.14,-376.47,-5375.97,-44997.97,2446.14,31939.61,-9891.32,259.63,426.89,-9631.69,-9204.8,,,
4721,2536.34,5603.82,7640.58,691.27,376.88,-391.37,-5408.62,-45057.65,2444.35,32120.09,-9925.43,257.98,555.69,-9667.44,-9111.75,,,
4731,2521.32,5664.69,7678.35,683.61,381.92,-393.29,-5409.91,-44960.36,2434.75,31981.39,-9990.66,261.22,582.48,-9729.44,-9146.96,,,
4741,2522.72,5672.9,7673.7,704.01,378.25,-391.98,-5433.96,-45003.16,2444.77,31996.6,-9903.23,258.34,563.83,-9644.88,-9081.06,,,
4751,2526.83,5716.03,7614.82,698.76,374.25,-403.85,-5444.28,-45120.38,2452.66,32033.51,-9807.62,254.64,448.36,-9552.99,-9104.62,,,
4761,2498.44,5678.59,7671.55,693.53,366.95,-371.77,-5434.96,-44997.63,2470.62,32047.62,-9944.48,255.79,622.94,-9688.69,-9065.75,,,
4771,2585.7,5486.76,7625.5,690.47,382.36,-389.51,-5347.78,-45097.95,2483.1,32076.66,-9901.8,260.56,495.33,-9641.24,-9145.92,,,
4781,2524.45,5669.23,7635.9,682,407.15,-378.7,-5378.16,-45157.85,2448.1,32112.83,-9873.21,255.5,564.94,-9617.71,-9052.77,,,
4791,2562.09,5670.48,7716.39,700.97,376.98,-410.74,-5378.58,-45198.3,2475.84,32018.76,-9787.81,257.51,533.91,-9530.29,-8996.38,,,
4801,2529.77,5686.69,7694.98,711.66,379.98,-416.48,-5361.18,-45038.69,2447.17,32058.74,-9972.28,261.72,692.64,-9710.56,-9017.92,,,
4811,2524.39,5651.94,7714.73,688,368.14,-408.33,-5413.53,-44895.94,2441.9,32062.66,-10072.84,260.91,733.96,-9811.92,-9077.96,,,
4821,2471.25,5664.87,7669.65,696.44,353.23,-381.04,-5379.34,-44993.35,2514.22,32123.36,-10065.59,262.38,739.29,-9803.21,-9063.92,,,
4831,2577.63,5615.51,7645.12,690.86,386.59,-400.35,-5368.8,-45161.37,2489.38,32111.75,-9941.22,260.71,586.31,-9680.51,-9094.2,,,
4841,2531.45,5535.34,7636.7,707.36,376.83,-377.27,-5405.43,-44989.78,2440.03,32079.69,-9986.91,261,534.92,-9725.91,-9190.98,,,
4851,2558.87,5696.83,7679.37,690.73,411.76,-389.03,-5362.79,-45000.82,2453.89,31974.84,-9986.65,262.54,713.66,-9724.11,-9010.44,,,
4861,2485.94,5729.7,7677.26,713.4,368.09,-396.6,-5423.26,-45041.85,2465.79,32071.94,-9971.56,260.02,650.4,-9711.54,-9061.14,,,
4871,2504.28,5577.65,7633.68,689.99,384.57,-379.36,-5402.41,-45047.52,2430.58,32090.95,-9956.12,264.14,482.41,-9691.98,-9209.57,,,
4881,2533.4,5651.65,7655.61,681.13,364.02,-398.57,-5391.94,-45197.64,2453.88,32089.36,-9833.7,261.51,440.89,-9572.19,-9131.3,,,
4891,2569.44,5700.8,7631.86,693.17,407.71,-404.19,-5337.81,-45179.7,2430.79,32066.27,-9864.67,260.88,578.33,-9603.79,-9025.46,,,
4901,2567.51,5708.32,7651.29,700.12,376.37,-386.89,-5401.51,-45023.57,2435.77,32045.87,-10033.55,255.28,673.28,-9778.26,-9104.98,,,
4911,2532.68,5652.14,7700.44,680.95,360.43,-372.97,-5374.06,-45035.83,2435.74,31958.96,-9912.64,257.85,538.47,-9654.79,-9116.32,,,
4921,2560.56,5667.06,7624.45,702.86,382.59,-365.63,-5446.98,-45151.7,2443.99,32156.06,-9916.3,256.54,573.27,-9659.77,-9086.5,,,
4931,2501.79,5686.25,7639.46,698.94,387.72,-369.28,-5334.63,-44978.63,2521.13,32088.25,-9999.62,258.03,841.01,-9741.59,-8900.59,,,
4941,2526.73,5652.67,7622.37,710.64,395.2,-409.9,-5411.94,-44804.15,2463.44,32038.21,-10118.77,264.51,783.28,-9854.26,-9070.98,,,
4951,2494.28,5566.21,7691.64,694.87,380.74,-400.23,-5339.21,-45157.83,2472.91,32083.76,-9910.42,261.76,487.14,-9648.66,-9161.52,,,
4961,2527.93,5622.46,7707.64,693.34,398.02,-389.37,-5340.11,-45024.1,2458.89,31937.46,-9948.55,262.86,592.16,-9685.7,-9093.53,,,
4971,2552.87,5566.16,7658.2,698,401.88,-373.32,-5381.15,-45321.84,2456.75,32216.79,-9848.35,257.16,474.35,-9591.18,-9116.83,,,
4981,2499.19,5638.55,7594.97,691.72,400.43,-405.23,-5364.64,-45291.16,2467.25,32092.55,-9736.1,258.3,323.63,-9477.81,-9154.17,,,
4991,2546.07,5625.83,7643.85,683.22,385.18,-394.08,-5393.08,-45031.95,2429.61,31964.06,-9909.07,258.23,458.72,-9650.84,-9192.12,,,
5001,2514.98,5631.28,7640.58,663.42,380.94,-378.5,-5340.64,-45003.97,2447.3,32103.59,-10016.28,262.78,658.98,-9753.5,-9094.51,,,
5011,2479.5,5580.11,7599.01,683.53,402.64,-400.91,-5374.31,-44817.95,2466.26,31981.24,-10030.3,261.5,599.11,-9768.8,-9169.69,,,
5021,2557.85,5600.43,7615.2,691.68,391.07,-397.01,-5396.08,-44897.14,2437.74,32034.43,-10026.7,258.73,638.17,-9767.96,-9129.79,,,
5031,2555.19,5709.05,7633.46,690.78,383.49,-379.95,-5423.11,-44845.74,2435.37,31925.87,-10036.14,258.77,684.42,-9777.36,-9092.94,,,
5041,2598.43,5605.1,7602.52,688.89,401.69,-370.21,-5409.49,-44770.5,2467.82,32026.85,-10193.6,258.55,841.09,-9935.05,-9093.97,,,
5051,2549.18,5700.73,7624.47,702.67,361.27,-375.17,-5349.65,-45101.97,2471.05,32003.12,-9850.97,259.68,585.71,-9591.29,-9005.58,,,
5061,2510.59,5788.83,7584.68,707.8,375.92,-382.89,-5375.73,-45029.81,2475.05,32021.83,-9894.42,257.09,676.29,-9637.32,-8961.03,,,
5071,2527.94,5611.75,7634.57,700.51,412.15,-376.14,-5305.98,-45138.53,2516.2,32042.72,-9897.68,264.1,625.2,-9633.58,-9008.38,,,
5081,2537.33,5692.35,7600.93,687.99,398.82,-368.78,-5454.35,-44852.53,2478.66,32055.66,-10065.07,259.92,776.09,-9805.15,-9029.06,,,
5091,2562.1,5671.11,7584.48,681.98,381.98,-384.02,-5386.49,-44871.72,2444.61,31882.18,-10031.29,261.89,566.23,-9769.4,-9203.17,,,
5101,2581.15,5757.45,7605.94,707.62,395.64,-375.73,-5362.3,-44933.61,2481.32,31820.52,-9964.93,260.1,677.99,-9704.84,-9026.85,,,
5111,2527.27,5694.82,7621.96,703.86,391.78,-376.33,-5409.29,-45131.35,2440.71,31968.44,-9851.42,263.98,431.87,-9587.44,-9155.56,,,
5121,2514.59,5671.16,7652.38,697.82,369.18,-388.63,-5406.59,-45080.15,2455.89,31955.2,-9845.58,253.62,440.85,-9591.96,-9151.11,,,
5131,2617.39,5551.46,7577.14,688.91,366.49,-364.08,-5407.55,-44985.81,2446.69,32007.23,-9946.71,258.4,497.87,-9688.32,-9190.44,,,
5141,2417.84,5668.72,7651.75,673.38,389.05,-375.45,-5377.18,-45208.22,2496.71,32070.84,-9789,255.99,407.43,-9533.01,-9125.58,,,
5151,2507.65,5556.48,7632,692.4,397.11,-357.43,-5377.48,-45174.83,2503.97,31967.71,-9776.61,257.89,347.57,-9518.72,-9171.15,,,
5161,2544.38,5736.81,7669.74,693,352.95,-407.65,-5364.66,-45312.16,2465.14,32121.32,-9777.49,256.68,498.87,-9520.81,-9021.94,,,
5171,2468.99,5709.74,7616.63,694.08,368.72,-341.99,-5398.81,-45061.6,2489,31945.34,-9899.13,256.06,490.11,-9643.07,-9152.95,,,
5181,2592.06,5632.09,7669.14,703.55,389.77,-357.63,-5418.65,-45046.85,2463.66,32092.38,-9942.38,258.52,719.53,-9683.87,-8964.34,,,
5191,2516.95,5521.86,7546.7,680.07,397.1,-374.36,-5370.97,-45199.5,2479.15,32043.46,-9794.7,262.23,240.47,-9532.47,-9292,,,
5201,2491.54,5664.82,7649.5,695.17,380.47,-353.91,-5387.13,-45097.77,2502.63,31999.5,-9876.54,258.71,544.84,-9617.83,-9072.99,,,
5211,2440.59,5572.36,7599.52,694.6,371.01,-394.18,-5364.92,-44938.99,2537.99,32098.79,-10059.43,262.6,616.77,-9796.83,-9180.05,,,
5221,2539.89,5602.18,7611.99,696.51,380.71,-395.71,-5354.94,-45120.46,2475.62,31998.3,-9807.42,261.22,434.08,-9546.2,-9112.12,,,
5231,2506.19,5766.58,7577.88,699.22,374.95,-375.01,-5327.77,-44861.83,2406.66,31985.52,-10039.86,263.11,752.38,-9776.75,-9024.37,,,
5241,2478.08,5605.58,7646.68,673.84,394.82,-356.75,-5411.18,-45213.82,2472.26,32089.71,-9798.42,260.63,379.23,-9537.78,-9158.56,,,
5251,2477,5683.81,7637.22,699.8,408.87,-371.32,-5351.72,-45341.22,2484.59,32040.5,-9682.74,260.27,367.54,-9422.47,-9054.94,,,
5261,2517.76,5627.29,7570.14,686.66,374.01,-353.09,-5349.45,-45178.44,2486.76,32074.76,-9797.74,260.01,456.4,-9537.73,-9081.33,,,
5271,2553.04,5686.19,7647.44,686.35,398.92,-354.34,-5320.18,-45245.77,2459.6,31919.21,-9719.24,262.93,430.46,-9456.3,-9025.85,,,
5281,2600.01,5730.87,7687.59,691.75,395.9,-402.15,-5337.81,-44935.46,2429.4,31968.41,-10010.93,266.08,828.5,-9744.85,-8916.34,,,
5291,2530.32,5688.81,7606.22,686.58,383.73,-397.83,-5367.14,-44997.23,2464.45,31901.21,-9907.8,259.72,499.11,-9648.08,-9148.97,,,
5301,2544.72,5639.54,7615.58,714.98,385.68,-385.53,-5363.08,-44948.5,2480.61,32083.1,-10050.41,258.4,767.11,-9792.01,-9024.9,,,
5311,2569.18,5675.98,7598.62,709.45,354.46,-382.36,-5420.74,-44902.4,2433.63,31977.26,-10015.5,260.87,613.1,-9754.64,-9141.54,,,
5321,2557.33,5657.16,7656.7,703.79,384.41,-403.94,-5383.14,-44858.43,2466.31,31950.68,-10027.51,263.52,730.89,-9763.98,-9033.09,,,
5331,2528.8,5771.5,7612.24,715.05,385.51,-385.44,-5381,-44914.79,2458.21,32066.4,-10115.88,262.09,856.49,-9853.79,-8997.31,,,
5341,2545.64,5651.52,7629.55,702.19,398.42,-372.36,-5365.62,-44959.6,2447.68,32119.64,-10087.29,265.54,797.05,-9821.74,-9024.69,,,
5351,2574.87,5543.88,7622.46,701.13,369.91,-332.72,-5331.81,-44986.28,2449.96,32019.52,-10027.42,261.07,630.91,-9766.35,-9135.44,,,
5361,2541.85,5628.18,7600.24,694.31,375.4,-361.23,-5365.51,-45130.57,2429.05,32111.29,-9962.47,265.59,523.02,-9696.88,-9173.86,,,
5371,2527.46,5724.99,7647.63,688.46,379.24,-397.17,-5349.88,-45225.72,2449.99,32035.04,-9792.6,260.66,480.02,-9531.94,-9051.92,,,
5381,2492.36,5620.2,7606.59,686.76,374.15,-427.79,-5316.18,-45332.41,2473.8,32174.86,-9803.17,260.13,352.35,-9543.04,-9190.69,,,
5391,2449.55,5584.37,7639.52,695.19,415.46,-364.57,-5452.67,-45227.62,2474.02,32162.46,-9798.9,254.6,375.71,-9544.3,-9168.59,,,
5401,2580.96,5564.53,7595.79,688.6,382.08,-358.11,-5350.85,-45225.83,2442.58,32023.57,-9804.86,258.95,343.31,-9545.91,-9202.6,,,
5411,2509.15,5724.25,7639.1,689.71,384.97,-374.31,-5369.8,-45067.9,2459.52,32014.19,-9960.85,261.91,608.88,-9698.93,-9090.05,,,
5421,2560.22,5668.94,7585.29,703.51,403.3,-346.65,-5386.67,-45022.68,2461,32017.15,-9959.84,265.56,643.39,-9694.28,-9050.89,,,
5431,2485.1,5603.07,7604.37,702.05,384.37,-334.87,-5341.52,-45208.77,2534.71,32068.12,-9836.53,256.78,496.62,-9579.75,-9083.13,,,
5441,2514.18,5577.93,7593.23,699.04,347.9,-368.52,-5369.9,-45373.49,2467.73,32175.9,-9727.91,261.8,264.01,-9466.11,-9202.1,,,
5451,2527.38,5584.22,7640.55,702.59,393.38,-402.85,-5401.46,-45179,2454.03,32141.81,-9886.51,261.72,460.64,-9624.8,-9164.15,,,
5461,2547.69,5691.36,7628.37,700.54,393.18,-343.47,-5387.93,-45204.75,2446.91,32098.63,-9806.85,259.19,570.53,-9547.66,-8977.13,,,
5471,2560.28,5634.13,7661.55,703.03,386.95,-367.12,-5415.87,-45074.32,2449.57,31979.07,-9895.14,260.93,517.26,-9634.22,-9116.96,,,
5481,2446.29,5582.1,7662.7,700.34,388.63,-357.89,-5409.31,-45196.38,2450.21,32238.44,-9944.73,258.71,505.14,-9686.02,-9180.88,,,
5491,2484.71,5615.98,7634.01,699.86,391.26,-356.17,-5379.81,-45130.51,2463.53,32108.17,-9912.46,259.83,531.02,-9652.63,-9121.61,,,
5501,2525.73,5639.6,7652.73,696.05,382.22,-341.15,-5445.81,-45228.47,2431.18,32123.22,-9884.46,260.1,435.31,-9624.36,-9189.05,,,
5511,2489.18,5580.08,7657.92,678.94,402.07,-380.81,-5413.37,-45109.6,2424.18,32146.3,-9927.27,260.46,474.89,-9666.81,-9191.92,,,
5521,2541.14,5619.98,7650.8,681.63,380.28,-385.74,-5309.84,-45165.64,2455.19,31989.82,-9824.56,261.67,457.61,-9562.89,-9105.28,,,
5531,2503.67,5619.39,7619.67,681.63,379.44,-354.53,-5431.56,-45193.81,2449.68,32278.48,-9878.16,258.57,552.04,-9619.59,-9067.55,,,
5541,2541.39,5620.8,7628.73,707.43,367.56,-333.8,-5390.11,-45296.95,2420.8,32186.25,-9853.66,260.51,452.11,-9593.15,-9141.04,,,
5551,2576.14,5650.23,7687.92,715.88,389.48,-391.45,-5389.57,-45279.25,2438.78,32089.07,-9794.32,257.28,487.23,-9537.04,-9049.8,,,
5561,2498.01,5549.7,7667.83,692.02,386.92,-355.51,-5345.36,-45373.63,2492.87,32080.96,-9692.9,256.49,293.79,-9436.41,-9142.62,,,
5571,2564.24,5730.84,7650.34,704.42,378.65,-390.05,-5390.64,-45209.75,2443.65,32079.48,-9842.18,255.93,561.2,-9586.25,-9025.05,,,
5581,2520.87,5628.9,7624.03,686.59,380.25,-399.94,-5415.1,-45108.51,2454.92,32057.01,-9882.95,252.78,429.02,-9630.16,-9201.14,,,
5591,2566.62,5656.47,7677.76,696.55,391.82,-375.23,-5459.12,-45007.27,2433.63,32082.99,-9948.1,261.32,664.21,-9686.78,-9022.57,,,
5601,2505.12,5704.38,7639.78,696.26,391.08,-366.98,-5417.99,-45295.66,2454.26,32159.44,-9794.79,259.99,469.67,-9534.8,-9065.13,,,
5611,2555.08,5685.54,7640.06,707.42,382.5,-375.33,-5374.95,-45543.6,2438.6,32164.4,-9627.42,259.62,279.71,-9367.79,-9088.08,,,
5621,2474.4,5642.64,7625.17,685.78,394.51,-344.51,-5364.67,-45266.2,2473.01,32037.27,-9789.09,257.25,357.4,-9531.84,-9174.44,,,
5631,2496.83,5630.24,7629.82,721.93,395.62,-387.79,-5353.53,-45215.93,2461.84,32034.76,-9808.62,261.19,413.79,-9547.44,-9133.65,,,
5641,2479.07,5618.17,7614.39,692.63,380.96,-370.2,-5338.59,-45370.31,2458.54,32150.02,-9755.12,262.45,314.7,-9492.67,-9177.98,,,
5651,2438.44,5651.09,7669.43,696.46,360.45,-409.64,-5404.09,-45446.69,2487.93,32122.5,-9619.5,255.81,165.89,-9363.69,-9197.8,,,
5661,2515.91,5638.61,7622.3,694.84,359.1,-363.78,-5441.02,-45383.34,2422.2,32132.22,-9747.32,260,197.02,-9487.32,-9290.29,,,
5671,2486.98,5598.72,7648.71,682.19,365.28,-357.52,-5376.77,-45398.7,2478.46,32169.04,-9758.23,260.12,296.39,-9498.11,-9201.72,,,
5681,2517.04,5633.2,7636.9,690.28,395.99,-361.08,-5434.9,-45204.4,2453.45,32173.45,-9885.2,259.08,499.94,-9626.12,-9126.18,,,
5691,2513.68,5652.86,7610.81,685.45,378.96,-379.56,-5445.55,-45138.78,2443.76,32099.21,-9876.14,260.34,420.84,-9615.8,-9194.96,,,
5701,2507.93,5713.96,7617.86,687.54,385.8,-389.86,-5322,-45120.46,2462.44,32123.83,-9957.43,264.61,667.05,-9692.82,-9025.77,,,
5711,2570.28,5606.2,7616.55,703.9,391.55,-400.59,-5318.4,-45230.53,2473.73,32031.55,-9770.57,264.26,444.26,-9506.32,-9062.06,,,
5721,2503.44,5675.35,7652.24,712.81,382.37,-406.81,-5362.68,-45172.6,2469.23,32098.92,-9836.64,262.32,552.27,-9574.32,-9022.05,,,
5731,2491.49,5641.67,7623.14,678.4,388.89,-433,-5373.33,-45076.28,2447.18,32049.43,-9909.99,265.79,437.59,-9644.2,-9206.61,,,
5741,2501.41,5655.03,7654.49,706.47,392.82,-374.18,-5385.67,-45269.26,2472.3,31994.19,-9730.87,259.68,347.58,-9471.19,-9123.61,,,
5751,2581.41,5556.13,7667.74,688.36,381.64,-343.32,-5393.39,-45143.86,2442.49,32110.71,-9911.26,264.62,547.92,-9646.64,-9098.72,,,
5761,2533.88,5752.42,7624.28,709.02,367.77,-380.31,-5439.86,-44994.56,2467.32,32152.57,-10088.82,261.42,792.53,-9827.39,-9034.86,,,
5771,2524.67,5589.27,7635.63,696.55,371.33,-385.89,-5341.44,-45182.54,2469.67,32162.87,-9948.93,264.92,540.11,-9684.01,-9143.9,,,
5781,2538.33,5582.4,7675.92,678.95,396.85,-394.72,-5364.06,-44931.78,2459.12,32036.35,-10053.9,263.11,677.37,-9790.79,-9113.42,,,
5791,2481.72,5624.01,7662.41,691.38,391.14,-373.42,-5397.09,-45012.39,2478,32170.24,-10064.19,264.59,716.01,-9799.59,-9083.59,,,
5801,2527.87,5620.67,7633.28,693.27,391.54,-387.33,-5350.53,-45297.35,2481.61,32162.96,-9832.77,264.68,476,-9568.1,-9092.09,,,
5811,2502.46,5640.9,7639.42,690.72,383.4,-390.72,-5329.33,-45320.55,2492.08,32106.73,-9757.38,261.26,415.11,-9496.12,-9081.01,,,
5821,2547.19,5694.09,7660.59,701.45,373.76,-412.93,-5294.5,-45172.47,2431.14,32091.47,-9912.66,266.44,619.79,-9646.23,-9026.44,,,
5831,2412.95,5669.98,7569.47,695.8,405.21,-347.69,-5385.88,-45223.91,2436.14,32329.67,-9998.94,265.55,561.74,-9733.39,-9171.66,,,
5841,2547.98,5661.17,7678.07,717.39,396.73,-375.56,-5344.38,-45188.49,2412.99,32074.7,-9886.76,267.13,580.6,-9619.63,-9039.03,,,
5851,2532.4,5632.77,7660.3,670.86,365.18,-398.72,-5318.1,-45385.91,2460.61,32044.02,-9707.79,263.85,263.41,-9443.94,-9180.53,,,
5861,2487.38,5584.07,7616.43,690.64,363.06,-396.85,-5339.06,-45312.78,2497.67,32175,-9820.91,262.94,365.56,-9557.96,-9192.4,,,
5871,2499.45,5688.46,7616.33,685.37,376.56,-370.89,-5371.11,-45262.56,2469.58,32131.74,-9850.57,262.73,462.94,-9587.84,-9124.9,,,
5881,2537.93,5492.75,7636.88,690.68,374.9,-384.41,-5408.42,-45259.79,2414.51,32213.15,-9765.81,258.48,308.17,-9507.34,-9199.16,,,
5891,2472.86,5625.81,7687.36,690.03,389.57,-370.83,-5419.05,-45222.39,2460.69,32073.96,-9840.49,256.8,388,-9583.69,-9195.68,,,
5901,2511.11,5619.41,7633.68,674.2,374.68,-389.43,-5414.36,-45186.79,2464.67,32097.42,-9847.11,256,384.59,-9591.11,-9206.52,,,
5911,2533.86,5684.23,7648.93,693.33,374.64,-395.8,-5396.92,-45125.91,2505.99,32021.01,-9840.55,259.26,543.36,-9581.29,-9037.93,,,
5921,2579.25,5692.6,7636.93,685.16,380.89,-397.76,-5384.1,-45187.66,2435.37,32097.73,-9863.73,260.61,538.41,-9603.12,-9064.71,,,
5931,2460.17,5665.87,7692.16,684.53,406.15,-385.17,-5425.86,-45188.98,2453.51,32048.03,-9779.73,258.8,410.41,-9520.92,-9110.51,,,
5941,2540.62,5625.15,7596.41,701.83,392.17,-369.65,-5417.69,-45453.69,2498.3,32204.41,-9680.58,260.03,317.88,-9420.55,-9102.67,,,
5951,2581.55,5681.18,7596.81,692.75,370.98,-399.46,-5335.93,-45272.21,2464.23,32039.99,-9796.13,259.84,419.88,-9536.29,-9116.41,,,
5961,2529.75,5673.6,7664.73,688.55,374.33,-381.48,-5384.82,-45123.81,2434.39,32206.34,-9974.32,261.09,681.59,-9713.23,-9031.64,,,
5971,2567.42,5607.72,7659.25,706.85,411.98,-407.44,-5359.26,-45012.32,2461.2,32081.73,-10019.58,262.53,717.13,-9757.05,-9039.92,,,
5981,2546.64,5610.79,7659.46,687.9,400.44,-368.27,-5428.79,-45197.78,2438.5,32126.16,-9867.06,259.78,475.04,-9607.28,-9132.24,,,
5991,2467.83,5631.22,7677.47,699.58,410.34,-432.79,-5371.91,-45346.93,2490.51,32132.53,-9774.32,259.91,357.85,-9514.41,-9156.56,,,
6001,2543.03,5612.43,7631.57,694.26,366.23,-395.28,-5379.51,-45296.73,2418.78,32149.83,-9820.92,261.9,344.6,-9559.03,-9214.43,,,
6011,2531.05,5591.39,7633.24,713.95,374.52,-406.01,-5373.48,-45165.39,2425.01,32079,-9854.77,263.45,403.28,-9591.32,-9188.04,,,
6021,2527.66,5617.83,7645.49,687.8,397.67,-403.37,-5333.32,-45087.35,2440.65,32100.51,-9988.31,268.11,593.57,-9720.2,-9126.64,,,
6031,2557.96,5739.22,7639.31,709.95,399.88,-410.6,-5373.35,-44944.24,2450.96,31976.11,-10032.02,263.63,745.22,-9768.38,-9023.16,,,
6041,2520.76,5668.86,7605.01,705.1,378.72,-429.02,-5339.99,-44912.05,2420.97,32004.28,-10063.66,266.26,622.64,-9797.4,-9174.76,,,
6051,2559.51,5722.04,7610.08,710.52,361.1,-420.69,-5347.6,-44862.27,2433.74,31943.79,-10045.29,262.55,710.23,-9782.74,-9072.51,,,
6061,2546.47,5658.88,7657.34,689.6,386.24,-415.08,-5371.03,-44953.83,2422.97,32094.42,-10097.68,259.71,715.97,-9837.97,-9121.99,,,
6071,2609.89,5530.32,7677.29,688.97,381.7,-423.44,-5301.32,-45158.67,2470.92,32090.34,-9941.2,267.37,566,-9673.83,-9107.82,,,
6081,2556.48,5634.19,7614.54,690.6,378.76,-408.3,-5307.71,-45311.11,2417.54,32134.37,-9830.94,263.76,399.36,-9567.18,-9167.82,,,
6091,2519.94,5624.43,7620.4,679.4,400.52,-357.01,-5354.75,-45076.84,2414.64,32071.12,-9987.01,263.71,541.87,-9723.31,-9181.43,,,
6101,2599.64,5653.33,7671.69,692.06,400.59,-433.07,-5349.6,-44871.27,2436.64,32001.69,-10054.69,267.47,801.71,-9787.22,-8985.52,,,
6111,2566.98,5703.06,7583.36,717.26,343.56,-391.06,-5373.34,-45130.58,2419.48,32000.66,-9870.57,261.68,439.36,-9608.89,-9169.52,,,
6121,2554,5585.68,7597.8,675.55,370.54,-414.94,-5374.19,-44992.38,2450.68,31976.82,-9939.05,262.7,429.56,-9676.35,-9246.79,,,
6131,2532.66,5628.2,7571.16,669.32,370.52,-366.57,-5325.97,-45109.2,2451.45,31824.73,-9799.21,264.31,246.31,-9534.9,-9288.6,,,
6141,2521.05,5635.39,7634.88,701.24,378.77,-408.87,-5327.95,-44991.18,2471.42,31998.77,-9944.83,263.17,613.53,-9681.66,-9068.13,,,
6151,2476.89,5681.94,7590.57,676.12,412.25,-405.33,-5289.82,-45140.19,2473.04,32036.04,-9909.82,263.9,511.51,-9645.92,-9134.41,,,
6161,2487.84,5704.15,7593.21,696.19,373.58,-376.06,-5315.41,-45220.43,2430.47,31923.39,-9753.98,264.89,296.91,-9489.09,-9192.17,,,
6171,2513.78,5604.32,7622.06,709.62,363.26,-406.5,-5352.58,-45116.25,2477.26,32066.91,-9856.6,263.81,481.89,-9592.79,-9110.9,,,
6181,2561.85,5619.08,7653.52,684.73,391.24,-388.49,-5325.59,-45187.63,2481.18,32059.02,-9896.03,262.03,548.91,-9634,-9085.09,,,
6191,2529.59,5593.77,7723.01,719.04,383.1,-398.74,-5313.69,-45278.16,2437.78,32092.63,-9844.86,266.58,488.34,-9578.29,-9089.94,,,
6201,2548.47,5660.73,7633.6,692.52,382.12,-367.39,-5405.09,-44972.71,2436.05,32004,-10017.46,265.51,612.3,-9751.94,-9139.65,,,
6211,2534.67,5650.62,7600.81,703.06,379.41,-347.5,-5362.97,-45161.33,2456.18,32160.68,-9906.67,260.2,613.63,-9646.47,-9032.84,,,
6221,2590.53,5676.97,7615.89,699.66,380.06,-396.68,-5288.07,-44884.52,2490.74,31812.54,-9957.3,267.08,697.12,-9690.22,-8993.1,,,
6231,2508.42,5598.39,7586.34,672.39,359.79,-375.32,-5397.43,-44782.57,2482.05,31988.76,-10078.87,263.46,640.82,-9815.42,-9174.6,,,
6241,2496.59,5698,7676.08,678.93,365.84,-380.28,-5402.11,-45235.54,2448.61,32216.88,-9831.87,259.19,563.01,-9572.68,-9009.67,,,
6251,2563.8,5681.17,7638.26,734.47,389.52,-410.42,-5313.5,-45286.54,2505.73,32030.85,-9828,263.32,533.35,-9564.68,-9031.33,,,
6261,2507.85,5675.4,7661.04,695.01,416.88,-393.16,-5381.5,-45187.14,2466.07,32033.41,-9881.51,263.94,493.86,-9617.57,-9123.71,,,
6271,2530.33,5660.63,7649.05,682.92,377.47,-393.51,-5350.61,-45211.88,2491.38,32013.65,-9810.48,265.95,449.44,-9544.53,-9095.09,,,
6281,2517.44,5544.73,7605.66,694.74,384.64,-391.08,-5371.38,-45270.93,2482.98,32096.54,-9755.82,263.72,293.34,-9492.1,-9198.76,,,
6291,2499.18,5548.68,7666.1,698.24,382.58,-388.95,-5385.05,-45387.45,2459.94,32124.64,-9679.95,262.06,217.91,-9417.89,-9199.98,,,
6301,2514.66,5744.34,7644.58,710.79,387.98,-400.09,-5343.33,-45337.7,2421.68,31985.91,-9672.59,262.21,328.83,-9410.38,-9081.55,,,
6311,2510.95,5743.89,7726.54,681.93,385.35,-415.63,-5360.93,-45254.95,2448.59,31945.21,-9688.51,259.19,410.94,-9429.33,-9018.39,,,
6321,2450.82,5670.82,7652.43,699.75,386.44,-394.23,-5364.75,-45295.63,2508.57,32015.7,-9713.23,263.61,329.94,-9449.62,-9119.68,,,
6331,2562.57,5520.92,7627.94,689.29,372.7,-424.47,-5400.94,-45342.16,2450.87,32200.4,-9799.72,262.42,257.13,-9537.31,-9280.18,,,
6341,2538.7,5575.49,7660.48,680.58,376.6,-365.97,-5303.17,-45278.54,2510.19,32149.81,-9818.59,264.12,544.16,-9554.47,-9010.32,,,
6351,2495.14,5666.03,7667.11,706,403.12,-407.76,-5375.86,-45398.92,2481.3,32108.21,-9727.47,258.93,344.36,-9468.53,-9124.18,,,
6361,2548.12,5593.17,7624.82,707.55,394.88,-356.31,-5371.22,-45316.94,2409.92,32102.65,-9745.49,265.39,336.65,-9480.09,-9143.45,,,
6371,2522.99,5624.64,7617.79,689.13,384.66,-372.53,-5322.3,-45538.6,2493.3,32185.96,-9632.84,259.97,285.04,-9372.87,-9087.84,,,
6381,2534.96,5592.14,7636.13,684.98,383.29,-388.09,-5412.59,-45370.22,2433.33,32109.01,-9663.68,259.26,202.94,-9404.42,-9201.48,,,
6391,2476.8,5710.86,7694.24,677.49,389.03,-395.71,-5366.71,-45274.62,2504.5,32028.28,-9704.95,258.96,444.15,-9445.99,-9001.84,,,
6401,2484.48,5636.21,7645.3,688.2,348.85,-383.18,-5377.05,-45155.19,2441.57,32086.44,-9891.44,262.53,415.62,-9628.91,-9213.29,,,
6411,2532.05,5624.46,7611.42,701.95,377.43,-384.48,-5394.7,-45257.86,2439.37,32165.04,-9843.23,257.94,414.68,-9585.29,-9170.61,,,
6421,2624.94,5613.9,7629.92,698.78,393.52,-400.21,-5322.87,-45168.57,2410.03,31966.76,-9817.68,264.02,446.21,-9553.67,-9107.46,,,
6431,2615.52,5679.15,7614.44,693.27,379.06,-390.11,-5370.29,-45115.96,2434.62,32096.25,-9952.04,262.36,635.94,-9689.68,-9053.74,,,
6441,2532.56,5692.64,7592.51,694.95,380.58,-393.28,-5378.58,-45164.06,2493.39,32049.33,-9782.52,261.37,500.05,-9521.15,-9021.1,,,
6451,2579.63,5700.74,7678.67,686.45,407.81,-406.64,-5392.21,-45058.13,2414.89,32104.17,-9981.55,262.49,715.39,-9719.06,-9003.66,,,
6461,2486.59,5603.66,7604.06,672.26,374.38,-405.26,-5342.9,-44890.4,2468.56,32057.06,-10041.44,268.38,628.01,-9773.06,-9145.05,,,
6471,2513.85,5731.27,7609.86,697.84,408.62,-387.1,-5367.68,-45211.36,2462.83,32146.11,-9851.99,259.68,604.25,-9592.3,-8988.05,,,
6481,2538.04,5637.89,7631.96,695.06,404.7,-418.99,-5334.41,-45141.27,2449.83,32071.01,-9857.92,264.57,533.83,-9593.35,-9059.53,,,
6491,2476.58,5779.95,7626.8,707.4,379.56,-406.15,-5334.25,-45016.01,2459.62,32054.82,-9972.5,261.57,728.33,-9710.93,-8982.6,,,
6501,2548.62,5580.48,7605.18,702.13,376.82,-378.02,-5396.48,-44931.32,2434.96,31998.66,-10006.18,261.97,541.01,-9744.21,-9203.2,,,
6511,2545.58,5681.39,7604.93,690.1,402.95,-366.23,-5380.07,-44865.41,2428.4,32068.07,-10072.77,261.52,809.72,-9811.25,-9001.53,,,
6521,2511.03,5703.95,7591.99,701.62,377.16,-362.62,-5366.5,-45158.53,2449.94,32138.25,-9914.64,260.41,586.28,-9654.23,-9067.96,,,
6531,2518.61,5633.58,7687.44,698.13,397.2,-396.55,-5407.31,-44791.9,2474.67,31995.12,-10119.99,262.36,809,-9857.63,-9048.64,,,
6541,2523.19,5688.71,7643.87,707.31,397.38,-371.25,-5263.92,-45071.45,2477.94,32020.31,-9952.32,264.95,752.08,-9687.37,-8935.29,,,
6551,2593.9,5683.34,7722.76,696.74,387.84,-400.94,-5365.69,-44949.41,2421.01,32028.65,-9985.29,264.44,818.21,-9720.84,-8902.64,,,
6561,2456.08,5673.77,7689.68,701.7,359.03,-393.72,-5342.03,-45086.43,2491.9,31886.46,-9831.62,261.08,436.45,-9570.54,-9134.09,,,
6571,2540.92,5708.39,7647.39,696.73,403.07,-380.88,-5321.4,-45065.25,2485.03,31891.21,-9798.89,263.54,605.21,-9535.35,-8930.14,,,
6581,2549.17,5639,7642.33,674.21,408.91,-383.79,-5324.53,-45184.33,2463.91,32012.83,-9794.65,259.02,497.71,-9535.63,-9037.92,,,
6591,2497.31,5606.58,7656.78,690.24,358.65,-393.92,-5301.63,-45125.54,2464.42,32039.94,-9903.34,263.56,492.83,-9639.78,-9146.95,,,
6601,2561.69,5692.45,7641.04,690.77,381.13,-424.28,-5377.82,-45265.59,2460.96,32044.89,-9674.75,262.41,405.24,-9412.34,-9007.1,,,
6611,2468.3,5770.67,7578.81,682.43,382.71,-389.58,-5413.2,-44923.77,2445.92,31881.65,-9930.38,263.21,483.93,-9667.17,-9183.23,,,
6621,2516.36,5640.43,7631.66,695.14,401.45,-384.6,-5353.13,-45039.97,2435.15,32019.72,-9918.16,260,562.2,-9658.16,-9095.96,,,
6631,2542.17,5702.67,7611.12,686.32,382.79,-401.61,-5355.55,-45206.61,2486.17,32029.97,-9790.1,264.38,477.43,-9525.72,-9048.29,,,
6641,2521.52,5561.06,7603.32,687.01,379.3,-410.11,-5311.6,-45247.41,2469,32044.44,-9837.25,265.23,296.52,-9572.01,-9275.49,,,
6651,2512.21,5603.25,7695.81,703.95,390.76,-403.59,-5399.75,-44924,2451.42,31967.24,-9972.7,264.68,597.29,-9708.02,-9110.73,,,
6661,2539.01,5676.81,7630.32,696.84,377.44,-405.64,-5332.67,-45271.39,2444.8,31960.91,-9658.37,263.36,316.43,-9395.02,-9078.59,,,
6671,2604.97,5679.85,7626.03,706.17,402.93,-364.67,-5318.33,-45216.06,2459.19,31983.66,-9772.49,262.25,563.76,-9510.25,-8946.49,,,
6681,2537.12,5673.65,7625.15,685.65,392.78,-406.63,-5375.95,-44694.82,2444.66,31832.1,-10113.93,265.62,713.73,-9848.31,-9134.58,,,
6691,2455.84,5645.61,7631.6,698.99,384.25,-389.75,-5374.88,-45192.43,2466.66,31971.26,-9762.84,263.87,297.14,-9498.97,-9201.83,,,
6701,2493.61,5605.77,7641.88,686.12,391.26,-414.29,-5332.25,-45114.14,2461.75,31984.21,-9793.4,260.03,403.9,-9533.37,-9129.46,,,
6711,2502.62,5617.12,7616.4,698.37,383.58,-394.8,-5368.23,-45425.46,2513.55,32003.09,-9563.06,262.04,146.23,-9301.02,-9154.79,,,
6721,2439.87,5721.64,7669.75,718.19,396.8,-385,-5335.42,-45208.48,2444.73,31979.45,-9738.79,263.3,441.52,-9475.49,-9033.97,,,
6731,2540.05,5642.79,7631.71,684.08,385.19,-411.3,-5392.88,-45134.39,2462.61,31891.57,-9739.57,258.26,299.43,-9481.3,-9181.87,,,
6741,2534.06,5624.82,7664.68,682.06,369.75,-417.22,-5378.67,-45277.84,2459.86,32036.25,-9717.94,263.41,297.76,-9454.53,-9156.77,,,
6751,2562.87,5605.1,7703.6,679.49,393.21,-401.45,-5335.06,-45106.35,2415.44,31962.33,-9785.44,263.91,479.18,-9521.53,-9042.35,,,
6761,2461.76,5758.29,7596.52,674.02,349.76,-386.6,-5301.39,-45167.51,2475.33,31984.36,-9807.2,263.78,444.56,-9543.42,-9098.86,,,
6771,2456.38,5583.16,7628.29,694.46,395.18,-430.65,-5336.84,-44752.12,2448.8,31950.52,-10075.46,266.35,637.19,-9809.11,-9171.92,,,
6781,2488.7,5732.57,7615.96,686.38,375.13,-409.06,-5342.51,-45034.48,2425.39,32007.84,-9887.47,264.42,545.91,-9623.05,-9077.14,,,
6791,2489.8,5809.83,7686.46,705.82,398.9,-426.61,-5331.63,-44886.65,2455.16,31813.72,-9901.37,265.95,714.81,-9635.42,-8920.61,,,
6801,2480.28,5675.55,7641.25,705.44,383.32,-380.41,-5364.46,-44790.12,2467.8,31862.53,-10013.33,265.49,681.17,-9747.84,-9066.67,,,
6811,2516.35,5667.25,7614.11,680.55,374.27,-406.35,-5359.3,-45113.72,2458.95,31940.89,-9771.04,259.4,373,-9511.64,-9138.63,,,
6821,2432.81,5677.85,7691.57,695.26,408.34,-416.57,-5373.87,-44849.9,2459.87,31966.59,-10040.43,264.56,691.93,-9775.87,-9083.93,,,
6831,2557.69,5619.25,7653.77,704.32,369.99,-415.73,-5402.6,-44999.95,2486.45,31915.78,-9837.01,264.36,488.97,-9572.64,-9083.68,,,
6841,2512.29,5643.12,7632.59,697.62,415.93,-403.36,-5395.4,-44929.61,2468.48,31865.81,-9864.29,259.72,507.46,-9604.57,-9097.11,,,
6851,2471.8,5608.47,7652.66,690.91,415.13,-416.25,-5378.33,-45116.98,2478.52,32020.27,-9777.21,255.53,426.21,-9521.68,-9095.47,,,
6861,2484.87,5594.22,7681.96,674.61,367.04,-425.07,-5391.75,-45149.58,2490.57,31884.79,-9699.21,258.31,211.66,-9440.9,-9229.24,,,
6871,2534.54,5628.64,7705.99,687.01,386.9,-398.44,-5363.9,-45266.99,2477.85,32006.43,-9739.23,258.24,398.02,-9480.98,-9082.96,,,
6881,2543.64,5630.11,7648.03,680.4,376.44,-394.98,-5358.03,-45302.36,2433.76,31926.38,-9611.97,266.76,183.4,-9345.21,-9161.81,,,
6891,2492.71,5663.41,7621.69,684.1,394.98,-400.96,-5362.74,-45214.31,2458.29,31897.03,-9680.93,258.54,234.19,-9422.39,-9188.2,,,
6901,2462.67,5773.08,7656.6,685.8,399.04,-378.44,-5383.75,-45152.11,2470.3,32007.15,-9815.19,259.07,540.35,-9556.13,-9015.78,,,
6911,2462.72,5729.3,7668.79,713.6,388.47,-398.75,-5451.29,-45199.29,2454.22,32060.67,-9733.48,258.68,428.43,-9474.8,-9046.37,,,
6921,2514.73,5626.21,7627.78,678.03,391.17,-435.74,-5306.43,-45100.04,2470.45,32055.99,-9886.29,261.9,522.16,-9624.39,-9102.24,,,
6931,2585.24,5614.78,7683.83,685.04,400.85,-403.16,-5394.88,-45199.26,2472.09,32043.48,-9760.31,256.21,488,-9504.1,-9016.09,,,
6941,2506.98,5628.87,7638.71,707.81,389.62,-402.54,-5336.78,-45333.61,2475.98,32099.9,-9691.08,259.54,374.95,-9431.54,-9056.59,,,
6951,2510.6,5696.72,7649.1,706.53,366.79,-389.18,-5376.83,-45135.61,2436.55,31993.86,-9781.86,263.06,458.53,-9518.81,-9060.27,,,
6961,2530.43,5572.82,7707.65,708.09,403.25,-373.28,-5334.33,-45016.65,2504.93,32027.68,-9955.66,257.86,730.59,-9697.8,-8967.21,,,
6971,2501.89,5669.75,7684.58,669.72,413.38,-403.45,-5357.68,-45110,2467.94,31993.39,-9859.64,258.62,529.51,-9601.02,-9071.51,,,
6981,2462.08,5564.23,7633.39,683.02,373.68,-368.13,-5370.28,-45476.82,2522.37,32133.46,-9623.2,254.15,157,-9369.05,-9212.04,,,
6991,2539.08,5607.07,7607.92,692.33,386.3,-416.65,-5345.12,-45391.65,2479.83,31977.99,-9629.03,260.07,137.12,-9368.96,-9231.84,,,
7001,2518.97,5675.78,7635.54,682.96,382.38,-392.3,-5360.85,-45414.62,2474.18,32030.46,-9607.63,258.58,232.5,-9349.05,-9116.56,,,
7011,2565.86,5651.96,7666.12,691.86,380.53,-413.67,-5373.8,-45184.34,2480.75,31985.01,-9705.15,256.43,450.28,-9448.72,-8998.44,,,
7021,2540.85,5673.05,7636.41,722,394.82,-358.43,-5342.87,-45338.35,2472.37,32007.96,-9636.65,258.09,407.81,-9378.56,-8970.75,,,
7031,2529.11,5658.38,7674.36,707.82,381.54,-438.28,-5389.54,-44877.53,2454.44,31883.58,-9963.46,262.66,583.87,-9700.8,-9116.93,,,
7041,2618.62,5646.76,7667.18,713.08,387.56,-424.9,-5358.1,-45114.98,2445.45,31931.71,-9731.59,261.42,512.38,-9470.17,-8957.79,,,
7051,2524.59,5700,7641.06,685.85,377.66,-426.31,-5329.83,-45190.14,2459.67,31851.45,-9678.84,260.99,294,-9417.85,-9123.85,,,
7061,2494.84,5724.93,7619.53,700.6,367.53,-402.75,-5350.47,-45051.16,2436.01,31898.15,-9830.35,260.55,437.19,-9569.8,-9132.61,,,
7071,2540.74,5642.01,7619.21,691.43,387.72,-391.44,-5329.37,-45103.6,2498.86,31958.42,-9797.78,262.35,513.98,-9535.43,-9021.45,,,
7081,2513.26,5530.21,7643.51,680.35,381.3,-413.65,-5354.39,-44891.12,2468.62,31929.47,-9927.4,261.47,487.57,-9665.93,-9178.36,,,
7091,2596.07,5604.37,7586.56,686.28,380.01,-375.52,-5356.16,-44936.8,2453.21,31910.75,-9943.15,260.41,548.77,-9682.74,-9133.97,,,
7101,2522.36,5726.06,7657.48,704.49,376.12,-382.46,-5403.04,-44895.64,2443.1,31934.18,-9918.56,260.06,682.63,-9658.5,-8975.87,,,
7111,2576.8,5625.64,7689.41,707.79,382.93,-394.38,-5363.48,-44937.83,2458.45,31978.45,-9947.62,260.36,723.79,-9687.25,-8963.47,,,
7121,2507.44,5668.62,7651.95,699.53,404.2,-400.62,-5400.52,-44994.99,2453.88,31960.11,-9894.66,259.67,549.58,-9635,-9085.41,,,
7131,2532.31,5697.9,7573.28,672.36,372.47,-409.86,-5434.59,-44983.01,2447.71,32010.94,-9874.13,258.66,479.51,-9615.47,-9135.96,,,
7141,2566.37,5684.59,7696.12,699.44,392.02,-364.92,-5383.21,-45129.49,2452.46,31905.32,-9736.59,259.63,518.69,-9476.96,-8958.27,,,
7151,2532.16,5622.25,7642.39,682.68,395,-388.2,-5319.17,-45241.7,2440.75,31821.04,-9600.62,258.69,187.19,-9341.93,-9154.74,,,
7161,2556.91,5628.91,7636.5,697.96,368.78,-396.95,-5411.64,-45032.14,2446.12,32001.23,-9817.38,259.44,495.69,-9557.94,-9062.26,,,
7171,2492.11,5583.57,7610.32,679.52,391.38,-390.66,-5365.49,-45210.51,2476.32,31941.23,-9694.11,260.84,207.79,-9433.27,-9225.48,,,
7181,2559.06,5715.52,7611.36,692.47,391.95,-381.1,-5323.35,-45287.33,2497.84,31916.94,-9591.16,258.34,393.38,-9332.82,-8939.44,,,
7191,2572.57,5695.71,7650.72,697.45,384.69,-429.4,-5384.93,-45037.19,2462.43,31903.46,-9803.6,260.68,515.52,-9542.92,-9027.4,,,
7201,2539.96,5622.16,7667.79,685.39,374.29,-400.88,-5362.52,-45139.99,2469.28,32004.8,-9803.06,260.18,460.29,-9542.88,-9082.59,,,
7211,2564.46,5624.4,7684.27,694.41,363.31,-414.16,-5384.36,-44987.51,2440.23,31905.15,-9856.63,261.78,490.17,-9594.84,-9104.67,,,
7221,2555.09,5778.51,7645.48,698.35,429.68,-415.3,-5362.01,-45331.57,2476.91,31952.1,-9539.14,256.02,427.23,-9283.12,-8855.89,,,
7231,2553.46,5656,7699.33,692.01,407.74,-369.68,-5388.5,-45003.41,2457.09,31959.15,-9878.02,259.09,663.2,-9618.94,-8955.74,,,
7241,2531.09,5680.11,7617.49,688.51,381.61,-394.93,-5428.69,-45233.15,2469.35,32054.93,-9769,259.46,366.32,-9509.54,-9143.22,,,
7251,2464.26,5575.94,7662.44,679,401.8,-381.41,-5354.43,-45388.98,2480.39,32048.63,-9621.27,257.18,187.64,-9364.09,-9176.45,,,
7261,2512.16,5561.16,7679.49,694.63,388.55,-399.94,-5350.27,-44911.91,2496.37,32039.87,-10003.19,258.43,710.1,-9744.76,-9034.66,,,
7271,2608.09,5566.32,7690.91,688.94,386.82,-390.98,-5313.03,-44951.37,2456.14,32011.13,-9995.83,259.47,752.97,-9736.36,-8983.39,,,
7281,2512.27,5713.79,7639.94,709.06,387.1,-403.11,-5347.06,-45092.69,2445.66,31984.55,-9844.02,255.65,549.54,-9588.37,-9038.84,,,
7291,2515.7,5686.8,7638.55,696.16,383.75,-408.77,-5399.54,-45120.27,2474.92,31958,-9802.3,258.56,425.31,-9543.74,-9118.44,,,
7301,2473.58,5614.59,7626.18,677.85,376.28,-372.09,-5409.68,-45161.31,2458.35,32173.76,-9838.39,261.07,457.51,-9577.33,-9119.82,,,
7311,2487.8,5732.33,7596.39,685.08,381.6,-403.57,-5405.84,-45018.29,2465.94,32018.9,-9884.27,261.9,540.33,-9622.38,-9082.04,,,
7321,2568.08,5753.38,7574.51,706.47,385.43,-405.66,-5456.17,-45145.13,2450.57,31917.16,-9684.57,259.84,348.65,-9424.73,-9076.09,,,
7331,2588.43,5654.84,7614.61,703.43,387.47,-398.46,-5412.59,-44952.54,2420.93,31950.63,-9885.42,256.42,556.74,-9629,-9072.26,,,
7341,2513.17,5729.64,7707.67,681.4,412.08,-418.44,-5412.72,-44955.07,2418.9,31980.22,-9925.87,263.85,656.84,-9662.01,-9005.17,,,
7351,2495.37,5625.04,7624.59,692.6,399.05,-400.97,-5378.95,-44962.48,2461.96,32121.2,-9976.12,261.51,677.4,-9714.61,-9037.21,,,
7361,2535.75,5716.41,7609.31,682.73,384.85,-375.61,-5351.4,-44975.88,2385.03,31886.8,-9915.95,261.06,497.98,-9654.89,-9156.91,,,
7371,2510.48,5755.55,7621.29,689.86,381.73,-387.15,-5399.74,-45100.02,2420.51,32009.15,-9798.24,258.84,501.66,-9539.4,-9037.74,,,
7381,2514.18,5751.49,7670.13,697.22,386.03,-389.1,-5337.8,-45284.06,2455.15,32003.49,-9722.56,258.16,466.74,-9464.4,-8997.66,,,
7391,2542.04,5596.81,7640.4,692.05,382.05,-377.51,-5340.21,-45076.48,2442.73,31970.05,-9847.88,258.04,471.93,-9589.84,-9117.91,,,
7401,2561.52,5665.06,7708.3,698.23,382.57,-415.11,-5381.28,-45084.26,2441.85,31977.66,-9812.68,257.57,554.55,-9555.11,-9000.57,,,
7411,2558.49,5623.17,7556.08,691.2,387.83,-400.63,-5354.57,-45015.96,2433.87,31994.85,-9917.64,263.41,474.33,-9654.23,-9179.9,,,
7421,2524.99,5725.31,7626.93,710.85,383.49,-391.62,-5420.3,-45031.13,2408.01,32080.2,-9959.98,262.43,616.73,-9697.55,-9080.83,,,
7431,2443.81,5734.58,7605.01,707.26,378.68,-414.21,-5418.19,-45044.87,2484.88,32071.48,-9925.95,255.99,548.41,-9669.96,-9121.54,,,
7441,2468.56,5616.7,7644.55,691.83,394.95,-416.5,-5379.71,-45048.99,2517.3,32023.34,-9820.88,257.77,512.03,-9563.1,-9051.07,,,
7451,2534.96,5621.01,7682.01,707.43,374.94,-425.51,-5385.7,-45121.76,2508.67,32113.11,-9863.66,262.74,609.17,-9600.92,-8991.75,,,
7461,2479.48,5531.29,7684.04,687.47,403.21,-389.44,-5455.36,-45105.39,2473.9,32015.09,-9750.78,256.88,324.29,-9493.89,-9169.61,,,
7471,2512.04,5666.55,7655.09,711.12,372.76,-397.39,-5437.94,-44941.19,2472.61,31920.92,-9912.34,258.79,534.57,-9653.55,-9118.98,,,
7481,2549.64,5674.81,7684.19,705.02,402.89,-398.22,-5382.99,-44989.9,2452.01,31944.79,-9900.35,256.16,642.25,-9644.2,-9001.95,,,
7491,2502.06,5650.67,7642.69,677.85,370.54,-381.97,-5414.87,-45153.23,2461.44,32079.52,-9844.27,257.86,434.68,-9586.41,-9151.73,,,
7501,2584.29,5605.77,7618.3,699.48,380.66,-394.89,-5431.3,-45095.06,2419.38,32101.08,-9897.5,258.73,487.72,-9638.77,-9151.04,,,
7511,2561.92,5683.13,7680.52,689.33,382.65,-377.95,-5365.46,-45133.82,2436.06,32017.58,-9852.34,260.69,573.95,-9591.65,-9017.69,,,
7521,2513.02,5601.03,7696.52,683.29,393.55,-394.6,-5399.51,-45213.76,2443.27,32065.41,-9724.27,254.62,388.22,-9469.65,-9081.43,,,
7531,2551.07,5567.24,7663.89,716.39,404.68,-399.84,-5420.95,-45257.16,2437.04,32069.14,-9705.8,255.84,331.49,-9449.96,-9118.47,,,
7541,2531.29,5630.05,7671.38,714.4,357.7,-381.3,-5378.09,-45104.09,2426.6,31993.56,-9831.65,257.52,461.49,-9574.13,-9112.63,,,
7551,2498.39,5617.92,7631.77,694.9,393.72,-358.29,-5397.58,-44903.44,2427.83,31911.38,-9941.4,258.71,516.6,-9682.68,-9166.08,,,
7561,2433.39,5697.62,7659.86,717.85,386.73,-391.72,-5364.91,-45338.52,2481.74,32171.86,-9749.27,259.73,453.89,-9489.54,-9035.64,,,
7571,2536.22,5702.25,7662.26,686.48,389.29,-396.97,-5323.55,-45258.94,2444.12,32082.05,-9789.1,258.04,523.23,-9531.06,-9007.84,,,
7581,2479.21,5768.93,7698.78,699.63,387.88,-437.59,-5356.32,-45046.42,2442.57,31991.71,-9885.52,258.48,628.36,-9627.04,-8998.67,,,
7591,2495.21,5582.9,7650.05,702.76,405.41,-401.09,-5352.35,-45094.01,2501.5,32172.4,-9970.39,259.45,662.77,-9710.94,-9048.18,,,
7601,2438.54,5703.49,7687.93,694.89,405.7,-385.69,-5378.77,-45286.01,2448.43,32158.42,-9763.03,258.68,486.93,-9504.35,-9017.42,,,
7611,2465.37,5672.72,7624.32,687.85,386.97,-408.85,-5334.97,-45337.15,2468.75,32145.4,-9778.55,258.33,370.41,-9520.22,-9149.8,,,
7621,2585.59,5731.7,7670.07,709.89,389.76,-376.29,-5366.96,-45253.74,2473.12,31949.34,-9700.75,254.88,512.47,-9445.86,-8933.4,,,
7631,2473.04,5602.67,7648.97,679.34,386.47,-377.62,-5412.14,-45383.75,2433.66,32111.77,-9664.26,254.47,162.43,-9409.79,-9247.36,,,
7641,2512.31,5624.62,7672.26,688.3,390.76,-387.61,-5399.32,-45374.89,2458.31,32161.84,-9721.95,256.64,346.58,-9465.31,-9118.73,,,
7651,2498.03,5676.95,7659.6,681.64,409.05,-395.24,-5368.3,-45295.65,2426.69,32041.21,-9722.41,257.57,333.99,-9464.84,-9130.86,,,
7661,2482.12,5715.43,7625.05,669.61,384.35,-431.67,-5378.82,-45355.38,2461.82,32148.34,-9666.09,253.66,320.86,-9412.43,-9091.57,,,
7671,2531.45,5650.82,7679.58,688.74,404.43,-438.81,-5373.97,-45164.37,2463.14,32020.06,-9792.61,257.2,461.05,-9535.41,-9074.36,,,
7681,2510.12,5727.87,7653.96,699.27,377.96,-388.19,-5379.78,-45345.51,2440.36,32038.17,-9651.75,256.33,334.22,-9395.42,-9061.19,,,
7691,2483.09,5743.67,7652.7,720.22,378.05,-425.48,-5386.27,-45303.31,2470.77,32144.83,-9727.23,257.17,478.27,-9470.06,-8991.79,,,
7701,2427.99,5666.56,7659.45,711.81,398.1,-401.35,-5376.62,-45331.86,2468.04,32213.63,-9764.12,255.45,435.75,-9508.68,-9072.92,,,
7711,2450.53,5699.19,7633.19,676.36,368.12,-411.43,-5410.09,-45143.33,2447.12,32162.98,-9885.02,256.42,472.65,-9628.6,-9155.95,,,
7721,2520.91,5743.6,7667.13,706.72,392.55,-416.84,-5381.59,-45097.57,2415.32,32028.14,-9861.09,254.7,578.39,-9606.39,-9028,,,
7731,2491.82,5610.16,7665.08,686.77,376.48,-407.14,-5402.26,-45284.47,2487.53,32194.13,-9817.71,259.82,418.11,-9557.9,-9139.79,,,
7741,2544.9,5684.64,7691.89,692.74,411.62,-400.73,-5398,-45220.05,2470.02,32099.82,-9797.88,257.84,576.84,-9540.03,-8963.19,,,
7751,2477.21,5618.02,7721.76,686.37,377.1,-429.02,-5319.93,-45253.95,2508.34,32112.72,-9853.87,257.05,498.61,-9596.82,-9098.21,,,
7761,2599.37,5749.17,7636.6,717.55,371.13,-442.32,-5399.7,-45168.48,2446.65,32048.88,-9824.55,254.9,558.85,-9569.65,-9010.8,,,
7771,2455.11,5716.97,7610,680.34,389.1,-410.1,-5360.17,-45376.25,2431.02,32172.01,-9757.4,259.68,308.03,-9497.72,-9189.69,,,
7781,2538.77,5589.12,7644.1,702.69,397.22,-394.23,-5383.12,-45370.61,2489.72,32159.75,-9701.89,257.93,373.43,-9443.96,-9070.53,,,
7791,2489.29,5622.91,7649.44,690.28,367.6,-378.87,-5368.32,-45195.47,2487.8,32120.69,-9808.5,255.08,485.35,-9553.42,-9068.07,,,
7801,2522.68,5615.45,7685.57,687.41,378.67,-407.14,-5378.18,-45476.47,2472.72,32185.11,-9594.79,252.92,285.83,-9341.87,-9056.05,,,
7811,2544.92,5678.64,7654.07,701.13,406.13,-414.69,-5430.42,-45226.51,2470.55,32067.32,-9764.36,255.39,451.15,-9508.97,-9057.83,,,
7821,2520.9,5577.49,7636.37,707.54,395.94,-383.98,-5332.36,-45164.11,2474.19,32118.16,-9889.45,257.23,550.15,-9632.21,-9082.06,,,
7831,2521.7,5659.04,7658.89,704.54,400.03,-396.78,-5393.29,-45252.38,2458.7,32157.09,-9842.73,253.34,517.54,-9589.39,-9071.85,,,
7841,2457.21,5601.22,7600.5,704.3,366.08,-391.03,-5419.07,-45284.89,2486.63,32217.35,-9821.12,254.04,338.31,-9567.08,-9228.78,,,
7851,2527.3,5662.93,7610.22,711.9,384.68,-390.07,-5412.24,-45141.84,2420.79,32061.21,-9875,257.94,434.88,-9617.06,-9182.17,,,
7861,2493.16,5596.59,7655.74,667.91,369.67,-419.22,-5356.82,-45362.43,2462.76,32111.43,-9704.62,258.56,218.78,-9446.06,-9227.28,,,
7871,2493.48,5678,7632.86,704.39,380.13,-402.07,-5341.73,-45274.95,2391.9,32060.3,-9735.44,265.04,322.31,-9470.39,-9148.09,,,
7881,2552.66,5655.25,7698.43,703.39,399.57,-392.36,-5395.68,-45398.19,2404.51,32183.03,-9708.8,258.02,410.62,-9450.77,-9040.15,,,
7891,2570.76,5675.88,7654.12,682,357.07,-417.52,-5361.55,-45409.94,2461.6,32096.17,-9663.34,257.32,308.59,-9406.03,-9097.44,,,
7901,2620.99,5718.05,7666.15,697.8,416.21,-412.3,-5363.83,-45253.54,2455.66,32048.32,-9809.5,259.06,593.5,-9550.44,-8956.94,,,
7911,2508.65,5560.38,7687.61,692.06,376.49,-390.17,-5454.94,-45398.01,2466.44,32237.33,-9680.71,252.39,285.86,-9428.32,-9142.46,,,
7921,2520.86,5779.49,7659.81,709.56,394.64,-391.2,-5345.82,-45329.06,2442.09,31960.42,-9648.18,259.4,400.79,-9388.78,-8987.98,,,
7931,2580.21,5547.94,7689.9,719.75,400.49,-387.17,-5348.62,-45195.02,2478.1,32048.48,-9833.27,257.19,534.06,-9576.08,-9042.03,,,
7941,2517.37,5718.71,7653.8,696.11,388.67,-385.72,-5359.66,-45185.22,2424.38,32021.95,-9767.85,261.1,490.39,-9506.75,-9016.36,,,
7951,2490.28,5592.18,7706.69,715.09,384.54,-377.77,-5395.73,-45413.36,2484.24,32115.12,-9613.74,258.43,301.28,-9355.31,-9054.03,,,
7961,2561.95,5618.14,7626.4,676.96,390.32,-381.61,-5384.4,-45375,2453.57,32200.35,-9756.17,260.17,386.68,-9496,-9109.32,,,
7971,2475.38,5609.52,7672.1,692.73,404.02,-381.76,-5348.83,-45234.38,2475.85,32189.72,-9887.97,262.13,554.36,-9625.84,-9071.48,,,
7981,2449.83,5682.8,7644.32,693.26,402.51,-383.2,-5382.79,-45238.9,2444.17,32165.43,-9866.04,257.69,477.44,-9608.35,-9130.91,,,
7991,2534.53,5703.73,7657.35,699.15,394.77,-391.35,-5381.11,-45360.37,2474.74,32119.37,-9724.61,261.13,450.8,-9463.48,-9012.68,,,
8001,2547.79,5653.84,7748.67,713.63,379.86,-397.65,-5342.1,-45018.95,2469.5,32174.59,-10058.72,261.76,929.18,-9796.96,-8867.78,,,
8011,2562.88,5580.82,7673.49,694.68,406.83,-408.04,-5353.81,-45224.98,2426.73,32178.27,-9857.78,263.23,536.86,-9594.55,-9057.69,,,
8021,2503.86,5669.52,7637.47,711.23,378.99,-394.71,-5413.72,-45340.93,2440.43,32194.33,-9715.12,259.14,386.46,-9455.98,-9069.52,,,
8031,2527.87,5558.78,7634.83,681.78,382.55,-367.87,-5339.64,-45393.73,2470.81,32131.87,-9699.48,256.86,287.26,-9442.62,-9155.36,,,
8041,2493.42,5788.29,7631.73,714.87,379.27,-368.44,-5382.75,-45049.58,2486.12,32100.73,-9921.64,262.9,793.66,-9658.73,-8865.07,,,
8051,2583.78,5659.79,7652.62,716.44,376.75,-381.1,-5389.64,-45082.06,2482.29,32177.97,-9992.16,260.99,796.85,-9731.17,-8934.32,,,
8061,2527.74,5672.74,7665.41,681.84,393.21,-383.76,-5375,-44981.47,2457.05,32036.37,-9978.97,257.64,694.14,-9721.33,-9027.19,,,
8071,2499.38,5747.19,7661.02,690.7,399,-374.62,-5451.18,-44939.38,2460.17,32024.26,-9970.25,257.34,716.55,-9712.91,-8996.36,,,
8081,2577.38,5628.42,7642.79,691.2,370.19,-380.99,-5367.21,-45081.01,2474.58,32092.4,-9896.48,260.32,647.75,-9636.16,-8988.41,,,
8091,2555.22,5652.69,7663.76,698.76,366.23,-374.69,-5400.48,-44834.37,2438.91,32018.37,-10040.24,260.06,784.4,-9780.17,-8995.77,,,
8101,2569.75,5621.06,7691.41,700.26,383.52,-364.34,-5343.83,-45153.43,2475.88,32030.22,-9804.13,259.47,610.5,-9544.65,-8934.15,,,
8111,2567.96,5578.2,7627.33,670.63,398.66,-400.16,-5387.17,-44943.63,2441.43,31978.09,-9913.52,256.01,531.35,-9657.51,-9126.16,,,
8121,2567.38,5645.97,7642.33,698.14,386.42,-385.93,-5414.23,-45044.58,2460.01,32037.82,-9885.51,256.32,593.35,-9629.19,-9035.83,,,
8131,2581.1,5700.03,7737.71,710.76,400.28,-415.48,-5394.44,-45142.29,2471.54,31946.64,-9795.14,260.07,595.84,-9535.07,-8939.23,,,
8141,2529.42,5782.05,7610.89,705.59,387.24,-363.59,-5396.06,-45063.2,2434.43,31969.56,-9844.12,259.98,596.33,-9584.14,-8987.81,,,
8151,2530.47,5689.73,7658.82,701.01,403.82,-413.86,-5425.98,-45087.35,2462.17,31987.81,-9747.45,254.93,506.63,-9492.52,-8985.89,,,
8161,2482.21,5658.74,7644.29,688.3,379.27,-383.46,-5429.75,-45423.94,2463.74,32199.34,-9623.63,255.49,278.73,-9368.13,-9089.4,,,
8171,2550.65,5483.8,7609.87,674.64,379.26,-366.6,-5369.54,-45460.13,2432.67,32212.21,-9636.75,258.99,146.83,-9377.76,-9230.93,,,
8181,2484.1,5580.38,7598.83,688.59,356.16,-403.27,-5385.7,-45211.95,2471.56,32170.18,-9813.04,258.63,348.89,-9554.41,-9205.52,,,
8191,2486.1,5618.18,7620.79,700.15,386.81,-403.52,-5351.8,-45093.62,2474.43,32078.64,-9888.34,262.79,516.16,-9625.56,-9109.4,,,
8201,2562.91,5633.36,7622.23,687.88,380.72,-373.29,-5334.08,-45243.84,2426.25,32098.85,-9789.37,262.48,460.99,-9526.9,-9065.9,,,
8211,2546.16,5637.75,7678.68,687.6,388.03,-429,-5357.48,-45235.86,2515.59,32081.79,-9733.5,258.2,513.26,-9475.3,-8962.04,,,
8221,2488.22,5635.55,7686.12,703.96,378.22,-423.24,-5344.39,-45214.17,2491.06,32122.29,-9781.23,260.1,523.63,-9521.13,-8997.5,,,
8231,2547.96,5630.79,7700.16,689.09,379.31,-427.15,-5382.73,-45064.17,2449.3,32040.96,-9834.94,259.19,563.52,-9575.74,-9012.23,,,
8241,2518.06,5554.6,7658.27,699.86,425.3,-406.01,-5358.84,-45453.36,2444.86,32095.4,-9617.11,259.5,178.14,-9357.61,-9179.47,,,
8251,2491.65,5570.44,7678.41,676.92,384.78,-371.41,-5357.15,-45309.39,2434.77,31947.02,-9581.95,262.61,146.06,-9319.34,-9173.28,,,
8261,2562.23,5646.95,7690.15,717.2,389.5,-384.83,-5373.2,-45165.11,2466.34,31896.28,-9703.33,255.37,445.51,-9447.96,-9002.45,,,
8271,2533.91,5697.39,7654.48,680.1,401.4,-409.9,-5296.57,-45083.95,2471.94,32057.15,-9929.99,265.76,705.96,-9664.22,-8958.27,,,
8281,2569.55,5675.18,7628.68,710.55,385.89,-406.87,-5338.02,-44989.33,2454.47,31994.01,-9949.43,266.14,684.12,-9683.29,-8999.17,,,
8291,2517.98,5637.24,7702.5,696.14,388.51,-393.44,-5347.91,-45180.74,2448.83,31991.42,-9799.33,260.14,460.51,-9539.19,-9078.68,,,
8301,2544.13,5677.31,7704.81,704.63,395.83,-394.87,-5366.87,-45108.26,2431.16,32086.56,-9874.56,263.58,674.42,-9610.98,-8936.55,,,
8311,2519.59,5575.36,7697.63,693.12,400.02,-412.12,-5418.46,-44939.53,2465.45,32112.43,-9930.05,260.63,693.48,-9669.41,-8975.94,,,
8321,2562.97,5614.86,7653.3,697.92,364.19,-361.74,-5380.02,-44885.09,2429.26,31932.01,-9969.75,261.08,627.67,-9708.67,-9081,,,
8331,2491.55,5636.76,7642.78,697.09,377.03,-386.63,-5404.71,-45032.86,2412.25,32015,-9954.33,262.05,448.26,-9692.29,-9244.03,,,
8341,2492.86,5663.16,7664.48,691.25,350.06,-365.78,-5322.91,-45069.81,2441.6,31929.89,-9850.82,263.15,474.81,-9587.67,-9112.86,,,
8351,2561.2,5668.15,7663.24,689.79,387.92,-381.58,-5366.23,-45172.19,2461.06,31952.49,-9759.54,258.85,463.85,-9500.69,-9036.84,,,
8361,2501.63,5583.28,7712.04,695.35,368.96,-366.2,-5422.81,-45278.82,2482.16,32176.13,-9738.27,258.06,451.71,-9480.21,-9028.5,,,
8371,2542.62,5720.58,7639.24,676.75,383.45,-420.14,-5370.09,-44999.75,2421.89,31880.23,-9843.33,259.8,474.78,-9583.53,-9108.75,,,
8381,2503.94,5673.5,7634,695.66,382.34,-393.17,-5308.58,-45048.84,2458.79,32067.66,-9923.68,262.29,665.3,-9661.4,-8996.09,,,
8391,2525.3,5707.01,7641.63,703.24,376.05,-379.74,-5348.72,-44812.04,2416.79,31913.46,-10033.11,262.85,742.98,-9770.26,-9027.29,,,
8401,2513.82,5496.94,7617.65,678.15,413.84,-372.19,-5362.63,-45087.03,2421.2,32075.61,-9857.68,265.92,395.35,-9591.76,-9196.42,,,
8411,2543.27,5616.17,7673.91,688.19,392.38,-355.63,-5370.08,-44970.72,2428.03,32132.16,-9972.62,261.7,777.69,-9710.92,-8933.23,,,
8421,2516.64,5579.28,7654.41,710.36,367.04,-382.33,-5406.63,-44964.03,2452.46,32044.44,-9960.12,262.04,571.64,-9698.07,-9126.43,,,
8431,2477.9,5729.51,7625.89,698.76,375.06,-410.12,-5371.74,-44971.81,2418.75,32053.12,-9990.79,263.89,625.3,-9726.9,-9101.6,,,
8441,2523.3,5694.97,7697.51,676.7,380.21,-399.37,-5408.68,-45452.54,2420.26,32208.21,-9609.02,261.06,340.57,-9347.96,-9007.39,,,
8451,2574.31,5635.82,7589.91,710.79,385.61,-365.28,-5354.94,-44986.04,2398.47,32063.05,-10016.25,264.9,651.72,-9751.36,-9099.64,,,
8461,2544.88,5640.04,7694.79,686.98,389.73,-385.23,-5378.29,-45101.78,2445.21,32088.33,-9884.11,262.76,624.67,-9621.35,-8996.68,,,
8471,2490.9,5698.09,7642.69,688.96,379,-387.25,-5317.38,-45048.07,2429.9,31976.43,-9887.06,264.54,553.27,-9622.52,-9069.25,,,
8481,2545.36,5543.58,7682.12,704.61,375.86,-381.62,-5363.92,-45052.55,2483.33,32131.38,-9891.25,262.36,668.14,-9628.9,-8960.75,,,
8491,2562.78,5706.18,7679.44,683.2,382.68,-395.61,-5402.89,-44952.93,2379.02,31897.98,-9903.05,260.64,539.84,-9642.41,-9102.57,,,
8501,2538.5,5675.42,7688.02,692.97,390.86,-424.08,-5327.79,-45048,2444.24,31983.94,-9896.84,264.47,614.1,-9632.37,-9018.27,,,
8511,2470.63,5711.52,7656.4,703.74,407.48,-353.99,-5363.76,-45170.15,2441.05,31998.82,-9751.4,265.67,501.73,-9485.73,-8984,,,
8521,2515.3,5616.77,7653.39,687.44,373.25,-394.92,-5418.73,-45201.45,2464.35,32109.66,-9767.76,262.01,405.05,-9505.75,-9100.7,,,
8531,2533.5,5624,7632.31,695.01,364.96,-398.52,-5391.34,-45196.2,2466.36,32047.45,-9774.69,257.38,377.53,-9517.31,-9139.78,,,
8541,2472.53,5643.66,7614.57,687.83,363.4,-352.69,-5326.44,-45489.52,2470.35,32011.59,-9551,257.37,95.27,-9293.63,-9198.36,,,
8551,2508.58,5683.97,7665.53,695.27,408.42,-358.5,-5352.97,-45422.18,2463.74,32165.89,-9689.9,260.02,457.74,-9429.88,-8972.13,,,
8561,2520.25,5652.09,7712.3,693.14,395.93,-364.62,-5417.73,-45266.55,2452.26,32075.88,-9742.9,255.11,452.95,-9487.79,-9034.85,,,
8571,2523.8,5581.82,7652.81,694.69,369.04,-394.89,-5360.19,-45041.44,2469.27,32018.53,-9870.34,257.95,513.45,-9612.39,-9098.94,,,
8581,2586.62,5612.08,7649.36,702.81,346.92,-377.87,-5389.38,-45190.52,2442.03,32076.75,-9862.12,262.73,458.8,-9599.39,-9140.59,,,
8591,2499.88,5541.36,7630.53,677.78,363.82,-374,-5402.02,-45076.09,2445.73,32150.34,-9884.34,259.09,457.32,-9625.25,-9167.93,,,
8601,2517.51,5619.34,7677.85,702.56,372.84,-369.64,-5337.78,-45167.98,2488.8,32008.59,-9799.55,258.21,512.08,-9541.33,-9029.26,,,
8611,2588.33,5675,7588.65,698.51,386.69,-380.29,-5324.03,-45126.16,2417.99,31851.31,-9768.99,263.75,375.99,-9505.24,-9129.25,,,
8621,2558.31,5624.56,7591.39,685.4,393.16,-391.93,-5360.67,-44989.66,2462.39,32072.87,-9967.58,263.64,645.81,-9703.94,-9058.13,,,
8631,2554.66,5693.25,7613.95,689.17,398.55,-373.96,-5344.38,-44897.18,2428.42,31934.99,-10042.35,264.67,697.48,-9777.68,-9080.21,,,
8641,2543.87,5576.92,7603.64,687.01,396.91,-358.47,-5331.96,-45156,2467.85,31953.58,-9798,263.79,383.35,-9534.22,-9150.87,,,
8651,2516.14,5605.69,7651.33,707.62,391.02,-402.87,-5325.06,-45120.36,2462.5,32029.2,-9852.25,262.93,515.23,-9589.32,-9074.08,,,
8661,2530.64,5639.87,7609.88,681.52,369.32,-396.86,-5389,-45134.47,2428.89,32054.02,-9868.8,259.99,393.82,-9608.81,-9214.99,,,
8671,2479.34,5612.93,7653.41,692.64,385.24,-397.75,-5346.75,-45097.68,2477.12,31966.72,-9853.97,260.52,425.23,-9593.45,-9168.22,,,
8681,2560.24,5675.65,7646.07,693.31,386.49,-367.2,-5406.97,-45013.49,2478.96,31922.83,-9883.11,256.19,575.88,-9626.92,-9051.04,,,
8691,2506.76,5593.27,7701.95,682.07,401.01,-363.08,-5382.76,-45047.4,2485.17,32012.86,-9928.81,261.39,589.86,-9667.42,-9077.56,,,
8701,2558.97,5620.09,7674.31,687,358.09,-395.75,-5435.01,-45196.24,2440.39,31968.87,-9711.61,258.13,280.71,-9453.48,-9172.77,,,
8711,2568.77,5705.01,7657.97,691.67,379.21,-404.32,-5369.73,-45144.15,2424.89,31963.08,-9824.37,259.72,472.4,-9564.65,-9092.25,,,
8721,2443.61,5591.21,7726.25,669.39,373.63,-391.04,-5419.48,-45072.28,2464.81,32003.99,-9825.58,260.66,390.1,-9564.92,-9174.82,,,
8731,2579.92,5646.92,7598.91,697.16,380.6,-377.55,-5343.79,-44928.21,2434.82,31899.09,-9953.39,262.86,587.88,-9690.53,-9102.65,,,
8741,2637.04,5674.89,7616.19,690.78,377.69,-394.98,-5396.34,-45077.67,2433.51,31987.22,-9913.92,263.19,548.34,-9650.73,-9102.39,,,
8751,2512.04,5595.58,7697.52,694.08,386.69,-384.16,-5383.73,-45147.29,2479.24,32019.06,-9811.73,258.01,469.03,-9553.73,-9084.7,,,
8761,2599.84,5651.08,7609.91,686.85,408.46,-409,-5401.73,-45168.53,2458.31,32159.44,-9888.93,258.93,594.63,-9630,-9035.37,,,
8771,2520.09,5626.32,7687.18,702.55,413.58,-392.55,-5391.15,-45205.44,2483.25,32118.67,-9862.34,259.5,562.5,-9602.84,-9040.34,,,
8781,2534.6,5669.68,7642.36,708.5,394.5,-420.44,-5363.54,-45106.19,2466.9,31985.55,-9884.29,263.65,511.92,-9620.64,-9108.72,,,
8791,2515.25,5540.47,7690.31,699.95,363.92,-366.66,-5398.22,-45163.05,2453.77,32009.09,-9771.03,256.06,344.84,-9514.97,-9170.13,,,
8801,2496.33,5698.49,7676.48,693.74,371.3,-380.35,-5340.24,-45289.31,2445.04,31989.11,-9717.7,256.71,360.59,-9460.99,-9100.39,,,
8811,2558.46,5633.01,7609.56,697.92,374.72,-427.73,-5369.15,-45197.45,2430.37,32024.09,-9754.36,259.16,333.81,-9495.2,-9161.4,,,
8821,2432.55,5635.35,7609.36,692,371.48,-391.59,-5348.73,-44834.88,2485.36,32042.89,-10089.88,262.32,693.79,-9827.56,-9133.77,,,
8831,2467.4,5748.49,7696.55,690.28,373.17,-403.13,-5366.42,-45164.24,2433.63,32092.83,-9906.81,262.58,568.56,-9644.23,-9075.67,,,
8841,2476.07,5632.38,7666.68,712.46,367.23,-423.32,-5311.38,-45232.41,2451.74,32144.12,-9866.51,264.26,483.57,-9602.25,-9118.68,,,
8851,2529.72,5577.4,7657.37,704.13,421.1,-398.35,-5376.98,-44736.83,2497.41,32008.36,-10182.01,262.38,883.35,-9919.63,-9036.28,,,
8861,2545.75,5652.31,7621.75,689.95,375.74,-416.18,-5370.42,-44911.91,2454.08,32024.8,-10045.2,262.32,665.88,-9782.89,-9117.01,,,
8871,2539.94,5673.35,7691.7,680.57,376.64,-399.47,-5421.84,-44818.59,2459.69,31967.67,-10038.18,261.09,749.66,-9777.09,-9027.43,,,
8881,2465.26,5624.32,7707.72,713.67,418.4,-381.33,-5392.87,-44989.01,2485.67,32049.52,-9954.09,259.5,701.36,-9694.59,-8993.23,,,
8891,2514.43,5617.44,7673.35,693.45,397.32,-380.07,-5303.95,-45262.3,2487.66,31979.68,-9719.87,261,417.03,-9458.86,-9041.84,,,
8901,2485.86,5701.78,7652.36,699.72,394.49,-403.17,-5310.14,-45344.33,2448.09,32065.63,-9645.53,260.12,390.3,-9385.4,-8995.11,,,
8911,2506.02,5602.32,7614.42,703.81,370.74,-374.7,-5393.91,-45361.93,2471.04,32125.18,-9670.98,254.39,262.99,-9416.58,-9153.59,,,
8921,2478.7,5650.5,7686.55,697.71,419.29,-411.55,-5317.44,-45461.34,2431.47,32232.8,-9650.22,260.24,406.71,-9389.97,-8983.27,,,
8931,2549.66,5620.64,7668.44,704.06,380.79,-410.85,-5304.65,-45112.31,2428.46,32049.95,-9878.58,265.87,574.19,-9612.71,-9038.53,,,
8941,2499.58,5677.41,7710.58,678.22,366.72,-417.63,-5358.84,-45049.79,2450.02,31988.19,-9855.94,259.38,544.47,-9596.56,-9052.09,,,
8951,2588.62,5641.04,7665.57,691.29,380.87,-411.83,-5362.38,-45041.34,2421.59,32051.3,-9940.26,263.37,624.72,-9676.9,-9052.18,,,
8961,2484.14,5663.22,7708.48,703.32,387.52,-445,-5383.11,-45189.78,2463.13,32149.1,-9848.07,259.1,541.02,-9588.97,-9047.95,,,
8971,2551.19,5644.76,7632.49,691.72,382.35,-399.41,-5362.2,-45334.02,2417.35,32032.47,-9725.52,259.06,256.71,-9466.47,-9209.76,,,
8981,2493.55,5662.38,7652.16,686.02,369.74,-393.35,-5403.51,-45148.28,2440.64,32006.17,-9760,259.69,365.52,-9500.31,-9134.79,,,
8991,2522.77,5715.1,7685.24,680.73,412.92,-390.12,-5429.45,-45180.81,2451.11,31971.32,-9776.85,256.93,438.79,-9519.92,-9081.13,,,
9001,2587.98,5639.04,7684.7,704.67,359.39,-359.61,-5370.19,-45270.88,2440.52,32090.56,-9736.68,261.56,506.19,-9475.12,-8968.93,,,
9011,2490.09,5685.91,7579.54,696.36,393.87,-372.32,-5383.94,-45337.18,2411.57,32078.58,-9691.05,259.18,242.49,-9431.88,-9189.39,,,
9021,2469.21,5682.53,7589.33,702.61,385.41,-375.97,-5405.5,-45342.9,2448.81,32139.09,-9708.98,259.08,292.63,-9449.9,-9157.27,,,
9031,2532.27,5625.83,7632.33,700.45,402.27,-401.43,-5387.16,-45415.63,2479,32106.2,-9622.02,256.54,274.14,-9365.48,-9091.34,,,
9041,2458.49,5598.77,7635.51,694.49,373.85,-385.87,-5374.48,-45172.78,2493.74,32163.79,-9904.7,260.85,485.51,-9643.85,-9158.34,,,
9051,2563.4,5669.6,7646.79,688.57,397.59,-410.63,-5379.05,-45028.71,2463.16,31961.09,-9903.29,262.54,571.81,-9640.75,-9068.94,,,
9061,2496.74,5598.61,7624.58,691.87,384.73,-381.59,-5393.79,-44945.55,2447.84,31948.1,-9947.27,258.29,471.53,-9688.98,-9217.45,,,
9071,2620.44,5606.6,7621.76,686.88,367.21,-413.78,-5368.82,-44986.21,2379.24,31943.46,-9976.36,261.23,456.77,-9715.13,-9258.37,,,
9081,2553.17,5696.46,7667.54,704.3,391.75,-412.72,-5388.78,-45097.93,2440.69,32000.34,-9874.06,263.45,554.83,-9610.61,-9055.78,,,
9091,2495.51,5620.89,7603.97,717.14,389.07,-384.88,-5349.81,-44950.86,2454.27,32056.18,-9998.85,263.05,651.48,-9735.8,-9084.31,,,
9101,2579.8,5636.34,7642.45,702.74,378.22,-391.17,-5341.23,-44759.96,2420.38,31881.12,-10128.52,265.79,748.68,-9862.72,-9114.04,,,
9111,2471.01,5653.31,7663.7,702.61,374.66,-404.05,-5359.94,-45025.61,2447.07,32179.89,-10006.56,259.68,702.64,-9746.88,-9044.24,,,
9121,2570.74,5676.49,7654.41,707.26,402.87,-387.4,-5347.42,-45017.26,2462.41,31946.79,-9912.05,261.63,668.88,-9650.41,-8981.53,,,
9131,2513.32,5678.83,7652.82,705.43,389.99,-370.33,-5417.06,-45066.05,2497.86,31985.01,-9842.1,260.43,569.81,-9581.67,-9011.86,,,
9141,2471.96,5664.29,7674.73,721.89,415.4,-419.11,-5371.55,-45370.08,2494.09,32059.72,-9672.61,261.85,341.34,-9410.76,-9069.42,,,
9151,2534.53,5726.99,7644.6,698.59,401.2,-428.17,-5387.28,-45032.05,2440.33,31975.83,-9868.52,263.38,574.57,-9605.14,-9030.57,,,
9161,2551.98,5573.59,7622.59,676.31,376.6,-369.38,-5416.7,-45219.89,2504.74,32070.39,-9775.01,258.51,370.22,-9516.5,-9146.28,,,
9171,2503.45,5729.29,7640.35,678.75,357.96,-407.63,-5421.06,-45151.65,2428.45,32037.78,-9842.38,259.8,395.69,-9582.58,-9186.89,,,
9181,2560.72,5626.25,7716.42,695.29,399.5,-425.64,-5350.11,-45114.26,2441.69,31970.55,-9777.13,260.15,520.41,-9516.99,-8996.58,,,
9191,2513.25,5751.85,7636.01,687.65,384.24,-367.53,-5324.24,-45132.77,2448.72,31850.58,-9784.63,263.72,447.76,-9520.91,-9073.16,,,
9201,2535.15,5690.08,7672.06,695.62,387.02,-406.82,-5366.97,-45012.54,2452.86,31978.81,-9930.5,263.58,625.27,-9666.92,-9041.65,,,
9211,2549.04,5683.36,7687.47,692.86,385.66,-413.28,-5292.96,-45099.81,2450.37,32071.37,-9895.38,268.11,714.07,-9627.28,-8913.21,,,
9221,2488.98,5717.78,7653.33,703.26,372.35,-402.11,-5354.73,-44976.35,2450.46,32134.83,-10017.52,260.84,787.78,-9756.68,-8968.9,,,
9231,2556.33,5662.11,7646.74,693.13,364.83,-378.63,-5312.52,-45162.11,2449.68,32029.98,-9874.65,260.9,549.55,-9613.75,-9064.2,,,
9241,2528.28,5551.53,7668.24,683.52,390.67,-408.41,-5373.36,-44912.76,2472.37,32141.39,-10140.46,263.5,741.46,-9876.96,-9135.5,,,
9251,2488.87,5607.15,7683.06,694.46,386.02,-383.43,-5322.65,-45141.83,2448.84,32008.72,-9870.07,266.87,469.2,-9603.2,-9134,,,
9261,2545.33,5600.93,7671.27,680.25,372.66,-375.8,-5387.8,-45176.47,2433.98,32136.15,-9830.33,262.43,500.5,-9567.9,-9067.4,,,
9271,2529.07,5517.16,7655.2,673.84,415.69,-411.25,-5370.98,-45042.47,2460.35,32097.34,-9909.19,259.95,523.96,-9649.24,-9125.28,,,
9281,2529.47,5700.91,7608.75,700.23,381.39,-371.22,-5395.29,-45140.55,2468.48,32083.15,-9862.85,265.61,565.33,-9597.24,-9031.91,,,
9291,2516.06,5739.05,7611.63,703.66,375.88,-399.78,-5457.65,-44986.18,2440.43,32017.65,-9980.67,259.49,560.75,-9721.19,-9160.44,,,
9301,2541.79,5504.29,7617.25,692.48,380.15,-369.06,-5339.44,-45166.13,2481.98,32162.44,-9873.74,263.41,505.72,-9610.34,-9104.61,,,
9311,2466.91,5727.4,7681.88,694.53,379.74,-421.79,-5438.72,-45170.32,2468.8,32090.9,-9794.99,258.74,479.33,-9536.25,-9056.92,,,
9321,2544.79,5703.63,7666.3,706.29,383.65,-388.12,-5342.62,-45099.64,2432.04,31964.55,-9830.37,262.54,570.88,-9567.83,-8996.95,,,
9331,2506.43,5627.66,7652.48,676.22,387.52,-390.92,-5440.71,-45003.05,2459.18,31954.47,-9836.65,257.59,429.29,-9579.07,-9149.78,,,
9341,2491.43,5634.79,7623.73,694.92,397.06,-371.18,-5287.28,-45096.74,2481.9,32117.7,-9967.49,263.14,686.33,-9704.35,-9018.02,,,
9351,2575.06,5729.2,7635.61,704.67,389.46,-376.59,-5361.51,-45153.85,2425.69,31987.11,-9814.75,261.73,554.84,-9553.02,-8998.17,,,
9361,2532.49,5773.76,7653.11,695.69,394.84,-355.22,-5355.49,-45264.46,2449,32118.78,-9751.89,260.09,642.5,-9491.8,-8849.3,,,
9371,2486.75,5650.96,7655.6,696.13,358.68,-397.04,-5369.37,-45248.91,2437.39,32180.71,-9853.92,263.37,450.89,-9590.56,-9139.67,,,
9381,2560.22,5598.8,7604.36,703.41,412.26,-399.76,-5343.23,-45248.74,2461.2,32013.45,-9753.77,261.15,361.97,-9492.62,-9130.64,,,
9391,2530.84,5549.19,7652.13,676.21,399.13,-402.02,-5413.55,-45105.49,2474.17,32159.4,-9905.96,259.68,520.01,-9646.28,-9126.27,,,
9401,2595.74,5590.67,7620.34,697.22,387.11,-394.78,-5356.84,-45266.72,2444.34,32034.39,-9784.61,261.18,351.48,-9523.44,-9171.95,,,
9411,2552.43,5661.27,7678.41,687.64,377.73,-396.04,-5358.44,-45100.06,2415.76,32022.65,-9846.57,258.43,541.35,-9588.14,-9046.79,,,
9421,2579.13,5719.34,7638.99,697.75,377.09,-423.07,-5370.8,-45177.5,2462.94,32000.44,-9836.03,258.19,504.31,-9577.84,-9073.53,,,
9431,2519.16,5779.5,7642.07,718.83,376.77,-397.6,-5355.52,-44911.97,2460.91,31925.95,-9999.95,264.94,758.1,-9735.01,-8976.91,,,
9441,2496.02,5724.5,7645.05,710.05,384.49,-396.86,-5380.06,-45099.7,2479.95,32080.37,-9945.21,262.67,643.81,-9682.53,-9038.72,,,
9451,2526.07,5667.93,7646.28,699.45,391.1,-403.71,-5333.71,-45299.69,2448.8,32101.01,-9776.89,260.85,443.54,-9516.04,-9072.5,,,
9461,2501.25,5662.2,7616.49,684.5,398.82,-395.66,-5345.46,-45079.26,2455.34,32013.07,-9852.66,257.57,511.29,-9595.09,-9083.8,,,
9471,2521.31,5744.9,7642.35,703.81,385.67,-377.33,-5400.37,-45028.31,2491.82,32121.73,-10008.51,261.07,805.57,-9747.44,-8941.87,,,
9481,2520.58,5711.31,7642.83,688.69,390.07,-411.79,-5357.46,-45085.63,2424.8,31943.4,-9863.35,260.79,466.81,-9602.56,-9135.76,,,
9491,2493.31,5655.22,7665.28,719.56,403.49,-400.71,-5361.45,-44952.51,2438.9,32040.51,-9965.03,263.76,701.6,-9701.27,-8999.67,,,
9501,2503.19,5672.81,7630.43,709.99,403.55,-389.49,-5344.24,-44960.95,2479.45,31950.59,-9902.7,259.01,655.31,-9643.68,-8988.37,,,
9511,2517.87,5626.68,7631.36,686.73,385.46,-401.8,-5472.64,-45107.45,2453.9,32001.77,-9793.66,257.84,321.88,-9535.82,-9213.94,,,
9521,2527.16,5667.1,7640.1,706.47,365.99,-397.92,-5353.91,-45093.69,2459.39,31977.01,-9808.55,259.89,497.7,-9548.66,-9050.96,,,
9531,2495.93,5612.44,7649.71,695.35,389.04,-439.38,-5340.38,-44864.57,2457.45,31839.76,-9993.86,261,495.37,-9732.86,-9237.5,,,
9541,2486.4,5602.04,7617.71,696.84,394.62,-406.91,-5353.8,-45052.06,2508.03,32038.49,-9898.26,260.85,531.36,-9637.41,-9106.05,,,
9551,2596.44,5618.04,7644.7,706.11,376.79,-378.68,-5347.08,-44950.77,2450.28,31859.64,-9897.7,264.31,575.47,-9633.39,-9057.92,,,
9561,2489.01,5719.18,7637.54,693.17,357.3,-425.18,-5325.31,-44857.65,2453.28,31795.1,-9938.6,260.97,536.45,-9677.63,-9141.18,,,
9571,2553.93,5662.2,7690.04,714.67,373.14,-423.22,-5360.29,-44942.79,2464.87,31976.57,-9930.07,260.08,709.12,-9669.99,-8960.87,,,
9581,2488.01,5649.99,7658.39,670.53,384.58,-420.14,-5356.4,-44991.29,2450.28,31980.15,-9977.67,260.13,514.09,-9717.54,-9203.45,,,
9591,2555.1,5548.97,7641.49,686.57,382.59,-383.39,-5371.33,-45040.75,2486.25,31958.23,-9931.92,260.6,463.74,-9671.33,-9207.58,,,
9601,2521.4,5526.7,7641.97,702.13,390.52,-387.15,-5351.34,-45181.8,2527.87,32046.87,-9850.78,259.17,437.18,-9591.62,-9154.44,,,
9611,2537.08,5610.27,7665.86,692.21,355.88,-422.45,-5369.42,-45060.03,2452.35,31994.02,-9885.25,257.98,455.78,-9627.28,-9171.5,,,
9621,2523.82,5733.49,7650.01,696.86,356.68,-392.46,-5289.67,-45007.51,2440.65,31978.95,-9979.49,261.82,690.82,-9717.68,-9026.86,,,
9631,2541.86,5679.64,7641.09,694.15,374.74,-390.34,-5401.5,-44881.28,2483.16,31935.76,-9966.67,261.06,677.28,-9705.61,-9028.33,,,
9641,2532.4,5649.95,7641.32,693.75,372.77,-378.37,-5387.83,-44904.99,2446.66,31786.89,-9856.32,257.95,452.55,-9598.37,-9145.83,,,
9651,2479.78,5682.22,7713.96,682.82,400.13,-411.77,-5355.14,-45209.27,2484.64,31997.92,-9804.26,260.53,465.28,-9543.73,-9078.44,,,
9661,2515.74,5640.5,7587.91,692.79,401.24,-376.89,-5354.15,-45186.37,2464.32,32110.44,-9868.24,258.66,495.54,-9609.58,-9114.04,,,
9671,2480.93,5579.32,7660.6,678.07,389.46,-394.03,-5426.15,-45140.86,2469.94,32179.75,-9894.2,257.16,477.02,-9637.04,-9160.01,,,
9681,2504.51,5607.91,7655.9,704.09,349,-432.28,-5313.71,-45179.68,2499.79,32170.6,-9974.58,262.04,566.12,-9712.54,-9146.41,,,
9691,2475,5695.05,7671.89,708.46,391.89,-412.89,-5347.52,-44985.59,2472.07,31949.63,-9933.83,263.97,617.99,-9669.86,-9051.87,,,
9701,2430.24,5644.21,7626.04,705.76,381.56,-410.97,-5429.57,-45178.68,2509.96,32082.5,-9810.78,258.03,361.05,-9552.75,-9191.7,,,
9711,2578.53,5618.42,7620.03,697.6,427.08,-407.19,-5386.43,-45146.56,2505.63,32001.46,-9843.68,256.48,508.57,-9587.2,-9078.63,,,
9721,2506.7,5654.07,7631.5,685.07,373.51,-396.07,-5318.81,-45085.43,2446.9,31924.7,-9896.44,263.27,422.14,-9633.17,-9211.03,,,
9731,2586.93,5668.66,7672.36,673.94,398.15,-420.81,-5342.11,-45047.34,2438.03,31997.8,-9941.63,259.35,625.61,-9682.28,-9056.67,,,
9741,2538.97,5669.14,7651.14,698.27,372.53,-413.42,-5389.55,-44955.85,2447.88,32045.41,-10044.54,261.51,664.52,-9783.03,-9118.51,,,
9751,2597.1,5697.01,7653.13,697.84,379.99,-396.07,-5413,-44960.4,2484.91,31985.96,-9957.09,257.64,726.48,-9699.45,-8972.97,,,
9761,2582.64,5637.32,7622.51,678.39,370.95,-365.06,-5373.47,-44846.1,2489.57,31977.71,-10069.84,257.33,774.46,-9812.51,-9038.05,,,
9771,2505.42,5567.1,7671.28,690.77,390.59,-394.56,-5417.55,-45067.02,2491.71,32174.21,-9936.85,257.19,611.97,-9679.66,-9067.69,,,
9781,2555.16,5691.67,7606.73,697.96,369.11,-389.82,-5383.84,-44833.23,2466.54,32008.59,-10108.8,259.45,788.87,-9849.35,-9060.47,,,
9791,2521.31,5651.81,7658.87,691.32,356.99,-397.96,-5378.85,-44889.68,2495.11,31974.63,-10032.56,257.78,683.55,-9774.78,-9091.23,,,
9801,2533.4,5658.91,7643.3,683.95,401.96,-399.65,-5431.15,-45060.3,2474.05,32010.25,-9846.81,253.72,514.72,-9593.1,-9078.38,,,
9811,2558.19,5697.8,7564.77,692.09,400.82,-384.88,-5437.16,-44986.66,2441.77,32066.06,-9971.07,256.09,612.8,-9714.98,-9102.19,,,
9821,2510.23,5733.03,7721.01,706.58,393.76,-444.37,-5375.49,-45139.47,2446.55,32078.31,-9905.92,256.35,630.15,-9649.57,-9019.42,,,
9831,2531.35,5619.62,7598.85,689.15,393,-380.19,-5386.65,-45069.43,2471.56,31981.01,-9885.88,254.15,448.28,-9631.73,-9183.45,,,
9841,2488.42,5639.76,7623.91,701.47,383.95,-419.6,-5365.28,-45012.52,2476.55,32103.32,-10024.46,255.48,619.97,-9768.99,-9149.02,,,
9851,2505.27,5702.07,7642.61,706.58,392.8,-409.53,-5445.06,-44817.12,2492.86,31961.54,-10076.35,254.64,732.02,-9821.71,-9089.69,,,
9861,2510.4,5651.12,7676.58,687.96,375.42,-393.23,-5401.72,-44939.21,2451.92,32103.71,-10127.79,258.82,722.95,-9868.97,-9146.02,,,
9871,2477.07,5668.41,7627.88,679.01,391.9,-396.28,-5356.39,-44877.19,2435.14,32038.07,-10048.49,261.8,687.62,-9786.69,-9099.07,,,
9881,2579.61,5638.82,7631.53,691.97,400.2,-392.43,-5383.4,-44922.73,2479.58,32019.34,-10048.96,260.68,742.49,-9788.28,-9045.78,,,
9891,2439.98,5553.38,7616.69,666.11,396.06,-406.02,-5407.3,-44787.58,2511.01,32111.22,-10167.87,261.93,693.54,-9905.94,-9212.4,,,
9901,2574.17,5663.38,7611.94,691.78,388.23,-395.85,-5308.32,-45116.17,2442.34,32079.94,-9969.6,261.73,631.45,-9707.87,-9076.42,,,
9911,2495.36,5700.37,7626.17,704.7,400.9,-385.02,-5450.1,-44968.85,2466.29,32003.44,-9957.68,263.2,593.26,-9694.48,-9101.22,,,
9921,2512.67,5606.5,7644.96,704.75,380.05,-410.85,-5350.5,-44884.03,2454.66,31986.85,-10106.69,265.36,645.07,-9841.33,-9196.26,,,
9931,2520.98,5580.48,7607.25,696.68,381.84,-358.64,-5344.62,-44998.82,2433.92,32074.02,-9949.26,261.91,593.09,-9687.35,-9094.26,,,
9941,2524.74,5656.58,7588.9,693.41,375.13,-389.48,-5339.19,-44958.48,2519.84,32160.78,-10119.62,261.58,832.22,-9858.04,-9025.82,,,
9951,2448.64,5614.04,7624.49,690.28,353.57,-400.63,-5327.99,-45129.77,2494.42,32211.74,-10019.53,262.42,578.8,-9757.11,-9178.31,,,
9961,2612.37,5639.84,7601.52,684.94,380,-419.18,-5350.92,-44927.99,2443.22,32038.5,-10049.06,263.38,702.32,-9785.68,-9083.36,,,
9971,2517.93,5596.06,7669.94,682.67,386.83,-373.19,-5380.97,-44845.13,2429.62,32115.89,-10174.52,263.15,799.64,-9911.37,-9111.73,,,
9981,2536.33,5773.53,7613.18,691.34,364.68,-417.81,-5393.17,-45147.54,2451.4,32194.25,-9988.28,259.36,666.19,-9728.92,-9062.73,,,
9991,2512.46,5569.73,7638.24,688.3,400.77,-409.94,-5354.62,-45176.63,2468.15,32206.76,-9962.36,260.31,543.21,-9702.05,-9158.84,,,
10001,2502.78,5591.02,7616.57,680.43,373.09,-413.75,-5337.13,-44894.42,2459.29,32158.95,-10173.55,260.5,736.83,-9913.05,-9176.22,,,
,,,,,,,,,,,,,,,,,,
Ligand Energy Terms,,,,,,,,,,,,,,,,,,
Frame #,BOND,ANGLE,DIHED,UB,IMP,CMAP,VDWAALS,EEL,1-4 VDW,1-4 EEL,EGB,ESURF,GGAS,GSOLV,TOTAL,,,
1,16.99,57.17,0.39,0,0.02,0,-0.72,-6.04,10.15,38.5,-7.91,4.49,116.45,-3.42,113.03,,,
11,8.66,54.23,-2.46,0,0.01,0,-0.38,-4.79,14.68,37.34,-6.85,4.43,107.3,-2.43,104.87,,,
21,13.91,45.74,1.6,0,0.01,0,0,-5.72,14.89,38.77,-7.19,4.45,109.19,-2.74,106.45,,,
31,14.17,58.86,0.03,0,0.02,0,0.39,-5.68,13.77,38.2,-7.47,4.38,119.77,-3.08,116.68,,,
41,12.26,55.35,-3.71,0,0.01,0,2.22,-5.66,12.02,38.31,-7.36,4.41,110.8,-2.95,107.85,,,
51,18.12,56.75,-1.89,0,0.02,0,4.33,-5.47,11.4,37.87,-7.74,4.37,121.13,-3.36,117.76,,,
61,12.41,51.19,-3.84,0,0.06,0,2.01,-5.67,14.25,38.53,-6.98,4.35,108.94,-2.63,106.31,,,
71,10.49,57.86,-1.43,0,0.01,0,-1.13,-4.7,12.71,36.62,-7.4,4.4,110.43,-3,107.42,,,
81,13.14,48.15,1.03,0,0,0,0.35,-4.63,14.76,36.71,-6.96,4.43,109.51,-2.53,106.98,,,
91,14.07,46.39,-1.06,0,0.01,0,0.6,-5.53,13.24,38.62,-7.06,4.38,106.36,-2.68,103.67,,,
101,13.73,44.42,3.69,0,0.04,0,-0.31,-5.42,15.17,38.28,-7.26,4.41,109.59,-2.85,106.74,,,
111,12.93,58.66,0.88,0,0.01,0,-3.21,-5.12,14.56,37.76,-6.96,4.41,116.47,-2.55,113.92,,,
121,10.67,56.72,-1.56,0,0.07,0,7.48,-4.62,12.62,36.28,-7.41,4.36,117.66,-3.05,114.6,,,
131,17.56,47.94,-0.89,0,0.02,0,-1.58,-6.3,13.62,39.67,-7.53,4.41,110.04,-3.12,106.92,,,
141,13.39,52.61,3.65,0,0.02,0,-2.12,-5.44,13.89,38.12,-6.98,4.42,114.12,-2.57,111.55,,,
151,10.49,65.09,3.8,0,0.07,0,-3.83,-4.9,15.26,37.04,-7.17,4.39,123.03,-2.78,120.25,,,
161,14.16,48.58,1.29,0,0.01,0,-0.87,-5.6,16.14,39.08,-7.17,4.37,112.78,-2.8,109.98,,,
171,12.24,51.33,3.93,0,0.04,0,1.04,-5.43,13.38,37.93,-7.4,4.41,114.46,-2.99,111.48,,,
181,12.16,53.3,-1.42,0,0.01,0,3.53,-4.88,11.56,36.37,-7.51,4.41,110.63,-3.1,107.53,,,
191,13.19,49.69,-0.55,0,0.03,0,3.9,-6.66,15.27,39.75,-7.33,4.38,114.63,-2.95,111.68,,,
201,12.64,48.78,-2.61,0,0.02,0,2.4,-5.5,12.23,38.06,-6.96,4.36,106.02,-2.6,103.42,,,
211,12.44,63.87,-2.43,0,0.01,0,-0.66,-5.55,14.31,38.13,-7.19,4.39,120.12,-2.8,117.32,,,
221,15.26,53.46,-2.07,0,0.02,0,2.87,-4.79,15.06,36.93,-7.15,4.36,116.74,-2.79,113.96,,,
231,11.64,49.94,2.55,0,0.04,0,1.55,-5.28,14.56,37.58,-7.08,4.38,112.58,-2.69,109.89,,,
241,16.6,60.16,-1.98,0,0.02,0,0.8,-5.24,11.44,37.25,-7.67,4.4,119.05,-3.27,115.78,,,
251,12.38,45.72,5.21,0,0.09,0,0.23,-5.39,14.92,38.45,-7.25,4.42,111.6,-2.83,108.77,,,
261,8.9,45.22,-0.68,0,0.02,0,0.35,-6.14,14.88,39.37,-7.23,4.38,101.93,-2.85,99.08,,,
271,16.94,59.53,3.7,0,0.01,0,-4.72,-5.66,13.7,38.16,-7.62,4.42,121.66,-3.2,118.47,,,
281,12.5,56.6,0.5,0,0.01,0,-1.38,-4.6,13.76,36.34,-7.9,4.46,113.72,-3.44,110.28,,,
291,11.11,54.76,1.33,0,0.05,0,-0.97,-4.79,16.19,37.43,-6.88,4.37,115.11,-2.51,112.6,,,
301,10.67,47.46,-5.21,0,0.02,0,3.01,-5.66,16.08,38.35,-7.04,4.37,104.71,-2.67,102.04,,,
311,9.97,47.34,-1.78,0,0.05,0,-0.23,-4.78,13.61,37.08,-7.39,4.42,101.26,-2.98,98.28,,,
321,13.49,63.38,1.17,0,0.04,0,0.37,-4.48,16.63,36.51,-7.13,4.42,127.1,-2.71,124.39,,,
331,11.42,51.9,1.89,0,0.04,0,-1.22,-6.14,12.45,39.17,-7.21,4.45,109.49,-2.76,106.73,,,
341,13.04,44.55,0.89,0,0.01,0,-0.24,-5.93,14.67,38.93,-7.3,4.42,105.92,-2.88,103.03,,,
351,15.72,52.25,2.97,0,0.08,0,0.45,-5.64,12.58,37.94,-7.45,4.49,116.37,-2.97,113.4,,,
361,14.04,57.68,0.29,0,0.03,0,0.56,-5.7,12.78,37.88,-7.27,4.37,117.55,-2.91,114.64,,,
371,14.5,51.09,0.09,0,0.04,0,3.1,-4.7,13.16,36.82,-7.06,4.42,114.1,-2.64,111.46,,,
381,14.27,48.73,-0.89,0,0.03,0,-2.59,-5.74,13.92,38.83,-7.71,4.44,106.56,-3.26,103.3,,,
391,11.19,51.32,0.49,0,0.07,0,-0.42,-4.81,11.9,37.4,-6.97,4.4,107.15,-2.57,104.58,,,
401,14.83,57.14,-0.11,0,0.01,0,-0.15,-4.96,14,37.22,-7.64,4.43,117.99,-3.21,114.78,,,
411,14.11,50.36,2.75,0,0.02,0,1.96,-5.88,17.18,38.64,-7.35,4.36,119.15,-2.99,116.16,,,
421,9.77,50.6,-0.16,0,0.01,0,4.72,-5.04,15.86,36.98,-7.31,4.4,112.72,-2.91,109.81,,,
431,17.45,52.22,0.96,0,0.02,0,-3.65,-5.34,14.59,37.85,-7.89,4.42,114.11,-3.47,110.65,,,
441,18.43,48.6,-1.26,0,0.02,0,-0.59,-6.29,13.72,38.54,-7.54,4.37,111.15,-3.17,107.98,,,
451,16.08,49.63,0.85,0,0.02,0,2.41,-5.69,15.28,38.51,-7.56,4.38,117.1,-3.18,113.92,,,
461,13.82,59.46,2.85,0,0.02,0,-0.26,-5.69,14.74,38.38,-7.21,4.42,123.3,-2.79,120.51,,,
471,10.34,47.44,0.85,0,0.05,0,3.65,-5.48,18.8,38.21,-7.45,4.41,113.86,-3.04,110.82,,,
481,15.36,50.89,0.58,0,0.02,0,-0.45,-6.17,13.02,39.17,-7.13,4.37,112.42,-2.76,109.66,,,
491,17.87,46.54,-1.78,0,0.02,0,1.09,-5.53,11.18,37.91,-7.4,4.38,107.31,-3.02,104.29,,,
501,11.52,50.48,-0.82,0,0.01,0,7.07,-5.55,14.33,38.57,-7.14,4.33,115.62,-2.8,112.82,,,
511,10.46,55.77,-2.32,0,0.01,0,3.16,-5.74,13.98,38.44,-7.16,4.29,113.75,-2.87,110.89,,,
521,8.47,55.59,-0.18,0,0.01,0,0.69,-5.48,15.76,38.33,-7.07,4.38,113.19,-2.69,110.5,,,
531,12.18,54.08,-1.72,0,0.04,0,-0.22,-5.38,13.52,38.08,-7.5,4.33,110.58,-3.17,107.41,,,
541,11.62,54.47,0.5,0,0.02,0,0.65,-5.96,15.83,38.29,-7.18,4.35,115.42,-2.83,112.58,,,
551,15.85,57.41,0.25,0,0.01,0,2.72,-5.39,14.29,37.17,-7.63,4.39,122.31,-3.24,119.07,,,
561,15.51,46.39,-0.77,0,0.02,0,3.05,-5.29,12.49,37.89,-7.03,4.33,109.3,-2.7,106.6,,,
571,11.49,54.63,-1.47,0,0,0,2.24,-5.13,14.25,37.36,-7.25,4.32,113.36,-2.93,110.43,,,
581,11.8,53.65,-1.28,0,0.01,0,0.33,-5.48,11.43,37.78,-7.36,4.32,108.24,-3.04,105.19,,,
591,12.84,57.15,2.47,0,0.12,0,-0.8,-5.19,14.09,37.94,-7.18,4.34,118.62,-2.85,115.77,,,
601,12.32,49.65,-3.24,0,0.02,0,5.27,-5.2,12.79,36.82,-7.44,4.31,108.43,-3.13,105.31,,,
611,12.39,60.17,0.28,0,0.03,0,1.06,-5.62,14.47,38.04,-6.87,4.36,120.81,-2.52,118.3,,,
621,9.19,50.54,-2.07,0,0.04,0,0.9,-5.66,15.15,38,-7.3,4.35,106.11,-2.95,103.15,,,
631,19.62,52.26,-1.09,0,0.04,0,3.36,-5.24,13.24,37.34,-6.98,4.31,119.52,-2.67,116.85,,,
641,17.08,53.78,1.29,0,0.01,0,-2.62,-5.55,11.85,37.99,-7.64,4.35,113.82,-3.29,110.53,,,
651,15.21,55.48,0.06,0,0.02,0,3.23,-5.88,11.05,38.36,-7.81,4.4,117.53,-3.41,114.12,,,
661,12.79,54.64,-1.85,0,0.01,0,1.92,-5.96,13.43,38.86,-7.06,4.37,113.82,-2.69,111.14,,,
671,11.48,57.12,-2.97,0,0.02,0,2.67,-5.25,14.25,37.48,-7.75,4.38,114.8,-3.37,111.43,,,
681,10.13,43.27,-0.98,0,0,0,8.18,-5.23,12.89,37.49,-7.13,4.34,105.73,-2.79,102.94,,,
691,12.54,52.77,-0.35,0,0.02,0,0.04,-6.07,12.89,39.04,-7.16,4.38,110.86,-2.78,108.08,,,
701,14.34,64.95,-4.45,0,0.03,0,-1.01,-5.46,12.54,37.31,-7.93,4.45,118.25,-3.48,114.77,,,
711,12.04,56,-1.53,0,0.01,0,-2.43,-5.81,14.73,38.75,-6.81,4.38,111.77,-2.43,109.34,,,
721,18.66,52,1.6,0,0.01,0,-1.22,-5.55,13.62,37.76,-7.72,4.4,116.88,-3.32,113.56,,,
731,12.13,43.91,-0.64,0,0.02,0,-0.51,-5.74,12.86,38.75,-7.36,4.38,100.78,-2.98,97.8,,,
741,15.5,45.65,0.4,0,0.05,0,-1.18,-5.71,11.45,38.07,-7.99,4.38,104.23,-3.61,100.62,,,
751,19.86,54.99,0.65,0,0.02,0,-0.44,-6.02,12.01,38.76,-6.93,4.33,119.83,-2.6,117.24,,,
761,15.76,55.08,0.3,0,0.03,0,-2.45,-5.89,10.27,38.31,-7.09,4.34,111.41,-2.75,108.66,,,
771,10.18,45.83,-0.58,0,0.01,0,0.22,-5.49,13.96,38.14,-7.48,4.34,102.28,-3.15,99.13,,,
781,15.01,55.68,3.09,0,0.03,0,0.01,-5.69,12.22,37.79,-7.3,4.37,118.15,-2.93,115.22,,,
791,20.64,50.42,-2.29,0,0.01,0,-2.17,-5.58,14,38.23,-6.95,4.39,113.28,-2.56,110.72,,,
801,8.73,52.75,0.18,0,0.05,0,-0.7,-6.13,14.36,39.51,-6.91,4.33,108.76,-2.58,106.18,,,
811,16.56,45.91,0.64,0,0.03,0,-0.15,-5.58,11.74,38.05,-7.17,4.35,107.21,-2.82,104.39,,,
821,15.27,53.25,4.89,0,0.07,0,-4.09,-5.52,15.42,38.02,-7.47,4.42,117.3,-3.05,114.25,,,
831,12.86,44.05,-1.84,0,0.02,0,3.1,-5.73,14.94,38.4,-7.26,4.35,105.81,-2.91,102.89,,,
841,11.98,51.73,0.87,0,0.02,0,-3.29,-5.07,13.8,37.21,-7.13,4.42,107.24,-2.71,104.53,,,
851,16.45,60.66,0.39,0,0.08,0,-2.05,-5.29,13.95,37.86,-7.27,4.35,122.05,-2.92,119.13,,,
861,14.41,47.68,-0.9,0,0.02,0,-0.92,-4.59,12.94,37.06,-7.28,4.35,105.7,-2.93,102.77,,,
871,14.25,63.94,0.54,0,0.05,0,-0.03,-5.62,14.24,37.88,-7.16,4.31,125.24,-2.85,122.39,,,
881,14.12,51.44,0.71,0,0.04,0,2.86,-5.58,14.82,37.73,-7.33,4.37,116.14,-2.96,113.18,,,
891,13.51,46.62,-0.2,0,0.03,0,1.67,-5.67,13.77,38.73,-7.21,4.34,108.45,-2.86,105.58,,,
901,16.98,54.7,-2,0,0.03,0,-0.49,-6.42,13.89,40.01,-7.18,4.36,116.7,-2.83,113.87,,,
911,12.83,59.96,0.32,0,0.03,0,-1.4,-5.95,15.65,38.8,-6.88,4.34,120.24,-2.54,117.7,,,
921,17.85,48.25,-1.17,0,0.02,0,1.3,-5.29,14.27,37.53,-6.75,4.38,112.76,-2.37,110.4,,,
931,8.34,49.87,-0.78,0,0.02,0,0.14,-5.69,15.25,37.89,-7.53,4.34,105.04,-3.19,101.85,,,
941,13.69,51.06,0.22,0,0,0,-0.41,-4.69,12,36.9,-7.53,4.35,108.78,-3.18,105.6,,,
951,9.42,49.83,1.65,0,0.01,0,-0.58,-5.43,13.27,37.7,-7.79,4.37,105.87,-3.42,102.46,,,
961,8.39,49.67,0.8,0,0.01,0,-0.06,-4.59,16.9,36.95,-6.52,4.31,108.07,-2.21,105.86,,,
971,16.73,61.34,-4.03,0,0.02,0,-3.1,-5.71,12.51,38.53,-6.85,4.33,116.29,-2.52,113.77,,,
981,16.69,60.42,-1.81,0,0.03,0,8.78,-6.11,13.21,39.45,-7.07,4.27,130.67,-2.79,127.88,,,
991,15.08,51.13,-2.17,0,0,0,4.39,-4.63,13.56,36.43,-7.02,4.47,113.81,-2.54,111.26,,,
1001,9.1,56.16,-4.9,0,0.01,0,0.8,-4.6,14.3,37.12,-6.8,4.36,107.99,-2.45,105.54,,,
1011,14.78,49.82,-2.76,0,0.01,0,1.06,-5.13,14.36,37.78,-7.11,4.32,109.92,-2.79,107.13,,,
1021,22.7,49.05,-0.1,0,0.02,0,-0.38,-6.1,11.84,39.44,-6.96,4.4,116.48,-2.56,113.92,,,
1031,13.53,57.93,0.05,0,0.05,0,0.54,-5.22,15.31,37.74,-7.56,4.34,119.94,-3.22,116.72,,,
1041,17.26,51.45,1.56,0,0.04,0,-1.82,-5.5,12.16,38.1,-7.28,4.37,113.25,-2.91,110.33,,,
1051,13.71,43.58,3,0,0.12,0,0.77,-5.78,12.91,38.22,-7.3,4.42,106.53,-2.88,103.65,,,
1061,8.13,55.36,-2.08,0,0.01,0,0.66,-5.26,12.41,37.43,-6.79,4.34,106.65,-2.45,104.2,,,
1071,11.53,47.14,3.65,0,0.11,0,-0.23,-4.56,14.31,36.57,-7.1,4.34,108.52,-2.75,105.77,,,
1081,13.51,49.67,2.42,0,0.02,0,-0.61,-4.32,12.29,36.31,-7.08,4.37,109.29,-2.71,106.58,,,
1091,20.35,48.81,-0.5,0,0.02,0,-5.39,-5.59,12.44,37.88,-7.21,4.29,108.02,-2.92,105.1,,,
1101,13.36,50.69,-0.12,0,0.02,0,0.55,-4.85,13.13,36.7,-7.56,4.35,109.49,-3.21,106.27,,,
1111,13.58,55.92,4.58,0,0.02,0,0.84,-4.42,15.31,36.25,-7.33,4.36,122.09,-2.97,119.12,,,
1121,13.51,53.44,-2.5,0,0.01,0,2.66,-4.51,13.15,36.45,-7.01,4.34,112.21,-2.66,109.55,,,
1131,7.38,49.72,-0.54,0,0.02,0,-0.92,-5.62,15.23,38.48,-7.63,4.35,103.75,-3.28,100.47,,,
1141,9.3,60.84,-0.18,0,0.04,0,-0.68,-5.07,14.14,37.33,-7.23,4.36,115.72,-2.87,112.85,,,
1151,20.39,52.6,0.62,0,0.01,0,0.11,-4.48,13.58,36.73,-7.58,4.46,119.56,-3.12,116.44,,,
1161,11.13,53.33,-0.3,0,0.02,0,-1.55,-4.54,14.17,36.63,-6.67,4.35,108.88,-2.33,106.55,,,
1171,9.24,61.88,1.33,0,0.06,0,5.56,-4.59,14.86,36.66,-7.61,4.39,125.01,-3.22,121.79,,,
1181,21.19,54.56,-2.71,0,0.01,0,3.86,-4.43,12.4,36.21,-7.25,4.43,121.07,-2.82,118.25,,,
1191,13.75,55.22,1.26,0,0.01,0,2.96,-5.03,15.93,37.27,-7.07,4.42,121.38,-2.65,118.73,,,
1201,14.07,42.31,-1.72,0,0.02,0,2.84,-4.62,12.98,36.74,-7.34,4.4,102.62,-2.94,99.68,,,
1211,16.08,52.59,0.83,0,0.07,0,1.41,-4.29,14.01,36.3,-7.37,4.41,117,-2.96,114.05,,,
1221,18,53.45,-2.29,0,0.04,0,0.97,-4.76,12.35,36.66,-6.98,4.41,114.41,-2.57,111.84,,,
1231,9.41,58.38,-3.27,0,0,0,0.44,-4.64,14.14,36.72,-7.05,4.33,111.18,-2.72,108.46,,,
1241,11.26,50.45,-3.15,0,0.09,0,6.34,-4.65,14.67,36.89,-6.78,4.33,111.89,-2.46,109.43,,,
1251,11.44,52.22,-3.24,0,0.02,0,1.52,-4.58,14.69,36.85,-7.28,4.38,108.93,-2.9,106.03,,,
1261,10.03,52.09,-3.65,0,0.05,0,1.14,-4.68,11.6,36.89,-6.81,4.37,103.47,-2.44,101.03,,,
1271,13.99,56.73,-2.14,0,0.01,0,-0.15,-4.69,15.69,36.6,-6.79,4.29,116.03,-2.51,113.52,,,
1281,9.44,47.29,2.41,0,0.03,0,-1.26,-5.27,13.54,37.93,-7.19,4.36,104.1,-2.82,101.28,,,
1291,12.56,56.4,-5.01,0,0.01,0,-0.94,-5.54,13.48,37.92,-7.78,4.41,108.88,-3.37,105.51,,,
1301,18.17,48.72,-0.24,0,0.04,0,1.42,-4.47,12.82,36.38,-7.07,4.41,112.84,-2.66,110.18,,,
1311,11.57,45.76,2.38,0,0.05,0,5.31,-4.85,14.4,37.11,-7.04,4.37,111.73,-2.67,109.05,,,
1321,15.24,50.26,-0.43,0,0,0,-0.03,-6.27,13.73,39.11,-7.65,4.38,111.61,-3.27,108.34,,,
1331,14.18,40.47,-1.18,0,0.02,0,3.74,-4.43,13.06,36.29,-7.5,4.4,102.14,-3.1,99.04,,,
1341,10.13,51.31,3.53,0,0.07,0,-0.18,-5.11,12.96,37.73,-7.66,4.38,110.43,-3.28,107.15,,,
1351,11.71,45.67,0.67,0,0.02,0,2.71,-4.79,16.46,37.08,-6.97,4.38,109.53,-2.59,106.94,,,
1361,13.77,50.85,-3.04,0,0.01,0,5.57,-5.49,14.23,37.57,-7.82,4.44,113.46,-3.38,110.08,,,
1371,17.03,54.92,-2.79,0,0.02,0,2.91,-4.67,15.27,36.79,-6.41,4.39,119.48,-2.02,117.45,,,
1381,12.75,44.41,3.25,0,0.03,0,-1.72,-4.82,14.49,37.34,-6.89,4.37,105.73,-2.53,103.21,,,
1391,13.05,46.09,-2.11,0,0.01,0,4.95,-4.52,17.89,36.94,-6.93,4.37,112.29,-2.56,109.73,,,
1401,16.08,54.27,1.16,0,0.09,0,0.04,-5.42,13.09,37.85,-7.11,4.41,117.15,-2.7,114.45,,,
1411,11.02,53.99,0.71,0,0.05,0,-1.71,-5.28,15.89,37.57,-7.14,4.38,112.23,-2.76,109.47,,,
1421,14.7,57.96,1.85,0,0.11,0,-0.8,-5.75,13.28,38.41,-7.25,4.47,119.76,-2.78,116.97,,,
1431,12.06,50.42,-2.7,0,0.04,0,3.16,-5.9,13.49,38.64,-7.21,4.37,109.21,-2.84,106.37,,,
1441,17.86,59.81,-0.78,0,0.07,0,-1.65,-4.88,10.7,37.01,-7.73,4.43,118.13,-3.3,114.83,,,
1451,14.21,42.65,1.31,0,0.01,0,3.91,-5.38,13.52,37.43,-7.44,4.39,107.66,-3.05,104.61,,,
1461,12.82,43.19,-1.83,0,0.01,0,0.95,-5.42,13.72,37.77,-7.39,4.39,101.21,-3,98.2,,,
1471,14.32,47.07,1.11,0,0.01,0,-0.5,-4.4,14.68,36.13,-7.35,4.43,108.41,-2.92,105.48,,,
1481,15.16,54.77,-2.37,0,0.01,0,2.27,-5.21,14.14,37.14,-7.52,4.37,115.91,-3.15,112.76,,,
1491,12.51,47.7,-0.86,0,0.05,0,0.09,-5.32,14.45,38.41,-7.18,4.37,107.03,-2.81,104.22,,,
1501,15.19,50.84,2.84,0,0.01,0,1.13,-4.63,13.13,36.39,-7.29,4.36,114.89,-2.93,111.96,,,
1511,18.84,47.23,-1.24,0,0.01,0,-0.9,-4.61,12.37,36.55,-7.26,4.38,108.24,-2.87,105.37,,,
1521,11.63,43.33,-0.57,0,0.01,0,0.67,-5.67,12.71,38.14,-7.47,4.42,100.24,-3.05,97.19,,,
1531,11.23,49.16,0.15,0,0.01,0,-0.26,-5.74,13.94,38.75,-7.1,4.38,107.25,-2.72,104.53,,,
1541,14.7,42.87,0.44,0,0.03,0,5.9,-4.58,14.85,36.68,-7.17,4.35,110.89,-2.82,108.06,,,
1551,11.94,54.7,0.67,0,0.06,0,0.8,-5.95,15.59,38.06,-7.74,4.44,115.87,-3.3,112.57,,,
1561,14.46,47.48,-0.69,0,0.01,0,1.41,-6.09,13.28,38.9,-7.39,4.42,108.75,-2.97,105.78,,,
1571,15.56,62.14,-2.57,0,0.02,0,2.47,-5.6,13.14,38.34,-7.14,4.38,123.51,-2.76,120.75,,,
1581,12.45,52.27,-1.58,0,0,0,3.53,-5.37,14.56,38.65,-7.09,4.36,114.51,-2.73,111.77,,,
1591,14.44,47.28,0.32,0,0.06,0,0.66,-4.88,13.88,36.95,-7.53,4.38,108.72,-3.15,105.57,,,
1601,10.93,46.34,0.94,0,0,0,4.96,-5.63,15.64,38.38,-7.14,4.39,111.57,-2.75,108.82,,,
1611,13.54,56.92,-1.81,0,0,0,1.88,-4.64,14.82,36.8,-7.14,4.41,117.51,-2.73,114.78,,,
1621,11.34,46.98,-2.66,0,0.03,0,4.38,-6,12.91,38.85,-7.54,4.35,105.84,-3.19,102.66,,,
1631,15.01,51.65,-0.73,0,0.02,0,-1.47,-5.98,11.76,38.69,-7.57,4.37,108.94,-3.2,105.74,,,
1641,21.28,48.35,3.28,0,0.06,0,0.9,-5.46,13.87,38.17,-7.5,4.43,120.45,-3.07,117.38,,,
1651,15.05,48.59,-0.13,0,0.01,0,2.89,-5.23,16.14,37.3,-7.46,4.34,114.62,-3.13,111.49,,,
1661,14.39,48.58,-1.13,0,0.01,0,3.96,-4.51,12,36.23,-6.97,4.38,109.53,-2.6,106.93,,,
1671,13.49,52.64,2.14,0,0.01,0,-0.59,-4.61,13.08,36.68,-7.21,4.42,112.85,-2.78,110.07,,,
1681,13.5,53.42,0.57,0,0.08,0,-2.35,-5.22,14.22,37.9,-6.91,4.4,112.12,-2.51,109.62,,,
1691,12.1,43.03,-0.41,0,0.01,0,1.26,-5.42,15.31,38.42,-7.54,4.41,104.31,-3.13,101.18,,,
1701,10.99,51.32,-0.67,0,0.01,0,0.67,-5.67,12.59,38.24,-7.41,4.44,107.47,-2.96,104.51,,,
1711,20.04,42.16,-1.25,0,0.02,0,0.75,-5.55,11.6,38.48,-7.16,4.45,106.25,-2.72,103.53,,,
1721,17.81,44.83,-1.01,0,0,0,5.12,-4.93,13.39,37.71,-7.08,4.43,112.92,-2.66,110.27,,,
1731,12.56,45.32,-0.44,0,0.02,0,-1.8,-6.04,15.43,38.7,-7.75,4.42,103.75,-3.33,100.42,,,
1741,14.03,53.6,-2.79,0,0.03,0,-1.49,-5.94,13.02,38.89,-7.21,4.4,109.35,-2.81,106.54,,,
1751,10.91,43.63,-0.41,0,0.03,0,0.19,-5.72,13.77,38.06,-7.39,4.38,100.45,-3,97.44,,,
1761,14.18,47.13,-1.73,0,0.04,0,1.68,-5.63,12.58,38.75,-7.14,4.42,107.01,-2.72,104.29,,,
1771,14.46,54.67,-2.82,0,0.02,0,0.94,-4.91,12.89,36.88,-7.59,4.39,112.12,-3.21,108.91,,,
1781,11.14,50.66,-2.68,0,0.04,0,2.85,-4.45,14.59,36.15,-7.41,4.37,108.3,-3.03,105.27,,,
1791,12.36,50.07,-2.15,0,0.02,0,0.17,-4.51,12.92,36.39,-7.41,4.41,105.27,-2.99,102.27,,,
1801,12.3,54.43,-1.94,0,0.01,0,-0.56,-4.61,15.34,36.98,-6.89,4.42,111.94,-2.47,109.47,,,
1811,13.7,41.87,1.52,0,0.02,0,0.57,-5.09,14.28,37.16,-7.14,4.43,104.03,-2.71,101.33,,,
1821,16.78,50.77,-0.63,0,0.04,0,-4.22,-5.72,13.76,38.57,-7.68,4.41,109.34,-3.27,106.06,,,
1831,14.88,40.77,0.65,0,0.04,0,-0.79,-4.85,15.09,37.18,-7.23,4.39,102.96,-2.84,100.12,,,
1841,11.09,57.21,1.64,0,0.11,0,3.84,-5.23,13.82,37.85,-7.49,4.37,120.33,-3.12,117.21,,,
1851,16.57,54.64,-1.67,0,0.02,0,0.81,-4.49,12.76,35.88,-7.63,4.42,114.52,-3.21,111.32,,,
1861,14.23,51.98,-0.23,0,0.02,0,1.17,-4.92,13.22,37.41,-7.27,4.41,112.88,-2.86,110.02,,,
1871,8.94,53.58,-0.75,0,0.02,0,-0.13,-5.12,14.6,37.72,-7.03,4.4,108.87,-2.63,106.23,,,
1881,14.49,48.23,0,0,0.02,0,2.79,-4.91,13.46,36.99,-7.16,4.45,111.06,-2.7,108.36,,,
1891,11.46,48.52,0.07,0,0.03,0,1.52,-5.79,14.3,38.65,-7.01,4.37,108.76,-2.64,106.11,,,
1901,21.95,46.97,-2.52,0,0,0,-1.05,-5.32,13.46,37.66,-7.22,4.4,111.16,-2.82,108.34,,,
1911,14.45,45.56,2.3,0,0.02,0,0.4,-5.82,15.36,39.2,-7.42,4.44,111.46,-2.98,108.48,,,
1921,13.21,56.22,-1.64,0,0.03,0,2.02,-5.52,13.08,37.72,-7.56,4.44,115.12,-3.12,112,,,
1931,14.83,48.5,-0.01,0,0.02,0,6.83,-5.67,15.65,38.45,-6.64,4.44,118.59,-2.2,116.39,,,
1941,15.13,52.06,-0.46,0,0.04,0,-1.99,-4.5,13.69,36.35,-7.28,4.43,110.32,-2.85,107.47,,,
1951,17.07,60.64,0,0,0.02,0,-1.44,-5.84,15.37,39.01,-7.01,4.42,124.82,-2.59,122.23,,,
1961,13.9,44.03,-0.32,0,0.08,0,-1.91,-5.02,14.35,37.08,-7.33,4.44,102.18,-2.89,99.29,,,
1971,15.74,53.91,-2.12,0,0.01,0,-0.08,-6.12,13.56,39.17,-7.16,4.38,114.08,-2.78,111.29,,,
1981,15.68,48.03,-1.06,0,0.04,0,1.42,-5.57,14.96,37.97,-7.59,4.39,111.47,-3.21,108.26,,,
1991,11,45.1,-0.24,0,0.03,0,0.32,-5.35,13.94,38.13,-7.2,4.39,102.94,-2.81,100.13,,,
2001,11,47.46,-0.07,0,0.06,0,0.77,-4.84,15.82,37.23,-7.01,4.37,107.43,-2.64,104.79,,,
2011,10.37,55.85,-0.16,0,0.07,0,-0.58,-5.64,12.8,37.59,-7.64,4.4,110.29,-3.25,107.04,,,
2021,15.33,50.88,-2.96,0,0.01,0,1.87,-4.81,16.57,37.03,-7.09,4.43,113.93,-2.66,111.27,,,
2031,14.38,47.1,-2.42,0,0.01,0,-0.9,-5.06,14.62,37.65,-7.09,4.38,105.38,-2.71,102.67,,,
2041,9.97,45.97,0.11,0,0.02,0,-0.19,-5.84,17.35,38.86,-7.11,4.37,106.25,-2.74,103.51,,,
2051,9.52,48.64,2.83,0,0.04,0,2.72,-5.75,12.38,38.85,-7.33,4.37,109.23,-2.97,106.26,,,
2061,17.14,50.59,0.04,0,0.01,0,-2.52,-5.78,13.05,38.34,-7.23,4.38,110.87,-2.85,108.02,,,
2071,12.5,41.37,0.39,0,0.03,0,4.39,-6,13.9,38.16,-7.56,4.36,104.74,-3.2,101.54,,,
2081,10.24,46.99,-1.84,0,0.01,0,1.78,-5.86,15.8,37.97,-7.62,4.37,105.08,-3.25,101.83,,,
2091,11.35,45.57,-1.58,0,0.05,0,0.48,-5.34,14.04,37.54,-7.38,4.34,102.11,-3.04,99.07,,,
2101,13.22,50.16,-0.19,0,0.03,0,-0.05,-5.53,13.36,38.27,-7.02,4.4,109.27,-2.62,106.65,,,
2111,7.67,43.98,0.77,0,0.03,0,4.13,-5.65,16.06,38.15,-7.52,4.39,105.14,-3.13,102.01,,,
2121,9.64,51.93,-2.28,0,0.03,0,-1.38,-4.52,15.87,36.33,-7.15,4.39,105.62,-2.77,102.85,,,
2131,14.51,51.46,-2,0,0.03,0,1.76,-5.51,13.77,38.48,-7.61,4.37,112.49,-3.24,109.25,,,
2141,16.73,50.92,-2.53,0,0.03,0,3.46,-5.5,14.98,37.93,-6.97,4.37,116.02,-2.59,113.43,,,
2151,9.24,41.86,-1.8,0,0.04,0,1.29,-5.38,13.79,37.59,-7.69,4.4,96.62,-3.29,93.32,,,
2161,12.47,48.36,-0.27,0,0.04,0,0.66,-4.77,14.41,37.22,-7.2,4.37,108.11,-2.82,105.29,,,
2171,12.56,48.4,-0.29,0,0.05,0,-4.4,-5.37,17.63,38.25,-6.37,4.43,106.83,-1.94,104.89,,,
2181,12.69,48.69,-3.02,0,0.01,0,1.57,-6.02,14.42,38.91,-7.48,4.39,107.25,-3.09,104.16,,,
2191,11.88,49.16,-0.83,0,0.03,0,-1.54,-4.75,14.21,37.13,-7.31,4.42,105.29,-2.89,102.4,,,
2201,13.19,47.64,2.34,0,0.02,0,-0.24,-5.83,13.98,38.89,-7.5,4.41,109.98,-3.09,106.89,,,
2211,16.63,45.33,0.02,0,0.03,0,0.12,-5.59,12.55,38.28,-7.74,4.36,107.36,-3.38,103.99,,,
2221,11.18,56.04,2.27,0,0,0,1.58,-5.14,17.24,37.99,-7.22,4.38,121.17,-2.83,118.34,,,
2231,12.31,46.47,4.77,0,0.03,0,-1.62,-5.45,16.04,38.41,-6.66,4.32,110.96,-2.34,108.62,,,
2241,16.94,47.84,0.87,0,0.02,0,4.38,-4.58,12.56,36.79,-7.26,4.37,114.82,-2.9,111.92,,,
2251,12.72,56.66,-3.05,0,0.01,0,-1.75,-5.41,14.05,37.05,-7.59,4.39,110.28,-3.2,107.08,,,
2261,12.1,51.72,-1.35,0,0.02,0,2.24,-5.54,13.95,37.68,-7.09,4.39,110.81,-2.71,108.1,,,
2271,16.33,51.23,-0.27,0,0.03,0,2.77,-5.29,13.44,37.7,-7.36,4.38,115.93,-2.97,112.95,,,
2281,13,61.81,-1.11,0,0.03,0,-1.57,-5.31,16.07,37.62,-7.22,4.35,120.54,-2.86,117.68,,,
2291,10.91,52.28,0.32,0,0.01,0,2.19,-4.85,12.92,36.96,-7.16,4.33,110.75,-2.83,107.92,,,
2301,9.91,46.26,-0.32,0,0.03,0,8.36,-4.64,16.66,36.98,-6.9,4.34,113.23,-2.56,110.67,,,
2311,13.44,51.65,-1.59,0,0.02,0,3.35,-5.69,15.64,38.76,-7.39,4.38,115.6,-3.01,112.59,,,
2321,12,48.63,-4.1,0,0.02,0,-0.7,-4.49,13.97,36.76,-6.97,4.39,102.08,-2.58,99.5,,,
2331,14.3,48.68,0.56,0,0.05,0,3.18,-5.14,15.46,38.05,-7.55,4.38,115.14,-3.17,111.96,,,
2341,13.03,40.61,-0.27,0,0.02,0,2.81,-5.43,14.29,38.35,-7.08,4.33,103.41,-2.74,100.67,,,
2351,13.24,48.75,-1.43,0,0.03,0,2.4,-4.72,14.53,37.47,-7.02,4.36,110.27,-2.66,107.61,,,
2361,10.83,47.98,1.13,0,0.03,0,3.13,-5.57,15.86,38.11,-7.27,4.38,111.51,-2.9,108.61,,,
2371,10.27,50.15,-2.76,0,0.01,0,0.39,-5.09,15.18,38.06,-7.18,4.37,106.21,-2.81,103.4,,,
2381,10.79,51.08,0.45,0,0.04,0,-1.23,-4.24,16.32,36.26,-6.96,4.4,109.48,-2.56,106.92,,,
2391,10.52,51.66,0.13,0,0.03,0,3.47,-4.88,15.92,36.95,-7.25,4.4,113.8,-2.85,110.95,,,
2401,19.68,52.56,1.4,0,0.01,0,-1.3,-5.06,13.17,37.52,-7.55,4.34,117.99,-3.21,114.78,,,
2411,18.67,45.01,-1.74,0,0.04,0,0.36,-4.47,14.23,35.89,-7.17,4.41,108,-2.76,105.23,,,
2421,11.36,52.44,1.06,0,0.04,0,-0.46,-5.9,13.79,38.77,-7.21,4.42,111.11,-2.8,108.31,,,
2431,23.6,54.76,4.1,0,0.04,0,-0.99,-5.44,14.38,38.03,-7.44,4.43,128.48,-3.01,125.46,,,
2441,12.4,52.93,0.36,0,0.04,0,-2.46,-5.59,13.53,38.73,-7.33,4.43,109.95,-2.89,107.05,,,
2451,12.57,53.32,0.57,0,0.04,0,0.62,-4.65,13.29,36.89,-7.38,4.4,112.66,-2.99,109.67,,,
2461,14.56,47.7,0.3,0,0.04,0,1.87,-5.58,13.39,38.42,-7.29,4.44,110.71,-2.85,107.86,,,
2471,13.76,45.93,-1.83,0,0.01,0,3.32,-5.14,14.8,37.4,-7.07,4.32,108.26,-2.74,105.51,,,
2481,17.19,45.2,-1.69,0,0.03,0,1.94,-5.82,15.43,38.04,-7.26,4.37,110.32,-2.89,107.44,,,
2491,10.09,46.38,-1.99,0,0.03,0,-1.7,-5.63,15.11,38.29,-6.73,4.35,100.59,-2.38,98.21,,,
2501,10.68,57.19,-1.68,0,0.01,0,0.4,-4.99,14.99,36.81,-7.4,4.46,113.41,-2.93,110.48,,,
2511,14.28,49.46,-3.04,0,0.02,0,2.85,-4.66,14.58,36.76,-6.75,4.41,110.26,-2.34,107.92,,,
2521,7.36,51.6,0.89,0,0.02,0,1.6,-6.39,12.73,39.04,-7.48,4.42,106.85,-3.05,103.8,,,
2531,13.2,42.37,2.32,0,0.05,0,2.42,-5.16,14.15,37.56,-7.08,4.37,106.89,-2.71,104.18,,,
2541,13.67,54.87,-2.56,0,0.03,0,-2.65,-5.51,12.74,38.31,-7.6,4.44,108.92,-3.16,105.76,,,
2551,13.66,49.16,-0.94,0,0.01,0,0.69,-5.7,14.15,38.05,-7.04,4.41,109.08,-2.62,106.46,,,
2561,10.95,40.32,-2.71,0,0,0,1.24,-5.39,14.6,37.63,-6.96,4.37,96.64,-2.59,94.05,,,
2571,16.81,42.28,-2.48,0,0.02,0,0.91,-4.85,12.24,37.78,-6.7,4.35,102.72,-2.35,100.37,,,
2581,22.55,45.26,1.8,0,0.01,0,2.22,-5.55,16.63,38.24,-7.43,4.37,121.15,-3.06,118.1,,,
2591,8.95,51.72,-0.85,0,0.01,0,2.34,-5.96,16.02,38.7,-7.19,4.36,110.93,-2.82,108.11,,,
2601,13.42,46.17,-2.96,0,0.03,0,2.27,-4.64,13.22,36.94,-6.97,4.4,104.46,-2.58,101.88,,,
2611,9.59,57.9,1.59,0,0.06,0,-2.12,-5.67,13.93,38.18,-7.56,4.42,113.46,-3.15,110.32,,,
2621,16.21,52.97,-1.88,0,0.02,0,0.91,-5.64,14.28,38.29,-7.58,4.39,115.16,-3.19,111.97,,,
2631,15.48,50.43,-0.62,0,0.03,0,-3.81,-6.18,14.02,39.59,-7.23,4.37,108.94,-2.86,106.08,,,
2641,18.93,53.08,-4.01,0,0.01,0,-2.59,-5.5,15.06,37.84,-7.41,4.41,112.82,-2.99,109.82,,,
2651,12.93,47.16,-1.83,0,0.02,0,6.84,-4.52,18.13,36.71,-7.11,4.37,115.44,-2.73,112.7,,,
2661,11.47,45.97,-3,0,0.01,0,1.36,-5.11,13.37,37.39,-7.4,4.35,101.45,-3.04,98.41,,,
2671,15.16,40.94,0.83,0,0.05,0,0.35,-5.12,16.56,37.17,-7.25,4.38,105.96,-2.87,103.09,,,
2681,12.71,46.21,-0.7,0,0.02,0,1.81,-5.45,14.9,38.61,-6.78,4.37,108.11,-2.41,105.7,,,
2691,17.97,46.77,-1.73,0,0.03,0,-1.33,-4.7,14.32,37.39,-6.74,4.34,108.72,-2.4,106.32,,,
2701,11.49,41.92,-2.95,0,0.01,0,4.83,-5.26,13.29,38.01,-7.09,4.37,101.32,-2.72,98.6,,,
2711,14.04,45.08,-1.44,0,0.02,0,-0.87,-4.59,15.48,36.17,-6.98,4.44,103.9,-2.54,101.36,,,
2721,14.9,44.2,0.94,0,0.02,0,0.04,-5.51,13.19,38.05,-7.4,4.44,105.83,-2.97,102.86,,,
2731,8.05,52.95,-3.8,0,0.02,0,-1.36,-5.73,15.11,38.46,-7.59,4.42,103.7,-3.16,100.53,,,
2741,12.05,51.87,0.79,0,0.01,0,3.15,-6.22,15.52,39.36,-7.53,4.42,116.51,-3.11,113.4,,,
2751,13.64,53.54,-4.82,0,0,0,1.15,-5.93,14.22,38.62,-7.2,4.34,110.43,-2.85,107.58,,,
2761,16.29,51.95,-0.77,0,0.02,0,-1.45,-4.73,15.27,36.84,-7.08,4.33,113.4,-2.75,110.65,,,
2771,12.14,50.01,-1.81,0,0.01,0,2.66,-5.73,15.51,37.75,-7.52,4.41,110.55,-3.11,107.44,,,
2781,11.31,55.92,-0.81,0,0.03,0,-0.43,-4.49,14.36,36.92,-7.02,4.43,112.8,-2.59,110.21,,,
2791,14.05,55.4,-2.72,0,0.02,0,1.72,-6.24,14.98,39.26,-7.01,4.36,116.46,-2.65,113.81,,,
2801,16.7,53.09,1.89,0,0.02,0,1.88,-5.93,15.14,38.64,-7.7,4.36,121.41,-3.34,118.07,,,
2811,12.97,49.31,0.1,0,0.07,0,0.98,-4.56,16.06,36.35,-7.32,4.36,111.28,-2.96,108.32,,,
2821,13.07,51.78,-2.14,0,0,0,0.83,-6.05,14.79,38.87,-7.34,4.38,111.15,-2.96,108.19,,,
2831,19.81,43.09,-0.46,0,0.04,0,-2.44,-5.46,12.46,38.03,-7.62,4.42,105.07,-3.2,101.87,,,
2841,12.45,52.3,-1.3,0,0.01,0,0.28,-5.89,14.28,38.33,-7.46,4.34,110.46,-3.12,107.34,,,
2851,14.06,53.99,-3.65,0,0.02,0,-1.46,-5.87,14.69,39.09,-6.96,4.38,110.89,-2.58,108.3,,,
2861,14.31,47.89,-1.07,0,0.01,0,-0.38,-4.91,12.82,36.56,-7.55,4.42,105.25,-3.14,102.11,,,
2871,15.52,54.98,1.97,0,0.02,0,0.19,-6.5,14.4,39.52,-7.31,4.36,120.11,-2.95,117.16,,,
2881,17.4,53.33,4.32,0,0.14,0,-1.45,-4.87,16.41,37.35,-7.29,4.41,122.63,-2.88,119.75,,,
2891,14.39,57.1,-1.49,0,0.02,0,3.99,-6.21,14.87,39.09,-7.4,4.31,121.76,-3.09,118.67,,,
2901,12.94,53.8,-1.3,0,0.02,0,-3.22,-4.59,12.36,36.83,-7.03,4.4,106.83,-2.63,104.2,,,
2911,13.24,47.73,-1.16,0,0.04,0,0.88,-5.11,14.6,37.62,-7.46,4.4,107.84,-3.06,104.79,,,
2921,13.74,45.95,2.11,0,0.04,0,2.52,-4.75,16.05,36.69,-6.93,4.42,112.34,-2.51,109.83,,,
2931,13.17,44.32,-1,0,0.02,0,0.99,-4.67,12.09,36.51,-7.43,4.34,101.44,-3.09,98.35,,,
2941,16.55,47.54,0.88,0,0.01,0,1.74,-5.55,14.06,38.16,-7.28,4.38,113.39,-2.89,110.5,,,
2951,16.11,49.94,-0.95,0,0.03,0,-0.41,-5.99,13.54,38.68,-7.22,4.38,110.94,-2.84,108.1,,,
2961,14.73,46.18,-1.22,0,0.05,0,-0.21,-5.82,15.04,38.49,-6.9,4.34,107.24,-2.56,104.68,,,
2971,13.4,50.41,-2.83,0,0,0,-0.71,-4.66,14.82,37.62,-6.47,4.37,108.07,-2.1,105.97,,,
2981,15.88,48.82,-1.97,0,0.02,0,0.14,-5.61,12.16,37.62,-7.52,4.44,107.05,-3.09,103.97,,,
2991,19.96,50.71,-1.43,0,0.02,0,0.86,-4.42,11.65,36.03,-7.51,4.4,113.37,-3.11,110.26,,,
3001,12.53,46.08,1.36,0,0.03,0,0.23,-5.27,14.73,37.06,-7.39,4.37,106.75,-3.03,103.72,,,
3011,12.51,55.75,-2.36,0,0.01,0,0.33,-5.66,17.15,38.78,-7.16,4.44,116.51,-2.72,113.79,,,
3021,16.96,47.93,-2.2,0,0.01,0,4.36,-5.12,15.17,37.3,-7.77,4.4,114.41,-3.36,111.05,,,
3031,11.46,51.96,-0.39,0,0.04,0,1.96,-4.63,13.37,36.71,-7.31,4.42,110.48,-2.89,107.59,,,
3041,14.56,64.23,2.13,0,0.04,0,-2.95,-5.61,12.48,37.55,-7.44,4.4,122.44,-3.03,119.4,,,
3051,9.15,46.49,0.06,0,0.01,0,3.83,-5.34,15.26,38.32,-7.15,4.37,107.78,-2.78,105.01,,,
3061,11.29,47.7,-1.06,0,0.01,0,-0.84,-5.24,14.3,37.95,-7.27,4.44,104.12,-2.84,101.28,,,
3071,19.35,52.96,2.14,0,0.01,0,-2.15,-5.66,17.02,37.91,-7.23,4.34,121.56,-2.89,118.68,,,
3081,13.64,47.03,-1.95,0,0.02,0,-0.25,-5.15,13.96,37.51,-7.24,4.36,104.81,-2.88,101.94,,,
3091,13.43,50.36,-3.11,0,0,0,1.33,-5.57,13.54,38.32,-7.11,4.39,108.3,-2.72,105.57,,,
3101,16.19,59.47,-1.25,0,0.02,0,2.36,-5.97,11.6,38.6,-7.65,4.39,121.03,-3.25,117.78,,,
3111,18.08,52.57,0.17,0,0.02,0,0.82,-5.64,14.38,38.17,-7.76,4.38,118.57,-3.38,115.19,,,
3121,16.19,48.18,-3.2,0,0.01,0,0.51,-5.5,14.33,38.19,-7.14,4.4,108.71,-2.75,105.96,,,
3131,13.57,49.69,-1.11,0,0.01,0,0.63,-5.49,14.8,37.57,-7.32,4.35,109.67,-2.97,106.7,,,
3141,11.17,64.37,-0.64,0,0.02,0,3.69,-5.1,13.74,37.57,-7.09,4.42,124.81,-2.67,122.14,,,
3151,8.58,56.56,-1.96,0,0.01,0,-1.73,-5.39,14.1,38.13,-7.29,4.43,108.3,-2.86,105.44,,,
3161,16.69,46.84,3.29,0,0.01,0,3.92,-4.52,17.59,36.49,-6.75,4.39,120.3,-2.35,117.94,,,
3171,16.83,54.59,0.13,0,0.07,0,1.9,-5.46,14.88,37.81,-7.22,4.41,120.75,-2.82,117.94,,,
3181,12.34,47,1.04,0,0.06,0,0.43,-5.18,13.58,37.62,-7.48,4.44,106.89,-3.04,103.85,,,
3191,12.82,50.81,2.7,0,0.03,0,-0.36,-5.95,13.13,38.52,-7.87,4.47,111.7,-3.4,108.3,,,
3201,15.87,42.17,-0.03,0,0.01,0,-2.64,-4.87,12.76,37.38,-7.19,4.41,100.64,-2.78,97.87,,,
3211,13,48.71,-3.72,0,0.01,0,0.46,-5.45,12.32,37.53,-7.81,4.41,102.86,-3.4,99.47,,,
3221,14.57,47.13,-0.28,0,0.03,0,1.56,-4.65,13.01,36.31,-7.81,4.42,107.68,-3.39,104.29,,,
3231,11.53,48.17,-2.81,0,0.01,0,2.21,-5.34,15.97,37.5,-7.52,4.42,107.24,-3.1,104.13,,,
3241,13.85,43.91,1.22,0,0.04,0,-0.28,-5.5,14.47,38.31,-6.89,4.36,106.02,-2.53,103.49,,,
3251,9.32,41.29,-0.23,0,0.01,0,0.73,-5.87,14.84,38.95,-7.24,4.39,99.03,-2.85,96.18,,,
3261,13.67,43.26,1.11,0,0.03,0,-1.19,-6.12,14.22,39.19,-6.83,4.34,104.16,-2.49,101.68,,,
3271,18.31,41.42,4.42,0,0.04,0,-0.79,-5.78,13.32,38.37,-7.5,4.36,109.3,-3.14,106.16,,,
3281,19.23,55.32,0.08,0,0.02,0,-3.61,-4.87,13.27,36.71,-7.62,4.36,116.17,-3.27,112.9,,,
3291,13.58,43.4,-0.54,0,0.03,0,1.22,-5.74,15.46,38.35,-7.14,4.39,105.76,-2.75,103.01,,,
3301,16.92,48.67,-2.06,0,0.03,0,0.23,-5.53,11.89,37.92,-7.47,4.4,108.07,-3.07,105,,,
3311,17.82,43.71,-0.97,0,0,0,-1.09,-6.09,14.36,38.61,-7.76,4.37,106.36,-3.39,102.97,,,
3321,12.28,50.74,-1.79,0,0.03,0,-2.72,-5.94,14.93,38.82,-7.24,4.4,106.34,-2.84,103.5,,,
3331,16.24,45.01,-1.17,0,0.02,0,4.19,-5.66,16.7,38.53,-6.96,4.41,113.85,-2.55,111.29,,,
3341,13.24,41.08,-0.05,0,0.01,0,3.29,-4.79,16,37.12,-6.77,4.41,105.89,-2.36,103.53,,,
3351,13.65,45.9,0.93,0,0.03,0,0.7,-5.49,12.85,38,-7.85,4.37,106.57,-3.47,103.1,,,
3361,13.58,50.14,-0.58,0,0,0,1.88,-5.03,13.45,36.99,-7.6,4.35,110.44,-3.25,107.19,,,
3371,12.39,45.39,-0.2,0,0.01,0,-1,-5.5,13.98,37.86,-7.52,4.38,102.92,-3.14,99.78,,,
3381,13.79,45.99,-2.2,0,0.05,0,4.34,-5.69,15.54,38.15,-6.81,4.36,109.97,-2.45,107.52,,,
3391,8.83,41.36,-0.72,0,0.01,0,-0.28,-4.8,15.21,36.83,-6.82,4.37,96.44,-2.45,93.99,,,
3401,12.51,51.86,-2,0,0.02,0,-0.69,-4.76,16.54,36.62,-6.79,4.38,110.11,-2.41,107.7,,,
3411,11.01,53.08,0.45,0,0.03,0,-3.8,-4.73,13.08,36.98,-7.24,4.35,106.08,-2.89,103.19,,,
3421,16.76,49.58,0.94,0,0.01,0,-0.06,-4.58,13.26,36.49,-7.33,4.42,112.41,-2.92,109.49,,,
3431,13.93,49.61,-1.35,0,0.02,0,0.15,-5.77,14.28,38.9,-6.8,4.39,109.77,-2.41,107.36,,,
3441,15.57,46.43,-2.14,0,0.01,0,-1.51,-5.69,15.36,38.32,-7.74,4.4,106.35,-3.34,103.01,,,
3451,13.94,43.14,-1.7,0,0.03,0,-0.3,-5.92,12.86,38.7,-7.3,4.37,100.75,-2.93,97.82,,,
3461,13,54.36,0.07,0,0.02,0,-0.48,-5.28,15.6,37.48,-7.6,4.4,114.77,-3.2,111.57,,,
3471,13.22,47.59,-0.04,0,0.03,0,-0.05,-5.12,14.23,37.83,-7.16,4.37,107.67,-2.79,104.89,,,
3481,15.98,54.14,-1.62,0,0.03,0,0.54,-5.76,16.54,38.18,-7.74,4.39,118.03,-3.34,114.69,,,
3491,16.87,46.06,1.38,0,0.07,0,1.06,-5.85,16.44,38.42,-7.68,4.35,114.44,-3.33,111.12,,,
3501,15.19,50.65,-1.37,0,0.02,0,-0.82,-5.75,14.92,38.34,-7.1,4.42,111.17,-2.68,108.5,,,
3511,16.86,43.94,2.82,0,0.04,0,-0.24,-5.92,13.61,38.63,-7.39,4.33,109.75,-3.06,106.69,,,
3521,16.68,61.76,0.26,0,0.04,0,-3.9,-4.4,13.97,36.27,-7.56,4.37,120.69,-3.19,117.49,,,
3531,11.68,55.81,-0.58,0,0.02,0,-2.92,-5.85,12.96,38.38,-7.59,4.41,109.5,-3.18,106.31,,,
3541,13.9,48.58,0.35,0,0.02,0,-0.68,-5.37,14.89,37.79,-7.32,4.36,109.47,-2.96,106.5,,,
3551,13.11,46.73,1.93,0,0.01,0,0.27,-5.46,16.75,37.65,-7.57,4.37,110.99,-3.2,107.8,,,
3561,11.83,50.12,0.18,0,0.01,0,-1.05,-5.89,11.5,38.35,-7.26,4.36,105.05,-2.9,102.15,,,
3571,14.68,47.59,-0.52,0,0.02,0,3.56,-5.63,13.87,38.34,-7.45,4.4,111.9,-3.04,108.85,,,
3581,15.48,45.97,-1.14,0,0.01,0,4.05,-5.41,13.7,37.78,-7.43,4.4,110.44,-3.03,107.41,,,
3591,13.36,51.96,-1.95,0,0.02,0,3.07,-4.75,16.06,36.88,-7.07,4.35,114.65,-2.71,111.94,,,
3601,15.91,54.33,0.06,0,0.02,0,-0.81,-4.67,13.33,36.68,-7.06,4.39,114.84,-2.67,112.17,,,
3611,19.27,43.54,-3.01,0,0,0,-1.52,-4.9,11.14,36.9,-7.82,4.38,101.42,-3.44,97.98,,,
3621,15.44,48.07,-2.36,0,0.02,0,7.96,-4.56,13.09,36.18,-7.23,4.37,113.84,-2.86,110.98,,,
3631,14.92,52.09,0.8,0,0.02,0,-2.58,-6.02,14.31,39.11,-6.88,4.44,112.64,-2.44,110.2,,,
3641,17.75,46.01,-1.8,0,0.01,0,0.56,-5.3,13.87,37.08,-7.63,4.36,108.19,-3.27,104.92,,,
3651,13.58,50,-1.21,0,0.03,0,-0.23,-4.73,14.19,36.72,-7.85,4.38,108.34,-3.47,104.87,,,
3661,13.82,50.34,-0.16,0,0.03,0,-0.25,-4.57,11.59,36.34,-7.34,4.38,107.13,-2.96,104.17,,,
3671,12.28,49.39,-2.56,0,0.01,0,2.25,-5.54,11.45,38.68,-8.01,4.42,105.96,-3.6,102.37,,,
3681,15.44,44.75,0.55,0,0.02,0,-0.95,-4.66,14.5,36.67,-7.17,4.41,106.32,-2.76,103.56,,,
3691,13.75,54.56,-0.5,0,0.05,0,2.02,-5.65,11.99,38.47,-7.66,4.34,114.69,-3.32,111.37,,,
3701,15.1,49.92,-0.47,0,0.02,0,2.17,-4.83,14.45,36.44,-7.44,4.32,112.81,-3.12,109.69,,,
3711,11.57,43.44,0.45,0,0.04,0,-0.69,-5.2,13.11,37.25,-7.39,4.41,99.96,-2.98,96.98,,,
3721,20.32,39.83,2.57,0,0.03,0,0.49,-4.97,12.73,37.01,-6.96,4.34,108,-2.62,105.38,,,
3731,14.67,54.87,1.9,0,0.03,0,-1.96,-4.42,13.98,36.16,-7.28,4.4,115.23,-2.88,112.35,,,
3741,12.47,56.67,-1.46,0,0.02,0,3.76,-5.89,16.05,38.33,-7.34,4.39,119.94,-2.96,116.98,,,
3751,19.62,45.68,-2.55,0,0.01,0,-2.34,-5.04,12.11,37.26,-7.63,4.47,104.75,-3.16,101.59,,,
3761,14,54.45,0.93,0,0.01,0,-1.15,-5.89,13.52,39.06,-7.75,4.36,114.92,-3.4,111.53,,,
3771,11.4,51.94,0.95,0,0.06,0,0.29,-5.8,16.3,38.86,-7.48,4.34,114,-3.13,110.86,,,
3781,14.67,51.8,-0.37,0,0.02,0,-1.88,-5.62,16.13,38,-6.92,4.39,112.74,-2.53,110.21,,,
3791,13.32,49.6,-1.23,0,0.02,0,-2.55,-5.72,13,39,-7.19,4.45,105.44,-2.74,102.7,,,
3801,12.3,50.63,-2.57,0,0.02,0,2.16,-4.66,14.81,37.3,-6.56,4.37,109.99,-2.19,107.8,,,
3811,13.04,46.74,-0.11,0,0.02,0,1.39,-5.63,14.91,37.72,-7.41,4.38,108.09,-3.03,105.06,,,
3821,13.66,54.09,-2.23,0,0.02,0,4.3,-5.33,15.54,37.45,-7.09,4.4,117.51,-2.68,114.83,,,
3831,14.56,43.21,-2.27,0,0.04,0,1.5,-4.52,14.5,37.06,-6.96,4.45,104.09,-2.52,101.58,,,
3841,9.03,39.88,-1.15,0,0.02,0,1.23,-5.53,15.95,38.21,-7.37,4.39,97.64,-2.98,94.66,,,
3851,15.13,40.96,0.81,0,0.04,0,0.98,-4.8,13.02,36.63,-7.58,4.43,102.77,-3.15,99.62,,,
3861,10.07,46.81,-1.52,0,0.03,0,-1.1,-5.06,13.86,37.6,-7.37,4.42,100.69,-2.96,97.74,,,
3871,8.37,51.13,-2.08,0,0.03,0,-0.78,-5.11,12.75,37.72,-7.32,4.43,102.03,-2.89,99.14,,,
3881,13.14,54.82,2.59,0,0.01,0,4.53,-4.92,13.91,37.48,-6.96,4.34,121.55,-2.62,118.93,,,
3891,17.26,53.54,3.4,0,0.04,0,0.21,-5.45,12.86,37.23,-8.19,4.49,119.08,-3.7,115.38,,,
3901,13.64,51.67,-0.29,0,0.03,0,-2.43,-5.31,14.64,38.13,-7.18,4.46,110.08,-2.73,107.36,,,
3911,13.19,48.94,-3.4,0,0,0,12.24,-5.57,13.65,37.9,-7.68,4.46,116.96,-3.22,113.74,,,
3921,12.85,55.07,-3.06,0,0.05,0,3.02,-4.56,12.55,36.77,-7.38,4.36,112.7,-3.02,109.68,,,
3931,14.57,49.27,-1.91,0,0.03,0,1.19,-5,12.18,36.52,-7.61,4.44,106.86,-3.17,103.69,,,
3941,17.9,48.06,-3.18,0,0.02,0,1.39,-4.79,11.97,36.67,-6.76,4.4,108.04,-2.36,105.68,,,
3951,12.45,46.39,-0.03,0,0.05,0,2.72,-5.79,14.66,38.46,-7.19,4.36,108.91,-2.83,106.09,,,
3961,15.35,51.14,2.58,0,0.08,0,1.53,-4.96,13.81,37.07,-7.58,4.38,116.62,-3.2,113.42,,,
3971,11.92,50.27,2.71,0,0.07,0,5.82,-4.92,14.41,37.09,-7.08,4.35,117.36,-2.73,114.63,,,
3981,13.8,57.39,-1.52,0,0.01,0,0.69,-4.64,16.26,36.33,-7.11,4.39,118.33,-2.72,115.61,,,
3991,19.42,56.54,-1.62,0,0.03,0,4.71,-5.58,15.33,38.08,-7.26,4.35,126.91,-2.91,124,,,
4001,14.67,47.95,-2.19,0,0.03,0,-1.12,-5.39,14.28,37.96,-7.14,4.4,106.18,-2.74,103.44,,,
4011,10.26,44.05,-0.55,0,0,0,0.64,-5.34,13.22,37.92,-7.17,4.4,100.2,-2.77,97.43,,,
4021,13.36,47.95,-1.94,0,0.02,0,0.37,-5.56,13.79,38.61,-6.97,4.41,106.59,-2.56,104.03,,,
4031,15.09,49.81,0.68,0,0.06,0,-1.3,-4.95,12.57,36.93,-7.02,4.41,108.88,-2.61,106.27,,,
4041,17.21,47.8,1.06,0,0.01,0,-2.47,-5.22,13.72,37.98,-7.59,4.4,110.1,-3.19,106.91,,,
4051,15.57,45.01,-1.99,0,0,0,0.42,-5.84,12.4,38.4,-7.81,4.4,103.97,-3.42,100.56,,,
4061,12.75,51.27,0.42,0,0.03,0,3.33,-4.75,15.42,36.82,-7.16,4.38,115.31,-2.77,112.53,,,
4071,15.1,52.41,-1.35,0,0.01,0,2.92,-4.67,14.18,36.96,-7.36,4.37,115.56,-2.98,112.58,,,
4081,16.25,50.03,1.16,0,0.05,0,-0.07,-5.87,13.11,38.84,-7.39,4.37,113.5,-3.02,110.48,,,
4091,12.99,57.51,1.44,0,0.09,0,4.65,-4.81,14.15,36.65,-7.17,4.42,122.67,-2.75,119.92,,,
4101,13.44,51.06,-2.58,0,0.03,0,2.43,-5.76,12.52,38.07,-7.68,4.44,109.21,-3.24,105.97,,,
4111,12.28,55.96,-3.88,0,0.02,0,-3.21,-4.53,13.43,36.66,-7.01,4.37,106.71,-2.64,104.07,,,
4121,11.77,47.99,0.38,0,0.07,0,3.79,-5.52,13.24,38.19,-7.52,4.39,109.89,-3.13,106.76,,,
4131,10.65,44.29,-3.29,0,0.01,0,5.31,-5.33,14.52,37.5,-7.47,4.39,103.65,-3.08,100.57,,,
4141,11.9,54.7,-2.85,0,0.02,0,-1.71,-5.48,14.04,37.75,-7.09,4.4,108.36,-2.69,105.67,,,
4151,13.14,47.19,-4.07,0,0.01,0,2.09,-4.61,14.51,36.97,-7.08,4.37,105.22,-2.72,102.5,,,
4161,15.84,54.8,-2.03,0,0.05,0,3.1,-4.72,13.21,36.53,-7.18,4.37,116.78,-2.81,113.97,,,
4171,12.9,49.97,-4.56,0,0.01,0,7.78,-4.87,15.95,37.44,-6.56,4.4,114.62,-2.17,112.46,,,
4181,13.65,48.33,-4.32,0,0.02,0,3.58,-5.74,12.53,38.1,-7.46,4.42,106.14,-3.03,103.11,,,
4191,11.58,43.88,0.13,0,0.05,0,1.09,-5.13,14.22,37.75,-7.48,4.36,103.57,-3.12,100.45,,,
4201,13.49,53.63,-0.87,0,0.01,0,1.52,-5.01,11.55,37.13,-7.86,4.39,111.45,-3.47,107.99,,,
4211,11.15,51.62,-3.63,0,0.04,0,0.78,-6.01,12.94,39.07,-7.69,4.4,105.96,-3.28,102.68,,,
4221,13.04,46.6,-1.25,0,0.03,0,3.96,-5.1,14.71,37.46,-7.01,4.35,109.44,-2.66,106.78,,,
4231,16.48,54.75,-0.22,0,0.03,0,0.58,-4.54,11.41,36.23,-7.59,4.36,114.73,-3.23,111.5,,,
4241,17.71,53.58,-1.1,0,0.01,0,-1.17,-4.71,12.78,36.86,-7.6,4.39,113.96,-3.2,110.76,,,
4251,14.23,53.19,3.81,0,0.01,0,-0.65,-5.61,12.44,38.18,-7.29,4.35,115.61,-2.94,112.67,,,
4261,13.11,52.1,-3.77,0,0.02,0,-0.3,-4.69,14.68,36.8,-7.07,4.43,107.95,-2.64,105.31,,,
4271,17.04,50.27,-0.83,0,0.01,0,0.36,-5.66,14.14,38.29,-7.29,4.4,113.62,-2.9,110.73,,,
4281,20.02,50.27,-4.42,0,0.03,0,2.94,-5.99,13.33,38.83,-7.77,4.38,115.01,-3.39,111.62,,,
4291,16.75,53.98,0.95,0,0.04,0,-0.33,-4.4,12.98,36.55,-7.17,4.34,116.53,-2.83,113.7,,,
4301,10.97,56.96,-4.75,0,0.09,0,1.29,-5.7,14.45,38.06,-7.86,4.38,111.37,-3.48,107.89,,,
4311,18.78,43.64,1.43,0,0.03,0,1.34,-5.02,13.22,37.01,-7.04,4.37,110.43,-2.67,107.77,,,
4321,14.47,48.57,-2.94,0,0.02,0,2.68,-4.35,12.88,36.17,-7.34,4.39,107.49,-2.95,104.54,,,
4331,12.12,53.33,-0.47,0,0.04,0,4.71,-5.65,13.5,37.97,-7.35,4.33,115.55,-3.02,112.54,,,
4341,15.59,46.92,-3.98,0,0.02,0,0.16,-5.84,11.94,38.22,-7.46,4.41,103.02,-3.04,99.97,,,
4351,16.43,52.73,2.1,0,0.02,0,3.5,-5.12,11.97,37.22,-7.29,4.43,118.85,-2.86,115.99,,,
4361,12.02,55.79,-3.08,0,0.05,0,-0.18,-5.45,15.78,38.2,-7.5,4.48,113.12,-3.03,110.09,,,
4371,11.89,52.52,1.4,0,0.05,0,2.82,-5.05,12.6,36.52,-7.69,4.38,112.75,-3.31,109.44,,,
4381,8.7,46.26,0,0,0.01,0,4.71,-5.62,13.8,38.32,-7,4.38,106.19,-2.62,103.57,,,
4391,16.68,49.56,2.79,0,0.01,0,0.19,-5.68,14.58,38.45,-7.11,4.35,116.6,-2.77,113.83,,,
4401,13.56,51.48,-2.2,0,0.04,0,2.64,-4.59,12.97,36.48,-7.54,4.41,110.39,-3.13,107.26,,,
4411,10.24,52.86,-1.31,0,0.04,0,-0.72,-5.02,16.43,37.58,-7.06,4.39,110.09,-2.67,107.42,,,
4421,15.62,45.88,-1.15,0,0.01,0,1.9,-5.87,13.89,38.72,-7.19,4.42,108.99,-2.76,106.23,,,
4431,12.73,52.35,1.63,0,0.04,0,-2.8,-5.54,13.64,38.06,-7.43,4.39,110.1,-3.04,107.06,,,
4441,12.4,43.14,2.52,0,0.05,0,1.53,-6.36,12.14,39.73,-7.14,4.42,105.15,-2.72,102.42,,,
4451,17.08,49.89,-1.95,0,0.01,0,-0.47,-5.42,14.03,37.54,-7.13,4.39,110.71,-2.75,107.96,,,
4461,16.18,47.16,0.8,0,0.01,0,0.97,-4.77,15.6,36.96,-6.88,4.42,112.91,-2.46,110.44,,,
4471,20.55,49.03,1.47,0,0.03,0,3.47,-5.77,14.29,38.04,-7.51,4.41,121.12,-3.11,118.01,,,
4481,16.97,49.31,-3.2,0,0.07,0,3.44,-4.48,12.71,36.2,-7.56,4.48,111.02,-3.08,107.95,,,
4491,13.73,45.48,1.48,0,0.01,0,0.17,-5.18,15.68,38.08,-6.72,4.37,109.45,-2.35,107.11,,,
4501,7.23,49,-1.11,0,0.04,0,2.59,-4.55,15.91,36.77,-7.18,4.42,105.89,-2.76,103.13,,,
4511,18.5,46.91,-2.89,0,0.03,0,2.82,-4.89,12.72,36.74,-7.57,4.47,109.93,-3.09,106.84,,,
4521,12.83,57.15,-0.54,0,0.02,0,-0.66,-4.99,14.11,37.19,-7.23,4.44,115.11,-2.79,112.32,,,
4531,10.98,53.06,-0.99,0,0.03,0,1.6,-4.54,12.8,36.73,-7.49,4.45,109.67,-3.04,106.63,,,
4541,12.99,54.55,1.69,0,0.03,0,0.61,-4.92,15.7,36.91,-6.99,4.4,117.56,-2.6,114.96,,,
4551,11.89,53.8,2.27,0,0.06,0,1.91,-5.86,16.04,38.83,-7.39,4.41,118.93,-2.98,115.95,,,
4561,12.5,51.2,-1.71,0,0.02,0,-1.89,-4.82,14.08,36.72,-7.36,4.41,106.11,-2.95,103.16,,,
4571,8.44,50.42,1.18,0,0.01,0,3.09,-4.34,17.68,36.15,-6.86,4.41,112.62,-2.45,110.17,,,
4581,6.35,47.59,2.16,0,0.03,0,3.31,-4.66,15.76,36.79,-6.99,4.47,107.34,-2.53,104.81,,,
4591,22.16,41.64,0.48,0,0.03,0,1.27,-5.54,14.76,38.36,-7.38,4.43,113.16,-2.95,110.21,,,
4601,8.92,49.12,0.58,0,0.05,0,-0.39,-5.72,14.41,39.16,-7.32,4.5,106.13,-2.81,103.32,,,
4611,11.25,51.39,-0.25,0,0.02,0,3.01,-5.69,18.75,39.12,-6.75,4.39,117.6,-2.36,115.24,,,
4621,11.59,50.47,-0.58,0,0.01,0,-1,-5.73,13.56,37.98,-7.76,4.45,106.31,-3.31,102.99,,,
4631,10.63,45.51,-0.56,0,0.01,0,2.01,-4.72,14.8,36.86,-7.23,4.39,104.55,-2.84,101.71,,,
4641,10.97,54.15,-3.39,0,0.02,0,0.6,-4.38,13.64,36.76,-6.71,4.44,108.38,-2.27,106.11,,,
4651,15.93,48.55,1.53,0,0.01,0,2.19,-5.18,15.35,37.05,-7.15,4.4,115.44,-2.75,112.69,,,
4661,9.84,46.42,-1.61,0,0.02,0,2,-4.61,13.74,36.09,-7.42,4.39,101.88,-3.04,98.85,,,
4671,22.05,50.04,-1.46,0,0.03,0,1.48,-5.86,13.09,38.27,-7.56,4.47,117.64,-3.08,114.55,,,
4681,18.7,42.21,-2.72,0,0.03,0,4.9,-4.67,12.77,36.7,-7.31,4.37,107.92,-2.94,104.98,,,
4691,15.18,56.25,-2.54,0,0.04,0,1.58,-5.84,11.58,38.44,-7.71,4.43,114.7,-3.28,111.42,,,
4701,14.69,54.47,-2.1,0,0.02,0,3.64,-4.69,14.23,36.58,-6.78,4.42,116.85,-2.36,114.49,,,
4711,13.71,59.41,1.48,0,0.06,0,1.56,-4.49,11.22,36.16,-7.28,4.41,119.12,-2.87,116.25,,,
4721,10.33,54.02,-0.66,0,0,0,4.98,-6.32,15.87,39.15,-7.24,4.43,117.37,-2.81,114.56,,,
4731,15.63,48.27,1.82,0,0.03,0,2.82,-4.57,14.98,36.93,-7.18,4.41,115.89,-2.78,113.12,,,
4741,14.45,57.12,-3.15,0,0.03,0,-1.61,-4.67,11.95,36.4,-7.46,4.42,110.5,-3.04,107.46,,,
4751,21.94,45.42,-2.99,0,0.02,0,1.79,-4.65,12.34,36.25,-7.53,4.39,110.12,-3.14,106.98,,,
4761,24.93,48.84,-0.19,0,0.02,0,1.34,-5.13,12.31,37.18,-7.28,4.36,119.32,-2.93,116.39,,,
4771,9.65,52.37,-0.47,0,0.01,0,2.11,-5.5,14.46,37.45,-7.04,4.39,110.09,-2.65,107.44,,,
4781,15.44,60.13,-2.04,0,0.01,0,-3.66,-6.16,11.74,38.66,-7.11,4.4,114.12,-2.72,111.41,,,
4791,13.92,47.61,-1.14,0,0.01,0,1.6,-5.45,12.54,37.49,-7.79,4.39,106.56,-3.4,103.17,,,
4801,14.04,52.27,0.3,0,0.07,0,-1.53,-5.68,12.7,38.59,-7,4.38,110.76,-2.62,108.13,,,
4811,10.61,47.24,-0.87,0,0.04,0,3.98,-5.23,11.95,37.79,-7.28,4.37,105.52,-2.91,102.62,,,
4821,16.22,55.98,1.32,0,0.02,0,-0.35,-5.5,12.61,38.06,-7.28,4.43,118.37,-2.85,115.52,,,
4831,11.39,51.48,-3.02,0,0.02,0,1.79,-5.3,14.15,37.47,-7.3,4.35,107.98,-2.95,105.03,,,
4841,14.78,52.06,-0.99,0,0.03,0,3.52,-4.67,12.69,36.65,-7.16,4.38,114.08,-2.79,111.3,,,
4851,11.76,51.94,1.53,0,0.04,0,2.67,-5.5,13.3,37.71,-7.77,4.38,113.45,-3.4,110.06,,,
4861,12.14,60.85,0.91,0,0.05,0,2.34,-5.11,14.38,37.24,-7.38,4.43,122.8,-2.95,119.85,,,
4871,13.57,51.17,3.17,0,0.06,0,2.13,-4.74,13.32,36.98,-7.24,4.44,115.67,-2.8,112.87,,,
4881,15.11,52.66,-0.63,0,0.06,0,4.54,-5.97,11.14,38.79,-7.69,4.44,115.7,-3.25,112.45,,,
4891,12.63,61.15,-4.73,0,0.01,0,3.7,-5.81,13.26,38.21,-7.9,4.45,118.42,-3.45,114.97,,,
4901,18.58,54.01,-1,0,0.01,0,1.15,-5.94,12.53,38.74,-7.73,4.43,118.08,-3.3,114.78,,,
4911,13.79,48.08,-1.14,0,0.02,0,2.14,-4.48,12.2,36.09,-7.43,4.43,106.7,-3,103.7,,,
4921,15.59,46.61,0.21,0,0.07,0,3,-5.44,13.06,37.61,-7.76,4.38,110.71,-3.38,107.33,,,
4931,13.64,58.58,-3.61,0,0.02,0,-1.78,-5.64,9.8,37.78,-7.66,4.4,108.78,-3.27,105.51,,,
4941,12.63,49.46,1.67,0,0.03,0,-0.04,-4.5,13.62,36.49,-7.23,4.36,109.35,-2.87,106.48,,,
4951,11.32,57.92,0.82,0,0.02,0,-0.35,-4.9,13.64,37.38,-7.01,4.38,115.84,-2.63,113.21,,,
4961,13.85,56.77,-2.06,0,0.01,0,-1.74,-5.07,14.15,37.55,-6.81,4.4,113.44,-2.41,111.04,,,
4971,15.98,60.92,-0.3,0,0.01,0,1.39,-5.42,11.15,37.63,-7.48,4.43,121.36,-3.05,118.31,,,
4981,17.32,55.6,-0.46,0,0.03,0,0.33,-4.55,13.72,36.83,-7.06,4.39,118.84,-2.67,116.17,,,
4991,12.88,56.59,-1.2,0,0.03,0,5.15,-5.64,13.6,38.61,-7.3,4.35,120.03,-2.95,117.08,,,
5001,14.16,54.71,-0.67,0,0.01,0,-4.11,-4.37,13.09,36.68,-6.75,4.42,109.5,-2.33,107.17,,,
5011,11.88,47.81,-0.27,0,0.04,0,2.11,-5.5,12.24,38.14,-7.12,4.37,106.44,-2.75,103.69,,,
5021,9.44,48.28,-2.78,0,0.01,0,0.39,-5.58,16.8,38.71,-7.05,4.34,105.27,-2.71,102.56,,,
5031,9.82,56.09,3.31,0,0.04,0,-2.35,-5.34,15.76,38.08,-7.08,4.44,115.41,-2.64,112.77,,,
5041,13.27,50.83,1.12,0,0.02,0,-0.33,-5.31,15.23,37.58,-7.45,4.4,112.41,-3.05,109.36,,,
5051,13.02,51.06,4.59,0,0.14,0,2.97,-5.11,14.19,37.66,-7.04,4.42,118.52,-2.62,115.9,,,
5061,11.3,53.96,-1.73,0,0.04,0,-3.16,-5.14,15.49,38.01,-7.45,4.39,108.78,-3.06,105.72,,,
5071,11.87,50.12,-0.16,0,0.04,0,-1.18,-5.61,13.78,38.74,-7.2,4.43,107.59,-2.76,104.82,,,
5081,9.1,51.71,-2.2,0,0.04,0,-1.35,-5.49,15.6,37.91,-7.4,4.4,105.32,-3,102.32,,,
5091,12.7,55.04,-2.12,0,0.01,0,-0.16,-5.47,15.7,38.13,-7.5,4.41,113.84,-3.09,110.75,,,
5101,13.56,48.95,-1.95,0,0.05,0,-0.9,-5.35,13.16,37.64,-7.38,4.43,105.16,-2.95,102.22,,,
5111,12.47,54.78,1.27,0,0.02,0,0.31,-4.64,15.42,36.71,-6.72,4.43,116.34,-2.29,114.05,,,
5121,12.55,56.69,-3.17,0,0.02,0,-2,-4.86,16.45,37.52,-6.96,4.39,113.21,-2.57,110.63,,,
5131,9.11,48.88,-2.77,0,0.01,0,0.14,-4.75,13.8,37.01,-7.38,4.39,101.44,-3,98.44,,,
5141,11.61,53.35,-3.39,0,0.01,0,-0.56,-4.88,16.79,37.41,-7.25,4.41,110.35,-2.83,107.52,,,
5151,12.04,43.9,-3.05,0,0,0,1.78,-5.65,16.23,38.47,-6.92,4.36,103.73,-2.55,101.18,,,
5161,10.03,47.55,-1.71,0,0.01,0,-2.61,-4.85,16.62,37.6,-6.91,4.4,102.63,-2.51,100.12,,,
5171,12.14,57.45,-0.22,0,0.05,0,-0.19,-4.63,13.23,36.5,-7.6,4.41,114.33,-3.19,111.14,,,
5181,17.83,48.44,-0.13,0,0.03,0,-0.84,-4.91,13.97,37.58,-7.05,4.39,111.97,-2.66,109.31,,,
5191,11.48,45.63,-2.5,0,0.02,0,-3.04,-4.82,15.5,37.46,-6.83,4.38,99.73,-2.45,97.28,,,
5201,11.96,60.91,-1.46,0,0.01,0,-1.54,-4.6,13.5,37.03,-6.6,4.44,115.81,-2.15,113.66,,,
5211,13.78,52.64,1.66,0,0.08,0,-1.35,-6.09,14.65,39.26,-7.63,4.43,114.62,-3.19,111.43,,,
5221,18.68,54,0.38,0,0.02,0,-0.94,-4.62,13.75,36.32,-7.39,4.4,117.59,-2.99,114.6,,,
5231,15.07,48.22,-4.45,0,0,0,4.16,-4.83,16.93,37.19,-7.33,4.37,112.29,-2.96,109.33,,,
5241,15.11,48.18,3.89,0,0.05,0,2.06,-4.77,18,36.91,-6.98,4.35,119.44,-2.63,116.8,,,
5251,14.83,49.17,-1.29,0,0.02,0,-1.23,-5.53,14.71,38.16,-7.32,4.41,108.83,-2.92,105.91,,,
5261,14.28,39.18,0.48,0,0.04,0,1.11,-5.73,12.19,38.48,-7.14,4.4,100.03,-2.74,97.29,,,
5271,14.25,54.32,-1.66,0,0.07,0,0.89,-4.5,15.48,36.61,-6.71,4.37,115.46,-2.34,113.12,,,
5281,9.14,48.9,-2.06,0,0.04,0,-0.58,-5.1,14.75,37.55,-7.33,4.4,102.65,-2.93,99.72,,,
5291,10.04,57.72,3.13,0,0.06,0,-3.65,-6.08,13.9,39.19,-7.35,4.44,114.31,-2.91,111.4,,,
5301,17.22,46.05,-0.3,0,0.02,0,0.81,-4.77,15.1,36.72,-7.18,4.37,110.86,-2.81,108.05,,,
5311,17.54,49.43,1.44,0,0.01,0,-1.9,-5.59,14.13,38.09,-7.43,4.45,113.15,-2.98,110.17,,,
5321,15.56,48.5,0.73,0,0.04,0,0.74,-5.48,15.53,38.08,-7.06,4.38,113.69,-2.68,111.01,,,
5331,11.02,59.05,-1.77,0,0.03,0,0.45,-5.17,14.41,37.94,-7.22,4.41,115.94,-2.8,113.14,,,
5341,11.25,53.36,-2.49,0,0,0,-0.64,-5.56,14.2,38.27,-7.41,4.38,108.39,-3.02,105.36,,,
5351,14.96,51.76,0.74,0,0,0,-1.87,-5.93,14.28,39.33,-7.35,4.4,113.27,-2.95,110.32,,,
5361,13.99,55.83,-1.11,0,0.02,0,-2.36,-5.73,16.05,38.99,-7.22,4.42,115.68,-2.81,112.87,,,
5371,9.33,52.72,2.12,0,0.06,0,-1,-4.78,16.01,36.7,-7.31,4.4,111.16,-2.91,108.25,,,
5381,13.85,48.74,0.11,0,0.05,0,-1.52,-4.62,15.02,36.86,-6.99,4.39,108.5,-2.6,105.9,,,
5391,11.56,46.84,-0.4,0,0.06,0,5.39,-5.61,15.08,38.48,-6.97,4.38,111.4,-2.59,108.82,,,
5401,8.46,56.28,-2.35,0,0.01,0,-0.37,-4.85,15.71,37.25,-7.13,4.41,110.13,-2.72,107.41,,,
5411,17.78,47.5,-1.47,0,0.04,0,1.58,-5.29,13.73,37.96,-7.74,4.41,111.83,-3.33,108.49,,,
5421,10.33,52.72,1.59,0,0.07,0,-0.57,-4.62,13.03,37.04,-7.01,4.43,109.6,-2.58,107.02,,,
5431,11.13,48.12,1.55,0,0.04,0,-1.04,-5.47,13.33,38.37,-7.51,4.4,106.03,-3.11,102.92,,,
5441,16.21,57.19,-2.23,0,0.01,0,-1.96,-4.44,13.15,36.47,-7.29,4.45,114.4,-2.84,111.56,,,
5451,13.93,49.64,1.83,0,0.05,0,-1.76,-5.08,14.78,37.11,-7.51,4.38,110.5,-3.13,107.37,,,
5461,11.98,48.09,2.41,0,0.02,0,0.97,-4.94,15.17,37.33,-7.21,4.39,111.03,-2.82,108.21,,,
5471,7.87,53.71,0.43,0,0.02,0,1.31,-4.74,14.43,36.72,-7.24,4.38,109.75,-2.86,106.89,,,
5481,17.68,53.37,0.96,0,0.01,0,-1.96,-6.05,11.18,39.61,-7.47,4.48,114.8,-2.99,111.8,,,
5491,13.62,50.09,-1.28,0,0.04,0,0.46,-5.35,12.92,38.14,-7.28,4.47,108.64,-2.81,105.83,,,
5501,15,53.29,0.47,0,0.01,0,3.01,-4.64,13.39,36.69,-7.29,4.4,117.21,-2.89,114.32,,,
5511,8.66,48.98,-0.81,0,0.02,0,0.07,-5,16.25,37.53,-7.22,4.44,105.7,-2.78,102.93,,,
5521,13.09,52.21,-0.73,0,0.01,0,1.18,-4.37,13.57,36.34,-7.56,4.44,111.3,-3.12,108.18,,,
5531,14.31,55.96,-1.01,0,0.02,0,-1.49,-4.7,13.63,36.5,-7.09,4.45,113.22,-2.64,110.58,,,
5541,14.62,47.35,-0.02,0,0.02,0,1.48,-5.1,13.4,37.74,-7.43,4.4,109.49,-3.03,106.46,,,
5551,12.38,57.81,-0.43,0,0.02,0,-1.95,-4.84,13.03,36.6,-7.97,4.46,112.62,-3.51,109.11,,,
5561,11.05,45.97,-3.14,0,0.02,0,1.45,-4.83,13.35,37.05,-7.1,4.43,100.92,-2.67,98.25,,,
5571,11.97,58.25,-0.67,0,0.02,0,0.25,-4.51,14.72,36.08,-7.14,4.42,116.1,-2.73,113.38,,,
5581,14.69,50.02,0.69,0,0.02,0,-1.12,-5.23,14.47,37.46,-7.19,4.42,111,-2.77,108.24,,,
5591,13.22,62.31,-3.62,0,0.01,0,-0.28,-5.36,11.57,37.54,-7.83,4.42,115.4,-3.41,111.98,,,
5601,12.06,43.81,-1.08,0,0.02,0,2.13,-5.28,13.48,37.54,-6.98,4.38,102.68,-2.6,100.08,,,
5611,11.17,45.77,-1.18,0,0.07,0,1.76,-4.63,13.19,36.45,-7.42,4.41,102.61,-3.01,99.59,,,
5621,11.18,54.8,1.02,0,0.03,0,-3.29,-5.04,12.97,36.97,-7.51,4.42,108.63,-3.08,105.54,,,
5631,18.19,43.77,-1.33,0,0.02,0,1.29,-6,11.72,38.8,-7.74,4.43,106.45,-3.3,103.14,,,
5641,7.86,48.7,0.22,0,0.07,0,2.67,-5.73,16.25,38.58,-6.76,4.37,108.63,-2.38,106.25,,,
5651,10.91,60.88,-0.3,0,0.02,0,5.84,-5.24,14.12,38.3,-7.44,4.39,124.54,-3.05,121.48,,,
5661,11.14,43.77,-0.85,0,0.04,0,0.9,-5.27,12.92,38.17,-7.32,4.46,100.82,-2.86,97.97,,,
5671,12.66,49.44,0.52,0,0.03,0,6.78,-4.96,15.25,37.1,-6.81,4.38,116.83,-2.43,114.39,,,
5681,9.86,44.58,-2.23,0,0.05,0,1.99,-5.42,13.5,37.91,-7.61,4.38,100.22,-3.23,96.98,,,
5691,13.98,49.96,-4.62,0,0.01,0,0.25,-5.48,13.95,38.4,-7.28,4.41,106.45,-2.86,103.59,,,
5701,13.85,51.95,1.71,0,0.03,0,-4.45,-4.85,15.68,37.32,-7.35,4.42,111.24,-2.93,108.3,,,
5711,12.01,45.64,-2.3,0,0.03,0,4.25,-4.68,13.32,36.75,-6.91,4.38,105.02,-2.53,102.49,,,
5721,8.51,53.5,-0.3,0,0.02,0,-1.84,-5.13,14.1,38.04,-7.04,4.42,106.89,-2.62,104.27,,,
5731,12.6,47.59,-0.12,0,0.02,0,4.76,-5.65,16.03,38.9,-6.98,4.4,114.13,-2.58,111.55,,,
5741,10,56.43,-3.25,0,0.02,0,0.12,-4.6,14.95,36.55,-7.15,4.41,110.23,-2.74,107.49,,,
5751,19,45.09,-0.39,0,0.05,0,-0.9,-4.59,14.41,36.8,-7.43,4.43,109.47,-3,106.47,,,
5761,13.67,55.08,2.11,0,0.05,0,-2.18,-4.8,16.89,36.84,-7.14,4.44,117.66,-2.7,114.96,,,
5771,17.06,54.75,-0.26,0,0.03,0,-2.2,-5.22,13.77,37.72,-6.92,4.4,115.66,-2.52,113.13,,,
5781,10.8,45.58,1.52,0,0.02,0,0.71,-5.63,16.52,38.45,-7.17,4.37,107.97,-2.8,105.17,,,
5791,18.7,56.82,-1.06,0,0.01,0,1.84,-5.63,14.79,37.86,-7.88,4.41,123.34,-3.47,119.87,,,
5801,9.98,47.51,-1.34,0,0.01,0,0.26,-5.01,14.36,37.25,-7.47,4.42,103.01,-3.05,99.96,,,
5811,15.91,49.33,0.71,0,0.07,0,-2.29,-5.09,12.62,36.9,-7.72,4.46,108.16,-3.26,104.89,,,
5821,15.55,42.79,-2.54,0,0.02,0,0.76,-4.47,14.78,36.15,-7.39,4.43,103.03,-2.97,100.07,,,
5831,12.59,45.61,0.19,0,0.01,0,0.91,-4.58,14.66,37.01,-7.32,4.41,106.4,-2.91,103.48,,,
5841,12.74,52.22,-2.7,0,0.02,0,-0.44,-5.48,13.01,38.13,-7.43,4.41,107.5,-3.02,104.49,,,
5851,13.99,52.24,-2.17,0,0.02,0,-0.82,-5.38,15.22,37.37,-7.71,4.38,110.46,-3.33,107.13,,,
5861,23.77,45.21,0.33,0,0.01,0,-0.76,-5.36,13.55,37.45,-7.4,4.41,114.22,-2.99,111.23,,,
5871,15.9,49.41,-2.44,0,0,0,1.9,-4.76,14.32,36.83,-7.36,4.39,111.15,-2.97,108.18,,,
5881,12.27,53.73,0.12,0,0.04,0,-1.18,-4.69,12.97,37.09,-7.43,4.48,110.35,-2.95,107.4,,,
5891,10.55,51.65,-2.54,0,0.01,0,-2.49,-4.96,14.14,37.66,-7.26,4.42,104.02,-2.85,101.18,,,
5901,7.75,49.59,0.06,0,0.04,0,-0.62,-4.91,16.62,37.87,-6.99,4.36,106.41,-2.63,103.78,,,
5911,10.83,50.63,-0.6,0,0.04,0,3.07,-4.49,13.93,36.48,-7.05,4.37,109.9,-2.68,107.21,,,
5921,16.98,45.09,2.02,0,0.02,0,2.59,-5.53,15.24,38.05,-7.32,4.43,114.46,-2.89,111.56,,,
5931,9.59,51.91,-4.72,0,0.02,0,0.54,-5.56,16.46,38.62,-6.75,4.37,106.87,-2.38,104.49,,,
5941,7.88,46.56,-0.12,0,0.03,0,-0.56,-4.55,15.3,36.98,-7.2,4.42,101.52,-2.77,98.74,,,
5951,11.16,43.13,1.02,0,0.04,0,-2.02,-4.72,15.44,36.93,-7.38,4.42,100.98,-2.96,98.02,,,
5961,15.13,53.41,0.92,0,0.02,0,-3.32,-4.74,14.87,36.63,-7.37,4.38,112.93,-2.99,109.94,,,
5971,15.56,48.83,-0.56,0,0.05,0,-1.42,-4.62,15.98,36.76,-7.42,4.36,110.58,-3.05,107.53,,,
5981,11.61,58.74,-0.36,0,0.01,0,-1.79,-4.93,14.49,37.46,-6.88,4.4,115.23,-2.48,112.75,,,
5991,14.6,40.77,-0.12,0,0.01,0,-1.05,-4.4,13.66,36.43,-7.48,4.41,99.9,-3.07,96.83,,,
6001,18.39,46.06,0.85,0,0.03,0,2.57,-4.72,11.82,37.01,-7.32,4.45,112.02,-2.87,109.15,,,
6011,7.63,47.68,-1.25,0,0.01,0,0.15,-5.68,14.15,38.58,-7.02,4.41,101.27,-2.61,98.66,,,
6021,12.97,49.83,-0.23,0,0.01,0,0.71,-4.55,13.52,36.14,-7.65,4.44,108.4,-3.21,105.19,,,
6031,10.29,50.58,-0.4,0,0.08,0,0.1,-4.64,13.51,36.84,-7.02,4.39,106.38,-2.63,103.75,,,
6041,12.03,49.38,-0.52,0,0.01,0,1.45,-5.76,12.85,37.93,-7.72,4.4,107.36,-3.32,104.04,,,
6051,12.65,46.01,1.05,0,0.01,0,3.14,-4.64,15.38,36.41,-7.33,4.39,110,-2.94,107.06,,,
6061,13.89,50.7,-1.12,0,0.08,0,0.59,-4.63,13.86,36.74,-6.59,4.39,110.1,-2.2,107.89,,,
6071,14.67,47.44,0.72,0,0.04,0,2.18,-5.02,15.88,37.35,-6.94,4.42,113.25,-2.52,110.73,,,
6081,11.87,59.62,-0.43,0,0.04,0,2.59,-4.59,15.59,36.79,-7.44,4.42,121.48,-3.02,118.46,,,
6091,13.07,49.53,-0.08,0,0.01,0,-0.68,-5.36,16.11,38.22,-7.23,4.41,110.84,-2.82,108.02,,,
6101,12.56,51.74,-1.89,0,0.03,0,-1.06,-5.1,14.17,38.04,-7.4,4.42,108.48,-2.98,105.51,,,
6111,9.46,53.32,-2.38,0,0.01,0,-4.69,-4.99,13.78,37.43,-7.05,4.39,101.93,-2.66,99.27,,,
6121,11.83,50.85,-0.42,0,0,0,2.33,-5.53,14.66,37.67,-7.3,4.43,111.38,-2.88,108.51,,,
6131,6.63,52.01,-2.86,0,0,0,1.43,-4.61,14.51,36.41,-7.36,4.42,103.52,-2.94,100.58,,,
6141,10.49,49.66,0.08,0,0,0,5.54,-4.8,16.06,36.75,-7.3,4.38,113.79,-2.92,110.87,,,
6151,16.83,52.02,-1.23,0,0.03,0,-0.64,-4.49,15.84,36.37,-7.29,4.41,114.71,-2.88,111.83,,,
6161,11.44,53.57,0.39,0,0.03,0,0.67,-4.59,14.54,37.02,-7.22,4.43,113.06,-2.79,110.27,,,
6171,14.06,49.48,1.59,0,0.05,0,-2.94,-4.7,13.27,36.79,-7.24,4.46,107.59,-2.78,104.82,,,
6181,15.93,47.93,-0.39,0,0.01,0,-0.85,-4.72,14.87,36.5,-7.22,4.43,109.28,-2.8,106.48,,,
6191,14.3,48.29,-2.13,0,0.02,0,0.1,-4.55,16.45,36.95,-7.12,4.38,109.43,-2.74,106.7,,,
6201,12.99,57.29,-2.83,0,0.02,0,-1.14,-4.86,13.72,37.07,-6.84,4.45,112.25,-2.39,109.86,,,
6211,17.26,45.87,-3.57,0,0.01,0,2.23,-5.44,15.16,37.93,-7.56,4.4,109.43,-3.15,106.28,,,
6221,14.02,52.96,-1.25,0,0.01,0,0.44,-4.67,12.86,37.05,-7.42,4.44,111.42,-2.98,108.44,,,
6231,15.31,48.56,-0.44,0,0.02,0,5.17,-5.5,15.92,38.43,-7.36,4.41,117.48,-2.95,114.52,,,
6241,8.34,61.71,-0.68,0,0.04,0,2.13,-4.86,15.11,37.59,-7.15,4.44,119.37,-2.71,116.66,,,
6251,14.96,52.31,1.77,0,0.03,0,-3.54,-5.73,14.26,37.66,-7.92,4.47,111.72,-3.46,108.26,,,
6261,13.5,51.65,-0.27,0,0.03,0,-1.08,-5.82,14.02,38.73,-7.25,4.43,110.76,-2.81,107.94,,,
6271,14.34,57.4,-3.45,0,0.01,0,-0.55,-4.56,11.97,36.56,-7.04,4.43,111.73,-2.62,109.12,,,
6281,12.87,50.72,-1.38,0,0.01,0,-0.48,-4.48,15.18,36.45,-7.2,4.44,108.89,-2.76,106.13,,,
6291,15.62,53.28,1.72,0,0.03,0,-2.12,-4.63,13.39,36.97,-7.1,4.45,114.26,-2.65,111.61,,,
6301,14.53,54.58,-2.7,0,0.01,0,-1.94,-5.27,14.6,37.64,-7.69,4.41,111.44,-3.28,108.16,,,
6311,13.5,56.28,1.12,0,0.04,0,-1.17,-4.67,14.94,36.72,-7.08,4.38,116.76,-2.71,114.05,,,
6321,13.42,50.47,1.45,0,0.06,0,-1,-4.89,16.06,37.19,-7.31,4.41,112.76,-2.9,109.86,,,
6331,14.93,49.87,-1.09,0,0.01,0,0.33,-4.66,14.83,36.96,-6.78,4.39,111.19,-2.4,108.8,,,
6341,14.91,43.07,-5.19,0,0.01,0,-0.93,-4.75,11.59,36.84,-7.22,4.37,95.56,-2.85,92.71,,,
6351,11.08,53.12,-1.4,0,0,0,0.68,-5.32,15.21,37.82,-7.31,4.39,111.18,-2.92,108.27,,,
6361,11.06,44.4,0.1,0,0.01,0,0.25,-4.67,16.2,36.79,-7.1,4.43,104.13,-2.67,101.46,,,
6371,14.29,61.29,1.12,0,0.07,0,-0.54,-4.53,13.25,37.2,-7.2,4.46,122.16,-2.75,119.41,,,
6381,9.82,49.29,-2.74,0,0.01,0,-2.23,-4.53,12.36,36.09,-7.38,4.41,98.07,-2.98,95.1,,,
6391,13.87,49.26,1,0,0.04,0,-1.11,-5.77,12.98,38.22,-7.31,4.44,108.5,-2.87,105.63,,,
6401,13.89,52.26,-1.27,0,0.01,0,0.49,-6.16,13.69,38.79,-7.67,4.4,111.71,-3.27,108.44,,,
6411,12.67,43.31,-2.84,0,0,0,0.85,-4.71,15.07,36.91,-7.04,4.37,101.26,-2.67,98.59,,,
6421,16.48,55.68,-0.72,0,0.08,0,-1.28,-5.24,14.36,37.57,-7.91,4.37,116.93,-3.54,113.39,,,
6431,13.82,43.43,-0.68,0,0.02,0,-1.13,-4.84,14.7,36.65,-6.93,4.37,101.96,-2.57,99.4,,,
6441,10.29,57.84,0.34,0,0.01,0,-0.97,-4.91,16.45,37.54,-7.28,4.43,116.6,-2.86,113.74,,,
6451,13,41.4,0.25,0,0.04,0,0.61,-5.42,15.61,38.27,-6.78,4.37,103.76,-2.42,101.34,,,
6461,14.96,45.48,-0.64,0,0.04,0,-0.2,-4.51,15.08,36.45,-7.03,4.37,106.66,-2.66,104,,,
6471,12.25,49.84,-1.15,0,0.09,0,0.83,-6.11,13.66,38.72,-7.08,4.38,108.13,-2.7,105.43,,,
6481,10.66,44.44,1.27,0,0.01,0,3.16,-4.87,15.7,36.87,-7.36,4.4,107.25,-2.96,104.3,,,
6491,14.12,46.39,-1.28,0,0.01,0,2.23,-5,11.79,36.83,-7.19,4.38,105.1,-2.81,102.29,,,
6501,11.06,49.18,-1.37,0,0.05,0,4.36,-4.67,15.09,36.63,-7.3,4.44,110.34,-2.86,107.48,,,
6511,9.5,56.38,-4.89,0,0.02,0,-2.48,-4.67,13.28,36.97,-6.96,4.41,104.1,-2.55,101.55,,,
6521,11.83,47.74,-0.93,0,0.01,0,2.35,-5.12,14.11,37.41,-7.46,4.39,107.4,-3.08,104.32,,,
6531,11.91,41.29,-0.35,0,0.01,0,0.51,-4.82,13.56,36.85,-7.26,4.39,98.96,-2.87,96.08,,,
6541,14.46,53.11,0.19,0,0.03,0,4.45,-5.4,16.07,37.99,-7.15,4.41,120.89,-2.74,118.15,,,
6551,14.13,50.54,-1.67,0,0.04,0,0.14,-5.59,14.21,39.08,-7.3,4.38,110.87,-2.92,107.96,,,
6561,10.53,43.22,0.46,0,0.04,0,-0.97,-4.63,17.33,36.54,-7.09,4.37,102.51,-2.72,99.79,,,
6571,22.83,54.88,1.93,0,0.01,0,-0.54,-4.69,13.51,36.89,-7.49,4.42,124.83,-3.07,121.75,,,
6581,10.97,44.77,-2.27,0,0,0,-1.07,-4.89,14.06,37.28,-6.95,4.41,98.86,-2.54,96.33,,,
6591,15.67,47.56,-0.06,0,0.01,0,0.97,-5.31,14.23,37.48,-7.75,4.38,110.56,-3.37,107.19,,,
6601,11.55,56.37,-2.51,0,0,0,-1.85,-5.86,15.76,37.93,-7.39,4.41,111.39,-2.98,108.41,,,
6611,13.66,49.84,-3.38,0,0.01,0,-3.28,-4.89,12.95,37.04,-7.95,4.43,101.95,-3.52,98.44,,,
6621,10.04,52.34,-2.25,0,0.06,0,3.54,-4.51,14.93,36.65,-7.15,4.36,110.81,-2.79,108.02,,,
6631,10.78,46.55,-1.74,0,0.01,0,-3.9,-4.53,15.12,36.34,-7.14,4.39,98.64,-2.75,95.89,,,
6641,14.09,47.21,-0.86,0,0.01,0,-1.12,-4.49,12.9,36.31,-7.65,4.38,104.06,-3.26,100.8,,,
6651,18.3,51.25,-2.02,0,0.02,0,1.58,-4.8,13.79,36.61,-7.18,4.34,114.74,-2.83,111.91,,,
6661,13.99,43.22,-1.4,0,0.01,0,2.74,-5.55,13.72,38.28,-7.33,4.38,105,-2.95,102.05,,,
6671,9.31,51.19,1.24,0,0.02,0,-0.48,-5.76,17.81,38.74,-7.3,4.41,112.06,-2.9,109.16,,,
6681,11.76,53.8,-0.37,0,0.01,0,0.08,-5.79,17.11,38.01,-7.23,4.4,114.62,-2.83,111.79,,,
6691,19.99,48.26,-0.71,0,0.05,0,-2.71,-5.97,16.14,39.16,-7.29,4.41,114.2,-2.88,111.32,,,
6701,11.45,50.78,3.16,0,0.06,0,1.15,-4.46,14.8,35.75,-7.41,4.37,112.69,-3.04,109.65,,,
6711,17.55,54.35,-0.36,0,0.05,0,2.32,-5.08,14.87,37.3,-7.4,4.41,121,-2.99,118.01,,,
6721,15.76,45.74,3.87,0,0.06,0,0.69,-4.65,18.65,37.26,-7.36,4.42,117.38,-2.95,114.44,,,
6731,15.02,45.51,-0.19,0,0.02,0,1.16,-5.79,12.45,38.92,-7.45,4.44,107.09,-3,104.09,,,
6741,19.05,45.78,-1.72,0,0.04,0,1.17,-5.29,13.08,37.77,-6.92,4.37,109.89,-2.55,107.34,,,
6751,15.43,47.13,-2.31,0,0,0,2.86,-5.5,14.45,38.49,-7.21,4.42,110.55,-2.8,107.75,,,
6761,13.05,43.33,-2.88,0,0.02,0,3.11,-4.83,14.16,36.99,-7.3,4.37,102.96,-2.93,100.03,,,
6771,16.12,46.75,2.27,0,0.08,0,0.79,-6.02,15.53,38.87,-7.39,4.4,114.39,-2.99,111.4,,,
6781,15.64,48.41,0.27,0,0.01,0,-3.3,-4.67,12.65,36.86,-7.23,4.41,105.86,-2.81,103.05,,,
6791,9.58,50.37,-1.37,0,0.02,0,1.03,-6.21,15.98,39.47,-7.07,4.41,108.86,-2.67,106.2,,,
6801,19.9,51.69,0.46,0,0.04,0,6.88,-4.87,12.7,36.7,-7.36,4.45,123.49,-2.91,120.58,,,
6811,13.52,48.7,0.39,0,0.02,0,0.17,-4.99,13.59,36.84,-7.29,4.33,108.25,-2.96,105.29,,,
6821,17.29,41.79,0.7,0,0.01,0,-2.43,-4.54,14.67,36.53,-7.17,4.34,104.03,-2.83,101.2,,,
6831,14.74,49.19,1.74,0,0.06,0,-1.01,-5.34,12.75,37.92,-6.93,4.37,110.05,-2.55,107.5,,,
6841,12.75,54.81,-3.5,0,0.03,0,2,-5.45,11.67,37.89,-7.44,4.34,110.21,-3.09,107.11,,,
6851,10.28,53.22,2.11,0,0.03,0,0.31,-5.69,13.63,38.28,-6.81,4.3,112.15,-2.52,109.63,,,
6861,12.73,52.42,-0.04,0,0.03,0,-2.5,-5.01,13.2,37.1,-7.33,4.34,107.92,-3,104.93,,,
6871,9.12,47.99,-2.43,0,0.04,0,0.82,-5.39,11.87,37.4,-7.32,4.37,99.41,-2.95,96.46,,,
6881,13.42,49.85,1.47,0,0.02,0,3.38,-4.8,13.12,37.36,-6.73,4.35,113.82,-2.38,111.44,,,
6891,10.48,54.03,-0.91,0,0.05,0,4.54,-6.19,14.98,39.32,-6.87,4.35,116.31,-2.52,113.79,,,
6901,10.28,52.18,0.28,0,0.02,0,5.62,-6.16,13.79,38.99,-7.26,4.36,115,-2.91,112.1,,,
6911,14.98,60.67,1.3,0,0.07,0,1.84,-5.41,12.64,37.45,-7.77,4.34,123.55,-3.43,120.12,,,
6921,15.22,56.57,3,0,0.01,0,-3.06,-5.02,15.27,37.4,-7.1,4.4,119.39,-2.7,116.69,,,
6931,5.43,55.21,-1.01,0,0.02,0,-0.08,-5.21,18.16,38.1,-6.94,4.36,110.63,-2.58,108.05,,,
6941,14.69,46.48,3.28,0,0.01,0,-4.14,-4.93,14.45,37.38,-7.03,4.34,107.24,-2.69,104.55,,,
6951,16.75,46.98,-2.52,0,0.02,0,-1.85,-5.35,13.45,38.27,-6.97,4.35,105.75,-2.62,103.14,,,
6961,12.94,41.12,-1.68,0,0.02,0,-0.05,-5.75,12.86,38.58,-7.06,4.36,98.04,-2.7,95.33,,,
6971,12.73,51.78,-2.46,0,0.06,0,2.97,-5.3,14.01,38,-6.99,4.36,111.78,-2.63,109.15,,,
6981,12.19,49.46,-0.6,0,0.05,0,0.33,-5.46,14.24,38.13,-7.83,4.36,108.34,-3.47,104.86,,,
6991,17.17,55.01,2.98,0,0.03,0,-0.43,-5.58,13.23,38.8,-7.1,4.37,121.21,-2.74,118.47,,,
7001,8.67,44.92,-0.29,0,0.01,0,2.1,-5.38,14.46,38.68,-7.02,4.33,103.16,-2.69,100.47,,,
7011,18.82,53.29,-3,0,0.02,0,1.12,-5.19,15.92,37.58,-6.88,4.37,118.57,-2.51,116.06,,,
7021,14.23,43.24,-3.11,0,0.01,0,2.9,-5.82,11.7,38.55,-7.16,4.32,101.7,-2.84,98.86,,,
7031,15.29,64.31,-1.67,0,0.07,0,-1.95,-4.83,13.46,36.52,-7.3,4.34,121.21,-2.96,118.25,,,
7041,14,55.96,-0.58,0,0.02,0,-0.73,-6.01,15.53,39.24,-7.24,4.35,117.43,-2.89,114.54,,,
7051,11.24,57.79,1.7,0,0.02,0,-2.13,-5.64,18.14,38.51,-6.48,4.36,119.63,-2.12,117.51,,,
7061,12.91,48.5,-0.11,0,0.02,0,3.07,-5.1,13.67,37.5,-7,4.37,110.46,-2.63,107.83,,,
7071,10.24,49.75,-2.72,0,0.03,0,-1.11,-5.07,15.86,37.8,-6.94,4.36,104.77,-2.57,102.2,,,
7081,13.01,55.86,-0.62,0,0.02,0,2.14,-5.51,14.82,38.72,-7.24,4.31,118.44,-2.93,115.51,,,
7091,13.12,56.13,-0.41,0,0.02,0,-0.87,-6.27,13.1,39.19,-7.35,4.36,114.02,-2.99,111.03,,,
7101,11,50.5,-0.49,0,0.02,0,1.03,-5.54,11.75,38.19,-7.07,4.35,106.46,-2.72,103.74,,,
7111,10.18,49.11,-1.14,0,0,0,0.64,-4.59,14.72,36.7,-6.96,4.37,105.62,-2.59,103.03,,,
7121,10.16,44.73,0.16,0,0.02,0,-0.79,-5.61,16.16,38.57,-6.82,4.33,103.41,-2.49,100.91,,,
7131,15.29,47.3,0.32,0,0.01,0,1.5,-5.01,15.45,37.5,-7,4.34,112.36,-2.66,109.71,,,
7141,10.09,51.89,-2.84,0,0.01,0,-0.29,-5.61,13.51,38.6,-6.84,4.37,105.36,-2.47,102.89,,,
7151,7.87,47.36,-3.55,0,0,0,-3.23,-5.57,14.97,38.61,-6.7,4.33,96.45,-2.37,94.08,,,
7161,16.02,58.47,-0.87,0,0.01,0,-3.13,-5.18,13.27,37.22,-6.87,4.31,115.8,-2.56,113.24,,,
7171,12.63,51.3,-1.26,0,0.03,0,-0.58,-4.7,13.67,36.96,-7.07,4.34,108.05,-2.73,105.32,,,
7181,17.18,49.8,1.33,0,0.02,0,-3.11,-5.77,13.95,38.63,-7.16,4.31,112.02,-2.85,109.16,,,
7191,23.51,51.26,-5,0,0.01,0,-1.8,-5.5,12.23,37.83,-7.91,4.38,112.54,-3.53,109.01,,,
7201,14.72,57.25,-1.38,0,0.06,0,-0.75,-4.58,13.3,36.88,-6.94,4.3,115.49,-2.64,112.85,,,
7211,21.38,51.26,-3.42,0,0.04,0,-2.18,-5.13,12.3,37.07,-7.85,4.38,111.33,-3.46,107.87,,,
7221,11.24,57.41,1.43,0,0.03,0,4.36,-5.7,14.84,39.05,-6.9,4.35,122.67,-2.55,120.12,,,
7231,13.15,48.19,1.8,0,0.04,0,0.36,-5.38,14.72,37.99,-7.08,4.33,110.88,-2.75,108.13,,,
7241,16.21,56.09,-2.69,0,0.01,0,-0.21,-5.39,13.01,37.85,-6.94,4.38,114.89,-2.56,112.33,,,
7251,10.51,46.44,-1.22,0,0.01,0,3.85,-5.54,12.99,38.68,-6.81,4.3,105.72,-2.51,103.21,,,
7261,14.06,53.62,-0.78,0,0.04,0,-0.08,-5.52,14.4,38.14,-7.21,4.33,113.88,-2.88,110.99,,,
7271,13.03,51.34,-2.77,0,0.04,0,-2.21,-4.47,13.11,36.17,-7.6,4.38,104.25,-3.22,101.03,,,
7281,13.64,50.69,-0.44,0,0.04,0,-1.14,-4.69,14.55,37.34,-6.97,4.35,110,-2.62,107.37,,,
7291,16.19,44.12,1.16,0,0.03,0,0.42,-5.95,13.12,38.55,-7.03,4.34,107.63,-2.68,104.95,,,
7301,13.52,53.32,-2.33,0,0.08,0,3.09,-5.48,13.97,37.92,-6.93,4.35,114.08,-2.57,111.51,,,
7311,14.91,44.6,-1.74,0,0.01,0,-0.52,-5.52,12.87,38.22,-7.41,4.36,102.82,-3.04,99.78,,,
7321,13.01,44.5,-1.75,0,0.02,0,-0.35,-5.44,11.48,38.32,-7.74,4.36,99.79,-3.38,96.41,,,
7331,18.42,57.43,0.27,0,0.02,0,-1.36,-6.45,11.01,39.12,-7.4,4.4,118.46,-3,115.47,,,
7341,8.94,56.13,-0.56,0,0.02,0,-1.84,-5.83,16.63,38.5,-6.88,4.36,111.98,-2.51,109.47,,,
7351,10.66,53.31,-2.01,0,0.03,0,-0.13,-5.17,14.58,37.32,-7.12,4.31,108.6,-2.81,105.78,,,
7361,13.45,45.4,-4.64,0,0,0,-1.9,-5.21,12.89,37.94,-7.04,4.38,97.93,-2.66,95.28,,,
7371,12.12,42.06,-0.26,0,0.02,0,0.74,-5.79,14.82,38.48,-7.52,4.39,102.18,-3.12,99.06,,,
7381,6.88,49.95,-1.4,0,0.01,0,3.08,-6.08,13.41,39.49,-7.26,4.37,105.34,-2.89,102.45,,,
7391,14.21,49.43,2.31,0,0.07,0,-0.36,-4.45,14.73,36.41,-7.07,4.35,112.36,-2.71,109.64,,,
7401,14.19,43.07,-1.48,0,0.02,0,0.65,-5.63,14.11,38.89,-7.15,4.38,103.83,-2.77,101.06,,,
7411,11.65,50.74,0.71,0,0.01,0,-1.63,-5.42,16.85,37.74,-7.61,4.4,110.65,-3.21,107.45,,,
7421,14.56,46.06,-2.48,0,0.05,0,0.84,-5.12,12.36,37.23,-7.42,4.41,103.5,-3.01,100.49,,,
7431,16.2,49.97,-1.65,0,0.05,0,-1.23,-4.69,14.63,36.52,-7.35,4.42,109.81,-2.93,106.89,,,
7441,14.78,42.95,-0.1,0,0.02,0,1.84,-6.21,14.47,39.17,-7.47,4.39,106.92,-3.08,103.84,,,
7451,11.36,46.69,2.94,0,0.02,0,-0.99,-4.6,14.79,37.04,-6.93,4.46,107.24,-2.47,104.78,,,
7461,12.17,46.49,-2.64,0,0.02,0,0.26,-4.56,12.56,36.85,-7.03,4.42,101.15,-2.61,98.54,,,
7471,14.83,37.66,3.34,0,0.05,0,2.19,-6.12,14.02,39.35,-7.09,4.38,105.32,-2.71,102.61,,,
7481,15.56,61.48,-1.32,0,0.03,0,-0.94,-5.58,13.15,38.34,-7.71,4.42,120.72,-3.29,117.43,,,
7491,12.56,57.09,-0.36,0,0.03,0,-0.24,-4.69,13.42,36.43,-7.05,4.36,114.26,-2.69,111.57,,,
7501,8.4,45.02,-1.4,0,0.05,0,0.49,-5.79,14.67,38.87,-7.08,4.35,100.31,-2.74,97.57,,,
7511,12.6,47.93,-0.12,0,0,0,-1.41,-4.51,12.85,36,-7.72,4.41,103.33,-3.31,100.02,,,
7521,10.02,51.59,-2.12,0,0.04,0,-1.06,-6.24,13.56,39.05,-7.05,4.36,104.83,-2.69,102.14,,,
7531,12.74,48.23,0.22,0,0.02,0,0.57,-4.86,13.65,37.13,-7.19,4.44,107.69,-2.75,104.94,,,
7541,15.52,48.76,1.78,0,0.02,0,-1.86,-6.06,15.2,39.64,-7.02,4.4,112.98,-2.62,110.37,,,
7551,9.56,49.89,-1,0,0.05,0,-0.75,-5.89,15.85,38.64,-6.94,4.37,106.34,-2.57,103.77,,,
7561,11.5,47.88,-0.74,0,0.01,0,0.49,-4.67,14.23,36.8,-7.11,4.36,105.5,-2.75,102.75,,,
7571,13.83,50.64,-0.59,0,0.04,0,2.3,-4.51,14.46,36.13,-7.48,4.42,112.31,-3.06,109.25,,,
7581,20.73,50.59,1.99,0,0.02,0,-1.13,-4.49,13.81,36.72,-7.61,4.43,118.24,-3.18,115.06,,,
7591,9.92,54.37,-1.8,0,0.02,0,-0.56,-4.53,15.57,36.39,-7.2,4.4,109.39,-2.79,106.59,,,
7601,14.09,56.42,-2.92,0,0.02,0,0.49,-4.24,14.05,36.22,-7.75,4.38,114.11,-3.37,110.75,,,
7611,9.85,49.95,-0.09,0,0.02,0,1.05,-5.64,14.02,38.98,-7.05,4.39,108.14,-2.67,105.48,,,
7621,13.37,48.35,-0.38,0,0.05,0,2.18,-5.99,15.32,39.25,-7.2,4.42,112.15,-2.78,109.37,,,
7631,11.36,44.23,-2.57,0,0.01,0,0.24,-5.77,13.95,39.17,-7.35,4.42,100.61,-2.93,97.68,,,
7641,15.04,55.16,-0.64,0,0.02,0,-2.36,-4.86,13.3,36.85,-7.62,4.38,112.5,-3.24,109.26,,,
7651,9.28,49.24,-3.27,0,0.02,0,0.31,-4.76,14.57,36.83,-7,4.37,102.2,-2.63,99.57,,,
7661,10.29,56.21,-2.5,0,0.03,0,-0.95,-4.53,13.87,36.98,-6.71,4.39,109.4,-2.32,107.08,,,
7671,11.81,45.2,-2.06,0,0.02,0,0.23,-4.72,12.94,36.6,-7.32,4.42,100.03,-2.9,97.12,,,
7681,15.07,49.75,-0.65,0,0.02,0,-0.71,-4.58,14.81,37.15,-6.89,4.48,110.84,-2.42,108.43,,,
7691,17.16,40.03,0.84,0,0.06,0,0.42,-5.2,13.8,37.25,-7.51,4.38,104.36,-3.14,101.22,,,
7701,14.45,51.51,-4.03,0,0.01,0,-2.3,-4.73,16.6,37.24,-7.1,4.38,108.75,-2.72,106.03,,,
7711,20.08,46.72,0.25,0,0.04,0,3.67,-5.51,14.77,37.98,-7.13,4.42,118,-2.71,115.29,,,
7721,13.98,52.52,-2.26,0,0.02,0,-0.79,-4.56,12.27,36.55,-7.43,4.42,107.73,-3.01,104.72,,,
7731,13.39,52.15,-1.83,0,0.01,0,-1.43,-4.54,13.06,36.81,-7,4.43,107.62,-2.57,105.05,,,
7741,12.03,58.85,-0.73,0,0.04,0,0.4,-4.69,14.94,36.79,-7.04,4.42,117.63,-2.62,115,,,
7751,9.91,41.73,-0.58,0,0.02,0,3.33,-4.68,16.68,37.66,-6.93,4.38,104.07,-2.55,101.52,,,
7761,13.85,42.23,-3.2,0,0.01,0,-0.62,-4.87,12.67,37,-7.31,4.39,97.07,-2.92,94.15,,,
7771,18.15,39.98,-2.06,0,0.02,0,-1.58,-4.66,12.12,36.48,-7.57,4.43,98.45,-3.14,95.32,,,
7781,10.13,55.69,-3.08,0,0.04,0,0.83,-5.53,14.08,37.77,-7.61,4.41,109.93,-3.2,106.73,,,
7791,10.07,50.49,-1.17,0,0.03,0,1.73,-5,15.36,37.02,-7.03,4.38,108.53,-2.65,105.88,,,
7801,18.8,61.58,1.21,0,0.05,0,0.38,-4.82,15.68,36.3,-7.48,4.43,129.19,-3.05,126.14,,,
7811,11.69,49.21,-0.3,0,0.03,0,7.13,-4.45,17.03,36.34,-6.93,4.34,116.69,-2.59,114.1,,,
7821,17.2,44,-2,0,0.03,0,3.29,-5.47,13.59,37.99,-7.09,4.4,108.61,-2.69,105.93,,,
7831,10.01,55.45,-1.7,0,0.03,0,3.12,-5.45,15.59,37.6,-7.4,4.39,114.65,-3.01,111.64,,,
7841,13.1,42.84,-1.71,0,0.01,0,2.65,-4.99,12.19,37.56,-6.92,4.4,101.66,-2.53,99.13,,,
7851,15.52,49.96,6.74,0,0.06,0,1.1,-4.77,14.53,37.08,-7,4.47,120.21,-2.52,117.69,,,
7861,18.46,42.43,-2.06,0,0.03,0,0.82,-5.46,14.21,38.74,-7.15,4.4,107.17,-2.75,104.42,,,
7871,16.7,55.11,-3.87,0,0.02,0,1.6,-5.5,12.66,37.94,-7.62,4.4,114.65,-3.23,111.43,,,
7881,9.55,45.79,-0.55,0,0.04,0,1.83,-5.35,15.09,38.08,-7.34,4.41,104.48,-2.94,101.54,,,
7891,15.4,50.98,-3.2,0,0.01,0,5.82,-4.76,11.32,36.11,-7.67,4.41,111.68,-3.26,108.42,,,
7901,9.56,51.93,-0.7,0,0.03,0,-1.17,-5.92,14.44,39.25,-7.1,4.4,107.42,-2.69,104.73,,,
7911,18.76,53.7,0.81,0,0.02,0,-2.95,-5.33,12.13,38.07,-7.7,4.44,115.22,-3.26,111.96,,,
7921,11.71,50.32,-0.44,0,0.01,0,-1.33,-4.74,13.1,37,-7.17,4.41,105.63,-2.76,102.86,,,
7931,13.93,49.73,-0.86,0,0.03,0,0.48,-4.68,16.03,37.27,-7.19,4.39,111.93,-2.8,109.12,,,
7941,13.65,53.1,-1.25,0,0.02,0,-3.28,-5.84,14.56,38.34,-7.59,4.4,109.31,-3.19,106.12,,,
7951,17.55,45.97,-3.4,0,0.02,0,2.35,-4.92,13.65,37.13,-6.76,4.39,108.36,-2.37,105.99,,,
7961,14.21,47.88,-0.99,0,0.02,0,-3.34,-5.2,13.86,37.11,-7.62,4.43,103.55,-3.2,100.36,,,
7971,13.01,42.33,0.3,0,0.03,0,4.39,-5.59,14.71,38.37,-7.42,4.4,107.53,-3.02,104.51,,,
7981,13.2,42.19,-0.68,0,0.01,0,-0.68,-4.67,14.35,36.49,-7.56,4.42,100.21,-3.14,97.07,,,
7991,19.47,49.94,-4.67,0,0.02,0,-1.94,-5.74,13.09,38.75,-7.33,4.4,108.91,-2.93,105.98,,,
8001,15.86,48.64,-1.19,0,0.04,0,1.61,-4.54,14.45,36.03,-7.4,4.41,110.9,-2.99,107.91,,,
8011,13.38,53.78,-2.07,0,0.09,0,0.97,-5.42,14.56,37.98,-7.5,4.39,113.26,-3.11,110.15,,,
8021,15.09,49.19,0.39,0,0.02,0,-0.42,-5.75,13.52,38.24,-7.67,4.4,110.28,-3.27,107.01,,,
8031,15.15,48.93,0.22,0,0.06,0,2.14,-4.59,17.24,36.71,-6.78,4.41,115.87,-2.37,113.5,,,
8041,10.83,53.74,-4,0,0.02,0,-0.68,-4.51,14.28,36.22,-7.23,4.43,105.9,-2.8,103.11,,,
8051,13.01,56.5,-4.31,0,0.03,0,0.96,-5.57,16.27,37.8,-7.77,4.42,114.71,-3.35,111.35,,,
8061,12.49,57.39,-2.4,0,0.05,0,4.42,-4.48,13.15,36.51,-7.62,4.41,117.13,-3.22,113.91,,,
8071,15.52,40.46,3.7,0,0.02,0,0.28,-5.45,15.86,37.94,-7.52,4.38,108.33,-3.15,105.18,,,
8081,9.34,57.31,0,0,0.04,0,1.19,-5.6,14.64,38.47,-6.98,4.36,115.38,-2.61,112.77,,,
8091,12.97,49.82,-1.82,0,0.08,0,-2.1,-5.39,15.42,37.98,-7.23,4.4,106.96,-2.83,104.14,,,
8101,17.04,52.33,-1.72,0,0.02,0,-1.58,-4.78,14.14,36.98,-7.07,4.36,112.44,-2.71,109.73,,,
8111,13.8,43.32,3.09,0,0.02,0,1.59,-5.58,15.89,38.16,-7.09,4.4,110.29,-2.7,107.59,,,
8121,18.7,43.56,-1.52,0,0.04,0,1.24,-4.51,14.14,36.23,-7.48,4.41,107.89,-3.08,104.81,,,
8131,11.42,43.98,0.53,0,0.01,0,-0.83,-5.29,14.88,37.65,-7.18,4.37,102.34,-2.81,99.53,,,
8141,16.25,50.96,-0.51,0,0.05,0,-1.34,-5.65,12.89,38.52,-7.15,4.4,111.18,-2.75,108.43,,,
8151,14.1,51.88,-1.95,0,0.01,0,-0.23,-5.69,13.91,37.69,-7.38,4.42,109.74,-2.96,106.78,,,
8161,15.92,38.84,-1.21,0,0.03,0,0.45,-5.8,14.19,38.71,-7.28,4.39,101.12,-2.89,98.23,,,
8171,12.69,47.14,2.31,0,0.03,0,0.06,-5.34,15.42,37.4,-7.48,4.4,109.71,-3.08,106.63,,,
8181,12.05,50.97,-1.02,0,0,0,-1.13,-5.9,14.65,38.38,-7.58,4.39,107.99,-3.19,104.8,,,
8191,12.93,47.94,-1.54,0,0.05,0,1.82,-4.46,15.43,36.33,-7.21,4.35,108.5,-2.86,105.64,,,
8201,13.04,51.07,1.07,0,0.02,0,0.4,-5.71,15.14,38.44,-7.38,4.38,113.47,-3,110.47,,,
8211,10.05,47.82,-0.1,0,0.03,0,2.32,-5.65,15.51,38.78,-7.47,4.4,108.77,-3.07,105.7,,,
8221,20.13,46.09,-0.8,0,0.01,0,-0.88,-4.53,14.03,36.4,-7.3,4.41,110.46,-2.89,107.57,,,
8231,10.6,51.52,-1.79,0,0.01,0,1.94,-5.72,13.92,38.1,-7,4.43,108.57,-2.57,106,,,
8241,13.6,50.13,-0.74,0,0.05,0,0.82,-5.2,14.27,37.26,-7.58,4.41,110.19,-3.17,107.02,,,
8251,16.44,56.1,-0.28,0,0.02,0,-0.7,-5.45,15.93,38.53,-7.31,4.4,120.59,-2.91,117.68,,,
8261,11.04,52.74,-3.09,0,0.02,0,1.43,-5.36,15.74,37.75,-7.33,4.39,110.27,-2.94,107.33,,,
8271,12.15,47.5,-1.24,0,0.02,0,-1.93,-5.63,15.26,38.36,-7.66,4.4,104.5,-3.26,101.24,,,
8281,13.14,53.76,-1.93,0,0,0,1.36,-4.8,14.16,37.07,-7.31,4.39,112.77,-2.92,109.85,,,
8291,15.15,48.75,-1.84,0,0.04,0,-2.75,-5.87,14.3,38.8,-7.18,4.37,106.58,-2.81,103.77,,,
8301,11.79,55.3,-0.86,0,0.05,0,-0.63,-6.19,13.22,38.84,-7.73,4.37,111.52,-3.36,108.16,,,
8311,21.93,46.29,5.09,0,0.05,0,-1.38,-5.85,10.58,38.41,-7.74,4.43,115.12,-3.31,111.8,,,
8321,18.47,55.82,0.02,0,0.02,0,-3.67,-6.19,11.19,38.99,-7.66,4.45,114.66,-3.21,111.45,,,
8331,9.61,48.7,-2.23,0,0.01,0,2.47,-4.75,14.06,36.73,-7.26,4.42,104.6,-2.84,101.76,,,
8341,16.87,45.83,0.74,0,0.02,0,0.33,-5.31,12.6,38.18,-7.49,4.37,109.25,-3.12,106.13,,,
8351,10.68,54.15,-1.63,0,0.04,0,0.32,-5.39,13.07,37.23,-7.45,4.43,108.46,-3.02,105.44,,,
8361,17.05,50.41,-2.41,0,0,0,-0.68,-5.59,15.04,38.38,-6.77,4.39,112.2,-2.38,109.82,,,
8371,12.25,54.01,-0.7,0,0.01,0,4.9,-5.8,15.83,39.11,-7.28,4.38,119.63,-2.9,116.73,,,
8381,17.57,49.69,1.75,0,0.09,0,3.94,-5.86,14.03,38.32,-7.78,4.4,119.53,-3.38,116.14,,,
8391,11.51,50.31,-1.46,0,0.02,0,0.55,-5.67,14.62,38.51,-7.83,4.37,108.37,-3.46,104.92,,,
8401,12.79,50.59,0.25,0,0.01,0,3.03,-5.84,14.37,38.49,-7.99,4.43,113.68,-3.56,110.13,,,
8411,17.7,57.46,0.39,0,0.01,0,-3.63,-4.64,16.45,36.81,-7.4,4.41,120.53,-2.99,117.54,,,
8421,14.45,50.62,1.31,0,0.04,0,-1.89,-4.25,13.62,36.68,-7.25,4.42,110.56,-2.82,107.74,,,
8431,11.77,48.04,0.29,0,0.04,0,2.93,-4.91,14.98,37.07,-7.19,4.44,110.2,-2.75,107.46,,,
8441,14.8,48.5,-0.78,0,0,0,1.94,-5.41,14.28,37.92,-7.38,4.42,111.25,-2.96,108.29,,,
8451,10.17,52.98,-0.32,0,0.01,0,-0.14,-5.58,14.78,38.27,-7.37,4.42,110.16,-2.96,107.21,,,
8461,12.41,45.96,-1.52,0,0.01,0,1.12,-4.7,16.43,36.81,-6.9,4.34,106.52,-2.55,103.97,,,
8471,16.39,44.86,1.06,0,0.03,0,-1.4,-5.71,14.11,37.65,-7.58,4.43,106.98,-3.15,103.84,,,
8481,14.65,49.27,-1.34,0,0.01,0,-2.46,-4.95,13.68,37.02,-7.22,4.4,105.88,-2.82,103.06,,,
8491,11.89,52.71,1.48,0,0.01,0,0.3,-4.82,14.18,36.42,-7.31,4.4,112.16,-2.91,109.25,,,
8501,19.17,44.47,-0.25,0,0.02,0,-0.17,-5.42,12.05,37.48,-7.54,4.47,107.35,-3.07,104.28,,,
8511,10.4,50.71,-1.51,0,0.01,0,-0.09,-5.67,15.11,38.34,-7.47,4.36,107.31,-3.11,104.2,,,
8521,13.61,50.03,-2.98,0,0.01,0,-0.94,-4.56,14.14,36.32,-7.43,4.4,105.62,-3.03,102.58,,,
8531,13.65,46.7,1.14,0,0.03,0,-0.38,-5.83,14.6,38.39,-7.06,4.42,108.31,-2.64,105.67,,,
8541,14.47,49.35,-2.71,0,0.02,0,-0.69,-5.38,13.99,37.48,-7.96,4.4,106.52,-3.56,102.96,,,
8551,15.17,54.68,-1.95,0,0.03,0,-1.02,-4.91,12.25,36.79,-7.55,4.44,111.04,-3.11,107.93,,,
8561,13.48,56.53,-0.84,0,0.04,0,-0.39,-5.56,15.03,38.36,-7.23,4.38,116.63,-2.85,113.78,,,
8571,15.89,45.62,-3.25,0,0.03,0,-1.5,-5.9,12.86,38.66,-7.31,4.4,102.42,-2.91,99.52,,,
8581,18.17,49.24,-2.7,0,0.01,0,0.71,-4.53,13.26,36.81,-6.83,4.4,110.98,-2.43,108.56,,,
8591,13.99,49.77,-1.47,0,0,0,0.24,-5.68,11.62,37.79,-7.87,4.42,106.26,-3.44,102.82,,,
8601,23.1,48.27,0.65,0,0.01,0,-3.82,-4.64,10,36.51,-7.54,4.38,110.09,-3.15,106.94,,,
8611,12.73,59.51,-0.98,0,0.02,0,-2.87,-4.33,15.78,36.38,-7.06,4.43,116.24,-2.63,113.61,,,
8621,11.47,46.87,-2.72,0,0.01,0,2.69,-5.23,15.25,37.32,-7.52,4.42,105.65,-3.1,102.55,,,
8631,14.3,53.03,-1.36,0,0,0,0.18,-5.3,13.46,37.72,-7.2,4.38,112.01,-2.83,109.19,,,
8641,13.17,43.96,-3.54,0,0.03,0,1.59,-4.78,13.78,36.72,-7.53,4.38,100.92,-3.15,97.78,,,
8651,14.05,44.36,0.09,0,0,0,-0.83,-4.75,12.46,36.63,-7.44,4.39,102.02,-3.05,98.98,,,
8661,10.25,48.74,-3.35,0,0,0,2.12,-5.38,12.92,38.47,-7.34,4.41,103.78,-2.93,100.85,,,
8671,16.48,56.19,-0.48,0,0.02,0,-0.16,-5.43,13.93,38.35,-6.67,4.4,118.89,-2.27,116.62,,,
8681,19.07,43.57,-3.07,0,0,0,-3.28,-4.74,13.21,36.89,-7.35,4.4,101.65,-2.96,98.7,,,
8691,13.63,44.41,-2.55,0,0.01,0,-0.66,-5.33,11.83,38.13,-7.16,4.41,99.48,-2.74,96.73,,,
8701,8.88,41.13,0.56,0,0.02,0,4.21,-5.02,14.47,37.29,-7.73,4.36,101.55,-3.37,98.17,,,
8711,16.03,43.36,0.9,0,0.06,0,2.69,-5.29,15.06,37.9,-7.05,4.4,110.7,-2.65,108.06,,,
8721,10.46,50.57,-0.7,0,0.01,0,2.36,-4.63,12.53,36.71,-6.96,4.39,107.31,-2.58,104.73,,,
8731,11.7,46.1,-1.37,0,0.03,0,-0.22,-4.63,14.84,36.56,-7.24,4.4,103,-2.84,100.16,,,
8741,11.76,55.63,-2.14,0,0.01,0,-1.13,-5.4,16.39,38.59,-7.16,4.37,113.73,-2.79,110.94,,,
8751,20.48,50.98,-1.11,0,0.03,0,-2.2,-4.61,11.45,37.15,-6.93,4.4,112.18,-2.52,109.65,,,
8761,8.82,54.99,2.25,0,0.1,0,-2.85,-5.57,15.62,38.31,-7.3,4.4,111.68,-2.9,108.78,,,
8771,12.54,58.91,-2.73,0,0.04,0,1.27,-4.63,16.57,36.95,-6.72,4.36,118.91,-2.35,116.55,,,
8781,12.78,43.17,-0.75,0,0.03,0,0.45,-5.57,14.19,38.28,-7.34,4.45,102.59,-2.89,99.7,,,
8791,18.15,58.96,-5.51,0,0.01,0,-0.87,-5.94,11.16,38.49,-8.23,4.43,114.44,-3.8,110.64,,,
8801,13.75,44.19,-1.01,0,0.03,0,0.61,-5.77,16.09,38.59,-7.12,4.39,106.48,-2.73,103.75,,,
8811,15.25,53.59,0.3,0,0.01,0,-2.7,-4.48,12.8,35.68,-7.62,4.42,110.46,-3.2,107.26,,,
8821,11.29,46.7,-2.26,0,0.02,0,2.02,-5.12,14.4,37.54,-7.02,4.38,104.59,-2.64,101.95,,,
8831,16.36,46.77,-2.3,0,0.07,0,1.45,-5.53,14.43,38.45,-7.3,4.38,109.68,-2.93,106.75,,,
8841,16,56.07,-3.05,0,0.01,0,1.12,-4.81,12.3,36.84,-7.49,4.42,114.47,-3.06,111.41,,,
8851,12.16,47.32,0.59,0,0.04,0,-1.74,-4.75,13.35,36.87,-7.16,4.45,103.86,-2.71,101.15,,,
8861,17.79,46.69,1.08,0,0.02,0,2.5,-4.8,12.31,36.71,-7.37,4.43,112.31,-2.93,109.38,,,
8871,17.22,44.73,0.11,0,0.03,0,-2.09,-5.14,13.55,37.48,-6.73,4.35,105.89,-2.39,103.5,,,
8881,11.98,48.89,-2,0,0.02,0,3.71,-4.62,14.46,36.48,-6.78,4.32,108.92,-2.46,106.46,,,
8891,8.64,51.17,-0.09,0,0.01,0,2.29,-5.6,15.66,38.7,-6.79,4.38,110.76,-2.42,108.34,,,
8901,13.07,50.22,0.42,0,0.03,0,-0.01,-5.09,15.99,37.99,-7.14,4.35,112.62,-2.79,109.84,,,
8911,14.56,42.72,-0.17,0,0.02,0,-3.27,-5.09,14.67,37.23,-7.45,4.43,100.67,-3.02,97.65,,,
8921,14.2,45.72,-1.23,0,0.02,0,-0.35,-4.55,15.49,36.78,-7.3,4.37,106.08,-2.93,103.15,,,
8931,15.1,44.29,3.55,0,0.03,0,-0.72,-4.4,15.75,36.78,-7.06,4.38,110.37,-2.68,107.69,,,
8941,14.73,45.97,-2.3,0,0.01,0,-1.22,-4.44,13.57,36.55,-7.13,4.41,102.87,-2.73,100.14,,,
8951,12.68,50.18,0.77,0,0.08,0,-0.64,-5.34,12.57,37.75,-7.47,4.41,108.06,-3.06,105,,,
8961,8.09,50.82,-2.5,0,0.02,0,-0.19,-5.88,16.37,39.06,-7.17,4.37,105.8,-2.79,103.01,,,
8971,11.88,47.51,0.9,0,0.03,0,-0.33,-5.43,13.82,37.89,-7.41,4.39,106.27,-3.01,103.25,,,
8981,14.01,56.9,-0.71,0,0.02,0,0.89,-4.81,15.3,37.04,-6.9,4.43,118.65,-2.46,116.18,,,
8991,10.58,54.48,-2.45,0,0.02,0,-2.48,-5.9,14.19,38.61,-7.2,4.38,107.04,-2.82,104.22,,,
9001,9.51,48.14,1.33,0,0.04,0,1.58,-4.86,13.48,36.96,-7.36,4.38,106.18,-2.98,103.2,,,
9011,11.88,49.14,-0.87,0,0.02,0,-1.55,-6.05,13.41,38.98,-7.7,4.4,104.96,-3.3,101.67,,,
9021,14.85,44.98,2.91,0,0.05,0,3.42,-6.38,13.67,39.64,-7.03,4.41,113.15,-2.62,110.53,,,
9031,11.25,44.67,1.85,0,0.03,0,4.79,-5.71,15.46,37.84,-7.05,4.38,110.18,-2.67,107.51,,,
9041,12.08,55.07,-1.2,0,0.08,0,-2.68,-5.55,12.25,37.74,-7.57,4.38,107.78,-3.19,104.59,,,
9051,10.16,39.72,-0.28,0,0.02,0,-0.95,-5.82,13.19,38.28,-7.59,4.39,94.33,-3.2,91.12,,,
9061,14.1,51.54,-4.01,0,0.01,0,0.38,-4.48,14.5,36,-7.7,4.43,108.04,-3.27,104.77,,,
9071,11.37,43.48,-0.53,0,0.01,0,3.73,-5.5,14.12,38.68,-6.75,4.41,105.36,-2.35,103.02,,,
9081,9.75,44.68,2.24,0,0,0,1.12,-4.58,13.79,36.52,-7.37,4.39,103.52,-2.98,100.54,,,
9091,10.67,46.1,-1.93,0,0.01,0,-3.08,-5.71,15.3,38.82,-7.14,4.41,100.18,-2.73,97.45,,,
9101,9.85,53.55,-0.92,0,0.03,0,-0.82,-5.9,15.77,39.08,-7.22,4.37,110.64,-2.85,107.79,,,
9111,13.68,46.37,1.13,0,0.01,0,1.27,-4.6,18.69,37.38,-7.07,4.37,113.93,-2.7,111.23,,,
9121,12.82,44.37,-1.01,0,0.01,0,2.88,-4.75,15.14,37.03,-6.8,4.41,106.47,-2.39,104.08,,,
9131,12.13,43.31,-1.54,0,0.06,0,2.12,-5.27,13.51,38.33,-6.84,4.42,102.66,-2.42,100.24,,,
9141,18.89,47.56,3.27,0,0.03,0,1.98,-4.69,13.81,36.41,-7.17,4.39,117.26,-2.78,114.48,,,
9151,13.9,44.43,0.85,0,0.03,0,0.68,-5.66,18.62,37.94,-6.88,4.39,110.81,-2.49,108.32,,,
9161,17.73,53.15,-3.1,0,0.01,0,-1.87,-4.7,11.81,36.76,-7.1,4.4,109.79,-2.7,107.09,,,
9171,13.32,46.19,1.83,0,0.02,0,0.89,-5.13,17.04,38,-6.74,4.33,112.15,-2.41,109.74,,,
9181,11.18,46.98,1.33,0,0.02,0,5.09,-5.74,16.21,38.46,-7.01,4.35,113.53,-2.66,110.87,,,
9191,10.26,45.14,-1.21,0,0.01,0,-1.55,-5.68,13.1,38.39,-7.1,4.41,98.46,-2.69,95.76,,,
9201,13.48,43.05,-1.54,0,0.02,0,-1.02,-5.47,14.72,37.77,-7.05,4.39,101.02,-2.66,98.36,,,
9211,11.76,51.72,1.09,0,0,0,-1.85,-4.97,12.81,36.49,-7.92,4.39,107.06,-3.52,103.54,,,
9221,21.56,56.49,-0.64,0,0.07,0,-3.26,-5.85,14.17,38.56,-7.75,4.37,121.1,-3.38,117.73,,,
9231,10.1,39.87,0.74,0,0.04,0,0.7,-4.24,16.58,36.09,-7.28,4.39,99.9,-2.89,97,,,
9241,13.18,52.21,-2.55,0,0.02,0,-0.79,-4.73,15.95,36.96,-7.18,4.38,110.23,-2.8,107.43,,,
9251,13.03,48.91,1.97,0,0.03,0,-0.34,-4.6,15.87,36.47,-7.27,4.38,111.33,-2.89,108.45,,,
9261,12.84,42.5,-0.28,0,0.01,0,6.17,-5.67,16,37.52,-7.85,4.36,109.1,-3.49,105.61,,,
9271,14.93,49.37,-0.87,0,0.05,0,1.27,-4.9,13.64,36.71,-7.13,4.36,110.21,-2.77,107.44,,,
9281,14.81,45.43,-1.82,0,0.02,0,3.31,-5.33,14.88,38.02,-7.34,4.4,109.32,-2.94,106.38,,,
9291,12.83,48.35,-2.49,0,0.01,0,3.24,-5.81,16.53,38.6,-7.26,4.36,111.27,-2.9,108.37,,,
9301,9.87,50.72,-0.03,0,0.02,0,-0.34,-5.07,15.08,37.52,-7.07,4.38,107.77,-2.68,105.09,,,
9311,16.55,56.22,0.94,0,0.06,0,-0.11,-4.73,16.17,36.88,-6.85,4.4,121.99,-2.45,119.54,,,
9321,12.17,43.68,-0.6,0,0.02,0,5.59,-5.39,13.44,37.72,-7.43,4.4,106.63,-3.03,103.61,,,
9331,14.67,43.81,-2.97,0,0.02,0,1.07,-4.62,14.31,36.48,-7.31,4.37,102.77,-2.94,99.83,,,
9341,12.83,46.74,-1.43,0,0,0,1.5,-5.75,15.6,37.74,-7.34,4.35,107.23,-2.98,104.25,,,
9351,13.76,43.64,1.35,0,0.01,0,-0.01,-5.59,16.05,37.95,-7.32,4.42,107.14,-2.9,104.24,,,
9361,11.7,53.27,-3.72,0,0.02,0,1.01,-4.58,17.73,36.47,-7.1,4.44,111.9,-2.66,109.24,,,
9371,13.09,45.58,0.94,0,0.06,0,1.26,-4.79,14.23,37.07,-6.9,4.38,107.44,-2.53,104.91,,,
9381,16.33,60.82,-1.41,0,0.05,0,3.85,-5.46,13.22,37.22,-8.19,4.42,124.61,-3.77,120.84,,,
9391,17.67,42.46,-0.72,0,0.05,0,2.98,-5.56,12.72,38.32,-7.67,4.41,107.91,-3.26,104.66,,,
9401,13.87,59.88,-0.33,0,0.04,0,0.74,-5.43,12.81,37.57,-7.42,4.38,119.15,-3.04,116.11,,,
9411,13.19,45.72,-1.82,0,0.03,0,-3.38,-5.75,12.93,38.5,-7.63,4.4,99.42,-3.23,96.18,,,
9421,15.7,47.34,2.36,0,0.01,0,3.08,-5.26,12.98,37.88,-7.53,4.44,114.08,-3.09,110.99,,,
9431,11.84,59.12,-0.59,0,0.01,0,-0.01,-5.37,13.24,38.06,-7.35,4.47,116.31,-2.88,113.43,,,
9441,14.35,56.33,-1.54,0,0.01,0,-0.63,-5.51,15.78,38.6,-7.45,4.4,117.4,-3.06,114.34,,,
9451,16.52,48.1,1.79,0,0.01,0,-0.38,-6,16.17,39.5,-7.54,4.36,115.69,-3.17,112.52,,,
9461,12.03,52.16,-2.14,0,0,0,-2.51,-5.46,12.06,38.05,-7.45,4.4,104.2,-3.05,101.15,,,
9471,12.34,48.25,-4.04,0,0.02,0,1.32,-5.65,14.94,38.69,-7.31,4.4,105.87,-2.92,102.95,,,
9481,16.75,49.74,-2.33,0,0.02,0,-1.16,-4.66,13.9,36.8,-6.9,4.4,109.04,-2.5,106.55,,,
9491,17.93,55.95,0.82,0,0.02,0,-1.49,-4.5,17.04,36.7,-6.89,4.38,122.48,-2.51,119.97,,,
9501,17.05,52.95,-0.51,0,0.01,0,-3.31,-5.51,11.55,38.22,-7.24,4.36,110.44,-2.88,107.55,,,
9511,13.17,48.51,-0.97,0,0.05,0,-0.58,-4.58,12.89,36.51,-7.34,4.35,105,-2.99,102.01,,,
9521,18.54,53.27,-1.69,0,0,0,-1.14,-5.59,13.11,38,-7.62,4.33,114.5,-3.29,111.22,,,
9531,20.9,51.21,-1.25,0,0.04,0,-2.26,-5.5,12.53,38.52,-7.19,4.35,114.19,-2.85,111.34,,,
9541,14.47,46.82,1.14,0,0.04,0,-0.08,-6.43,16.11,40.43,-6.76,4.29,112.49,-2.47,110.01,,,
9551,10.86,47.3,-0.66,0,0.01,0,-1.47,-4.74,14.06,36.9,-7.22,4.37,102.26,-2.85,99.4,,,
9561,21.07,47.8,-0.52,0,0.02,0,-0.09,-4.72,11.81,36.35,-7.46,4.3,111.71,-3.15,108.56,,,
9571,14.93,46.71,-1.32,0,0.02,0,-0.1,-6.12,13.79,39.36,-7.66,4.31,107.27,-3.35,103.92,,,
9581,17.66,45.69,1.46,0,0.03,0,3.1,-5.35,12.61,37.47,-7.94,4.35,112.68,-3.59,109.08,,,
9591,10.84,49.59,-1.08,0,0.02,0,-2.07,-5.07,13.18,37.78,-6.72,4.34,103.19,-2.37,100.81,,,
9601,11.38,53.85,0.02,0,0.01,0,-0.56,-5.75,14.42,38.71,-7.01,4.37,112.08,-2.65,109.44,,,
9611,13.01,52.67,0.41,0,0.06,0,2.68,-4.81,12.35,37.07,-7.12,4.35,113.45,-2.77,110.68,,,
9621,18.58,48.64,1.07,0,0.02,0,-3.77,-5.46,13.4,38.06,-7.23,4.34,110.54,-2.89,107.65,,,
9631,19.46,50.11,0.73,0,0.08,0,-3.28,-5.42,14.42,38.27,-7.27,4.4,114.36,-2.86,111.5,,,
9641,12.58,49.69,-1.04,0,0.02,0,0,-5.55,14.08,38.22,-7.04,4.34,108,-2.7,105.29,,,
9651,13.25,44.62,2.79,0,0,0,4.06,-5.4,14.75,37.91,-7.06,4.29,111.98,-2.77,109.21,,,
9661,8.13,49.7,-3,0,0.02,0,5.85,-4.6,13.02,36.74,-6.73,4.37,105.86,-2.36,103.5,,,
9671,14.59,51.16,-2.5,0,0.02,0,-0.05,-4.61,12.57,36.62,-6.8,4.33,107.8,-2.47,105.33,,,
9681,11.4,46.28,0.75,0,0.02,0,4.75,-4.79,13.46,36.81,-7,4.36,108.67,-2.64,106.03,,,
9691,10.26,47.59,-0.83,0,0.01,0,2.74,-6.04,13.44,38.77,-7.19,4.27,105.94,-2.92,103.01,,,
9701,10.73,60.71,-1.96,0,0.03,0,-5.63,-5.73,14.55,38.41,-7.49,4.37,111.11,-3.12,107.99,,,
9711,9.23,49.65,1.02,0,0.02,0,-0.39,-5.37,13.8,38.47,-6.83,4.32,106.44,-2.51,103.93,,,
9721,10.57,58.92,5.41,0,0.03,0,3.8,-5.6,15.21,38.12,-7.2,4.36,126.46,-2.83,123.63,,,
9731,13.29,53.47,-2.79,0,0.02,0,-0.19,-4.67,15,36.59,-6.7,4.31,110.72,-2.39,108.33,,,
9741,15.22,48.35,-2.39,0,0.02,0,1.84,-5.01,12.78,37.19,-6.93,4.38,107.99,-2.55,105.44,,,
9751,12.27,57.16,-2.5,0,0.02,0,-0.26,-4.69,12.16,36.82,-6.83,4.34,110.98,-2.5,108.49,,,
9761,11.94,46.28,-2.87,0,0.02,0,-1.96,-4.89,12.11,37.48,-7.24,4.36,98.1,-2.88,95.22,,,
9771,11.51,41.38,1.14,0,0.01,0,-0.54,-5.55,14.15,38.47,-7.1,4.3,100.58,-2.79,97.78,,,
9781,12.8,51.33,1.49,0,0.03,0,-0.47,-5,14.34,37.66,-6.83,4.36,112.17,-2.47,109.7,,,
9791,13.58,42.75,0.36,0,0.08,0,-0.45,-5.64,16.39,38.59,-7.12,4.33,105.66,-2.79,102.86,,,
9801,10.63,52.43,3.56,0,0.04,0,-0.24,-5.81,12.08,39.04,-7.21,4.31,111.73,-2.9,108.83,,,
9811,15.15,46.27,-1.81,0,0.01,0,-4.86,-4.92,11.46,37.3,-7.03,4.34,98.6,-2.68,95.92,,,
9821,12.93,54.61,0.12,0,0,0,0.92,-5.11,11.63,37.45,-7.03,4.31,112.56,-2.72,109.84,,,
9831,15.32,52.04,-1.73,0,0.04,0,0.53,-4.78,12.85,36.85,-7.2,4.34,111.12,-2.86,108.26,,,
9841,15.7,58.93,-3.54,0,0.05,0,-0.73,-4.62,12.24,36.73,-7.38,4.32,114.76,-3.06,111.7,,,
9851,15.08,55.75,-2.11,0,0.02,0,-3.35,-6.1,12.66,38.75,-7.33,4.36,110.7,-2.97,107.73,,,
9861,10.21,53.38,-0.94,0,0.02,0,-3.35,-5.35,14.54,38.11,-6.59,4.36,106.63,-2.23,104.39,,,
9871,15.77,48.38,-2.12,0,0.02,0,-0.72,-5.53,16.11,38.54,-7.04,4.35,110.45,-2.69,107.76,,,
9881,16.08,46.33,3.92,0,0.01,0,-1.72,-4.9,14.89,37.08,-7.11,4.33,111.69,-2.78,108.91,,,
9891,12.02,65.39,-0.31,0,0.02,0,-3.94,-5.09,14.72,37.8,-7.36,4.39,120.62,-2.98,117.64,,,
9901,17.21,42.47,-2.81,0,0,0,4.77,-5.09,12.01,38.01,-7.31,4.34,106.58,-2.97,103.61,,,
9911,14.53,49.96,-3.22,0,0.01,0,4.55,-4.62,11.17,36.36,-6.93,4.31,108.75,-2.62,106.13,,,
9921,14.8,47.04,-0.72,0,0.01,0,0.57,-5.88,13.75,38.41,-6.77,4.33,107.98,-2.44,105.54,,,
9931,16.08,49.4,1.12,0,0.01,0,1.16,-4.98,10.82,36.68,-7.64,4.37,110.3,-3.27,107.03,,,
9941,8.81,54.48,0.06,0,0.04,0,-2.13,-4.42,12.37,36.45,-7.26,4.36,105.65,-2.9,102.75,,,
9951,12.78,52.15,2.29,0,0.07,0,0.79,-4.36,14.98,35.86,-6.96,4.31,114.56,-2.65,111.92,,,
9961,11.07,51.01,-0.4,0,0.02,0,0.16,-5.45,16.01,38.48,-6.35,4.31,110.9,-2.04,108.86,,,
9971,9.49,65.3,-0.85,0,0.05,0,-2.49,-4.52,11.24,36.77,-7.23,4.37,114.99,-2.86,112.13,,,
9981,12.83,52.41,-2.96,0,0.05,0,-0.45,-4.54,11.4,36.93,-7.32,4.36,105.67,-2.96,102.71,,,
9991,9.01,60.17,-1.65,0,0.01,0,-0.38,-5.56,14.85,38.39,-6.42,4.3,114.85,-2.12,112.72,,,
10001,12.76,43.16,0.29,0,0.01,0,-0.15,-4.53,12.58,36.83,-6.94,4.38,100.95,-2.57,98.39,,,
,,,,,,,,,,,,,,,,,,
Delta Energy Terms,,,,,,,,,,,,,,,,,,
Frame #,BOND,ANGLE,DIHED,UB,IMP,CMAP,VDWAALS,EEL,1-4 VDW,1-4 EEL,EGB,ESURF,GGAS,GSOLV,TOTAL,,,
1,0,0,0,0,0,0,-38.08,-7.24,0,0,28.06,-4.78,-45.32,23.28,-22.04,,,
11,0,0,0,0,0,0,-28.95,-1.48,0,0,15,-3.27,-30.43,11.72,-18.71,,-22.52456543,4.825645556
21,0,0,0,0,0,0,-34,-18.33,0,0,30.59,-4.7,-52.33,25.89,-26.44,,,
31,0,0,0,0,0,0,-35.66,-6.27,0,0,23.56,-4.54,-41.93,19.02,-22.92,,,
41,0,0,0,0,0,0,-37.07,-5.99,0,0,24.1,-4.86,-43.07,19.25,-23.82,,,
51,0,0,0,0,0,0,-37.8,-5.3,0,0,22.88,-4.7,-43.1,18.18,-24.92,,,
61,0,0,0,0,0,0,-29.11,-3.16,0,0,15.93,-3.55,-32.27,12.39,-19.88,,,
71,0,0,0,0,0,0,-26.84,-1.47,0,0,16.13,-3.77,-28.31,12.36,-15.95,,,
81,0,0,0,0,0,0,-30.11,0.68,0,0,15.61,-4.19,-29.43,11.42,-18.01,,,
91,0,0,0,0,0,0,-30.27,-2.79,0,0,17.92,-4.02,-33.06,13.9,-19.16,,,
101,0,0,0,0,0,0,-31.47,-6.22,0,0,22.99,-4.25,-37.69,18.74,-18.95,,,
111,0,0,0,0,0,0,-30.17,-1.46,0,0,15.6,-3.9,-31.63,11.7,-19.93,,,
121,0,0,0,0,0,0,-30.73,-0.22,0,0,17.43,-4.27,-30.95,13.16,-17.79,,,
131,0,0,0,0,0,0,-30.43,-4.98,0,0,22.06,-4.4,-35.41,17.66,-17.75,,,
141,0,0,0,0,0,0,-26.84,-0.99,0,0,13.75,-3.18,-27.82,10.56,-17.26,,,
151,0,0,0,0,0,0,-30.5,-1.02,0,0,17.79,-4.29,-31.52,13.5,-18.02,,,
161,0,0,0,0,0,0,-25.5,-3.11,0,0,18.57,-3.81,-28.62,14.75,-13.86,,,
171,0,0,0,0,0,0,-32.78,-4.02,0,0,21.82,-4.48,-36.79,17.34,-19.45,,,
181,0,0,0,0,0,0,-26.61,0.37,0,0,14.75,-3.59,-26.24,11.16,-15.07,,,
191,0,0,0,0,0,0,-28.78,-6.83,0,0,23.88,-3.7,-35.61,20.18,-15.43,,,
201,0,0,0,0,0,0,-29.48,-2.11,0,0,18.65,-3.71,-31.59,14.94,-16.66,,,
211,0,0,0,0,0,0,-25.48,-3.34,0,0,18.32,-3.23,-28.81,15.1,-13.72,,,
221,0,0,0,0,0,0,-31.59,-2.59,0,0,17.85,-3.92,-34.17,13.93,-20.24,,,
231,0,0,0,0,0,0,-28.59,-4.2,0,0,19.43,-3.58,-32.79,15.85,-16.94,,,
241,0,0,0,0,0,0,-29.71,-5.5,0,0,19.36,-3.64,-35.22,15.72,-19.5,,,
251,0,0,0,0,0,0,-25.56,-4.77,0,0,18.78,-3.48,-30.33,15.29,-15.04,,,
261,0,0,0,0,0,0,-28.61,-5.53,0,0,19.79,-3.81,-34.14,15.98,-18.16,,,
271,0,0,0,0,0,0,-26.23,-3.78,0,0,17.97,-3.53,-30.01,14.44,-15.57,,,
281,0,0,0,0,0,0,-28.1,-7.31,0,0,22.58,-3.86,-35.41,18.72,-16.69,,,
291,0,0,0,0,0,0,-28.95,-2.65,0,0,17.68,-3.88,-31.6,13.8,-17.81,,,
301,0,0,0,0,0,0,-29.24,-2.27,0,0,18.97,-3.99,-31.5,14.98,-16.53,,,
311,0,0,0,0,0,0,-31.61,-4.27,0,0,20.61,-4.02,-35.88,16.59,-19.29,,,
321,0,0,0,0,0,0,-32.89,-5.49,0,0,21.09,-4.05,-38.38,17.04,-21.34,,,
331,0,0,0,0,0,0,-30.51,-5.58,0,0,23.7,-3.99,-36.09,19.71,-16.38,,,
341,0,0,0,0,0,0,-29.92,-8.59,0,0,25.29,-3.93,-38.51,21.37,-17.15,,,
351,0,0,0,0,0,0,-29.53,-7.15,0,0,23.78,-3.72,-36.68,20.06,-16.62,,,
361,0,0,0,0,0,0,-28.14,-18.1,0,0,29.24,-3.6,-46.24,25.64,-20.6,,,
371,0,0,0,0,0,0,-24.55,-5.94,0,0,19.07,-3.29,-30.49,15.78,-14.7,,,
381,0,0,0,0,0,0,-24.24,-5.65,0,0,20.94,-3.4,-29.9,17.54,-12.35,,,
391,0,0,0,0,0,0,-21.71,-4.2,0,0,16.4,-2.89,-25.91,13.51,-12.4,,,
401,0,0,0,0,0,0,-23.42,-6.86,0,0,20.81,-3.33,-30.28,17.48,-12.8,,,
411,0,0,0,0,0,0,-28.14,-6.96,0,0,24.28,-3.56,-35.1,20.72,-14.38,,,
421,0,0,0,0,0,0,-30,-20.98,0,0,33.14,-4.31,-50.98,28.83,-22.15,,,
431,0,0,0,0,0,0,-30.15,-8.74,0,0,25.48,-3.77,-38.89,21.71,-17.19,,,
441,0,0,0,0,0,0,-28.99,-7.26,0,0,22.31,-3.59,-36.25,18.72,-17.53,,,
451,0,0,0,0,0,0,-31.98,-9.06,0,0,29.04,-4.1,-41.04,24.95,-16.1,,,
461,0,0,0,0,0,0,-30.29,-8.43,0,0,25.54,-3.8,-38.72,21.75,-16.97,,,
471,0,0,0,0,0,0,-30.58,-6.77,0,0,24.27,-3.67,-37.35,20.61,-16.75,,,
481,0,0,0,0,0,0,-33.76,-8.83,0,0,29.01,-4.32,-42.59,24.69,-17.9,,,
491,0,0,0,0,0,0,-27.41,-11.61,0,0,27.91,-4.11,-39.02,23.8,-15.22,,,
501,0,0,0,0,0,0,-25.9,-20.53,0,0,32.29,-4.2,-46.43,28.09,-18.34,,,
511,0,0,0,0,0,0,-26.82,-20.15,0,0,31.51,-3.93,-46.97,27.58,-19.39,,,
521,0,0,0,0,0,0,-30.6,-17.25,0,0,33.9,-4.24,-47.86,29.66,-18.2,,,
531,0,0,0,0,0,0,-25.86,-17.74,0,0,30.25,-4.02,-43.61,26.23,-17.38,,,
541,0,0,0,0,0,0,-32.8,-16.09,0,0,31.11,-4.15,-48.9,26.96,-21.93,,,
551,0,0,0,0,0,0,-29.53,-16.13,0,0,28.2,-4,-45.67,24.2,-21.47,,,
561,0,0,0,0,0,0,-30.79,-16.07,0,0,30.24,-3.97,-46.87,26.28,-20.59,,,
571,0,0,0,0,0,0,-31.85,-15.73,0,0,29.01,-4.21,-47.58,24.79,-22.78,,,
581,0,0,0,0,0,0,-33.51,-15.64,0,0,30.07,-4.02,-49.15,26.04,-23.1,,,
591,0,0,0,0,0,0,-32.53,-15.34,0,0,30.05,-4.13,-47.87,25.93,-21.94,,,
601,0,0,0,0,0,0,-28.97,-13.76,0,0,28.22,-4.12,-42.73,24.11,-18.63,,,
611,0,0,0,0,0,0,-31.11,-14.99,0,0,30.31,-3.95,-46.1,26.36,-19.74,,,
621,0,0,0,0,0,0,-30.65,-8.47,0,0,27.89,-3.98,-39.12,23.91,-15.21,,,
631,0,0,0,0,0,0,-33.51,-17.28,0,0,30.58,-4.71,-50.79,25.88,-24.92,,,
641,0,0,0,0,0,0,-34.47,-15.63,0,0,29.81,-4.63,-50.1,25.18,-24.92,,,
651,0,0,0,0,0,0,-32.55,-9.72,0,0,28.72,-4.44,-42.27,24.27,-18,,,
661,0,0,0,0,0,0,-28.27,-5.88,0,0,21.26,-3.74,-34.15,17.53,-16.62,,,
671,0,0,0,0,0,0,-32.58,-17.15,0,0,30.05,-4.14,-49.73,25.91,-23.82,,,
681,0,0,0,0,0,0,-28.38,-1.8,0,0,19.23,-3.76,-30.18,15.46,-14.71,,,
691,0,0,0,0,0,0,-31.71,-6.96,0,0,24.13,-4.23,-38.67,19.9,-18.76,,,
701,0,0,0,0,0,0,-30.24,-7.04,0,0,22.84,-3.92,-37.28,18.91,-18.37,,,
711,0,0,0,0,0,0,-33.29,-4.97,0,0,25.03,-4.32,-38.26,20.71,-17.55,,,
721,0,0,0,0,0,0,-33.81,-10.2,0,0,28.42,-4.36,-44.01,24.06,-19.95,,,
731,0,0,0,0,0,0,-27.6,-5.93,0,0,21.4,-3.41,-33.53,18,-15.53,,,
741,0,0,0,0,0,0,-29.6,-7.46,0,0,23.73,-3.87,-37.05,19.86,-17.19,,,
751,0,0,0,0,0,0,-29.81,-7.5,0,0,24.95,-3.67,-37.31,21.28,-16.03,,,
761,0,0,0,0,0,0,-30.45,-6.94,0,0,22.16,-3.81,-37.39,18.34,-19.04,,,
771,0,0,0,0,0,0,-29.5,-19.68,0,0,30.82,-3.49,-49.18,27.33,-21.85,,,
781,0,0,0,0,0,0,-25,-6.56,0,0,21.17,-3.01,-31.56,18.16,-13.4,,,
791,0,0,0,0,0,0,-30.48,-4.09,0,0,19.64,-3.8,-34.57,15.84,-18.73,,,
801,0,0,0,0,0,0,-25.98,-6.09,0,0,21.6,-3.26,-32.08,18.34,-13.74,,,
811,0,0,0,0,0,0,-27.91,-15.23,0,0,27.31,-3.7,-43.14,23.61,-19.53,,,
821,0,0,0,0,0,0,-28.1,-11.79,0,0,28.01,-4.04,-39.89,23.97,-15.92,,,
831,0,0,0,0,0,0,-26.26,-13.16,0,0,24.91,-3.48,-39.42,21.43,-17.99,,,
841,0,0,0,0,0,0,-30.57,-5.67,0,0,22.37,-3.79,-36.24,18.58,-17.66,,,
851,0,0,0,0,0,0,-26.91,-9,0,0,24.21,-3.65,-35.91,20.56,-15.35,,,
861,0,0,0,0,0,0,-28.16,-1.89,0,0,17.01,-3.45,-30.05,13.56,-16.49,,,
871,0,0,0,0,0,0,-29.86,-2.76,0,0,19.72,-3.63,-32.62,16.1,-16.53,,,
881,0,0,0,0,0,0,-30.39,-5.76,0,0,22.55,-3.65,-36.15,18.9,-17.25,,,
891,0,0,0,0,0,0,-28.4,-6.17,0,0,23.17,-3.7,-34.57,19.47,-15.09,,,
901,0,0,0,0,0,0,-32.18,-8.07,0,0,25.65,-3.96,-40.25,21.7,-18.55,,,
911,0,0,0,0,0,0,-27.99,-3.36,0,0,18.75,-3.62,-31.35,15.12,-16.22,,,
921,0,0,0,0,0,0,-28.71,-3.74,0,0,19.86,-3.69,-32.46,16.17,-16.29,,,
931,0,0,0,0,0,0,-26.65,-6.37,0,0,21.33,-3.35,-33.02,17.98,-15.04,,,
941,0,0,0,0,0,0,-32.28,-2,0,0,17.41,-3.89,-34.27,13.52,-20.75,,,
951,0,0,0,0,0,0,-21.99,-0.86,0,0,12.72,-2.52,-22.85,10.2,-12.65,,,
961,0,0,0,0,0,0,-24.98,-2.18,0,0,16.04,-2.95,-27.16,13.1,-14.07,,,
971,0,0,0,0,0,0,-26.83,-6.74,0,0,21.25,-3.44,-33.57,17.81,-15.76,,,
981,0,0,0,0,0,0,-28.22,-1.28,0,0,15.89,-3.62,-29.5,12.27,-17.23,,,
991,0,0,0,0,0,0,-23.64,-1.6,0,0,13.41,-3.03,-25.25,10.39,-14.86,,,
1001,0,0,0,0,0,0,-22.48,-0.26,0,0,12.24,-2.76,-22.74,9.48,-13.27,,,
1011,0,0,0,0,0,0,-22.38,-3.03,0,0,16.95,-2.7,-25.41,14.26,-11.15,,,
1021,0,0,0,0,0,0,-25.46,-1.5,0,0,14.64,-3.36,-26.96,11.27,-15.69,,,
1031,0,0,0,0,0,0,-23.07,-4.59,0,0,17.96,-3.16,-27.66,14.8,-12.86,,,
1041,0,0,0,0,0,0,-25.5,-1.64,0,0,14.22,-3.33,-27.14,10.9,-16.24,,,
1051,0,0,0,0,0,0,-24.4,-0.99,0,0,14.54,-3.3,-25.4,11.25,-14.15,,,
1061,0,0,0,0,0,0,-25.81,-2.48,0,0,17,-3.43,-28.29,13.58,-14.71,,,
1071,0,0,0,0,0,0,-29.42,-3.47,0,0,20.6,-4.08,-32.9,16.52,-16.37,,,
1081,0,0,0,0,0,0,-24.57,-8.42,0,0,19.65,-3.36,-32.99,16.29,-16.7,,,
1091,0,0,0,0,0,0,-22.6,-2.43,0,0,15.13,-2.99,-25.03,12.14,-12.89,,,
1101,0,0,0,0,0,0,-23.73,-1.21,0,0,17.18,-3.13,-24.93,14.05,-10.89,,,
1111,0,0,0,0,0,0,-17.34,-10.19,0,0,17.16,-2.44,-27.53,14.72,-12.82,,,
1121,0,0,0,0,0,0,-26.2,-5.15,0,0,19,-3.34,-31.35,15.65,-15.69,,,
1131,0,0,0,0,0,0,-25.56,-3.39,0,0,14.74,-3.01,-28.95,11.73,-17.22,,,
1141,0,0,0,0,0,0,-25.87,-4.38,0,0,17.96,-3.42,-30.26,14.54,-15.72,,,
1151,0,0,0,0,0,0,-26.94,-8.71,0,0,24.94,-3.78,-35.65,21.17,-14.48,,,
1161,0,0,0,0,0,0,-28.09,-10.24,0,0,25.38,-4.13,-38.33,21.25,-17.08,,,
1171,0,0,0,0,0,0,-34.96,-13.99,0,0,30.09,-4.43,-48.96,25.66,-23.3,,,
1181,0,0,0,0,0,0,-40.05,-11.82,0,0,29.89,-5.31,-51.87,24.58,-27.29,,,
1191,0,0,0,0,0,0,-41.22,-18.6,0,0,35.59,-5.27,-59.82,30.32,-29.49,,,
1201,0,0,0,0,0,0,-33.83,-22.56,0,0,35.41,-4.96,-56.39,30.45,-25.94,,,
1211,0,0,0,0,0,0,-36.3,-15.22,0,0,32.08,-5.31,-51.52,26.77,-24.75,,,
1221,0,0,0,0,0,0,-35.54,-16.7,0,0,30.39,-5.25,-52.23,25.15,-27.09,,,
1231,0,0,0,0,0,0,-35.65,-16.24,0,0,32.91,-4.88,-51.89,28.03,-23.86,,,
1241,0,0,0,0,0,0,-34.14,-17.47,0,0,31.9,-4.76,-51.61,27.15,-24.47,,,
1251,0,0,0,0,0,0,-28.76,-20.96,0,0,32.17,-4.22,-49.73,27.95,-21.78,,,
1261,0,0,0,0,0,0,-36.79,-16.87,0,0,32.78,-5.19,-53.66,27.58,-26.08,,,
1271,0,0,0,0,0,0,-37.45,-15.53,0,0,31.62,-5.12,-52.98,26.5,-26.48,,,
1281,0,0,0,0,0,0,-27.75,0.23,0,0,14.63,-3.47,-27.53,11.15,-16.37,,,
1291,0,0,0,0,0,0,-27.54,0.02,0,0,16.66,-3.78,-27.52,12.88,-14.64,,,
1301,0,0,0,0,0,0,-28.77,-1.56,0,0,18.99,-3.91,-30.33,15.08,-15.25,,,
1311,0,0,0,0,0,0,-25.42,-4.37,0,0,19.38,-3.5,-29.79,15.88,-13.91,,,
1321,0,0,0,0,0,0,-32.62,-3.14,0,0,21.48,-4.22,-35.76,17.26,-18.5,,,
1331,0,0,0,0,0,0,-30.21,-5.77,0,0,21.42,-4.06,-35.97,17.35,-18.62,,,
1341,0,0,0,0,0,0,-28.52,-3.6,0,0,19.73,-3.42,-32.12,16.31,-15.8,,,
1351,0,0,0,0,0,0,-29.48,-0.58,0,0,16.16,-3.55,-30.05,12.61,-17.44,,,
1361,0,0,0,0,0,0,-34.19,-2.55,0,0,18.44,-4.46,-36.74,13.97,-22.77,,,
1371,0,0,0,0,0,0,-31.07,-1.46,0,0,17.06,-4.28,-32.53,12.77,-19.76,,,
1381,0,0,0,0,0,0,-28.9,0.33,0,0,14.6,-3.65,-28.57,10.96,-17.62,,,
1391,0,0,0,0,0,0,-29.47,-2.64,0,0,18.8,-3.8,-32.1,15.01,-17.1,,,
1401,0,0,0,0,0,0,-28.02,-2.11,0,0,17.3,-3.76,-30.12,13.54,-16.59,,,
1411,0,0,0,0,0,0,-28.45,-0.45,0,0,16.63,-3.79,-28.9,12.84,-16.06,,,
1421,0,0,0,0,0,0,-33.7,-1.22,0,0,20.5,-4.27,-34.92,16.23,-18.69,,,
1431,0,0,0,0,0,0,-29.04,-1.56,0,0,17.64,-4.22,-30.61,13.42,-17.19,,,
1441,0,0,0,0,0,0,-29.7,-0.24,0,0,14.01,-3.94,-29.94,10.07,-19.86,,,
1451,0,0,0,0,0,0,-27.98,-3.32,0,0,17.89,-3.66,-31.3,14.23,-17.07,,,
1461,0,0,0,0,0,0,-33.06,-0.23,0,0,16.22,-4.37,-33.29,11.86,-21.43,,,
1471,0,0,0,0,0,0,-31.04,-1.94,0,0,16.26,-3.98,-32.98,12.28,-20.7,,,
1481,0,0,0,0,0,0,-32.94,-0.43,0,0,16.33,-4.37,-33.37,11.97,-21.4,,,
1491,0,0,0,0,0,0,-30.47,-3.04,0,0,18.15,-4.49,-33.51,13.66,-19.86,,,
1501,0,0,0,0,0,0,-33.25,1.38,0,0,13.11,-4.41,-31.87,8.7,-23.17,,,
1511,0,0,0,0,0,0,-27.71,0.72,0,0,14.82,-4.12,-27,10.71,-16.29,,,
1521,0,0,0,0,0,0,-29.62,-0.75,0,0,15.31,-3.85,-30.37,11.46,-18.91,,,
1531,0,0,0,0,0,0,-32.19,-2.83,0,0,17.3,-4.36,-35.02,12.94,-22.08,,,
1541,0,0,0,0,0,0,-34.17,0.98,0,0,13.66,-4.18,-33.19,9.48,-23.71,,,
1551,0,0,0,0,0,0,-30.45,-9.63,0,0,20.79,-4.57,-40.09,16.23,-23.86,,,
1561,0,0,0,0,0,0,-30.47,-1.95,0,0,15.31,-4.19,-32.42,11.13,-21.29,,,
1571,0,0,0,0,0,0,-31.13,-8.92,0,0,18.49,-4.13,-40.05,14.36,-25.69,,,
1581,0,0,0,0,0,0,-34.73,-0.33,0,0,16.29,-4.43,-35.06,11.86,-23.2,,,
1591,0,0,0,0,0,0,-29.77,1,0,0,14.17,-4.32,-28.77,9.85,-18.92,,,
1601,0,0,0,0,0,0,-31.49,-7.92,0,0,20.03,-4.29,-39.41,15.74,-23.66,,,
1611,0,0,0,0,0,0,-31.83,3.28,0,0,13.72,-4.32,-28.55,9.4,-19.15,,,
1621,0,0,0,0,0,0,-30.15,-0.98,0,0,14.98,-4.06,-31.14,10.92,-20.22,,,
1631,0,0,0,0,0,0,-30.81,0.03,0,0,16.8,-4.6,-30.77,12.2,-18.58,,,
1641,0,0,0,0,0,0,-25.2,-1.71,0,0,15.39,-3.69,-26.91,11.71,-15.21,,,
1651,0,0,0,0,0,0,-30.02,-0.91,0,0,16.23,-4.11,-30.92,12.12,-18.8,,,
1661,0,0,0,0,0,0,-30.39,1.82,0,0,14.55,-3.9,-28.57,10.65,-17.92,,,
1671,0,0,0,0,0,0,-25.45,1.39,0,0,11.95,-3.57,-24.06,8.38,-15.68,,,
1681,0,0,0,0,0,0,-26.82,-2.51,0,0,17.91,-3.89,-29.33,14.02,-15.31,,,
1691,0,0,0,0,0,0,-27.04,0.21,0,0,12.65,-3.54,-26.83,9.12,-17.71,,,
1701,0,0,0,0,0,0,-26.29,-0.81,0,0,13,-3.43,-27.1,9.57,-17.53,,,
1711,0,0,0,0,0,0,-28.3,-0.96,0,0,14.85,-3.96,-29.25,10.9,-18.36,,,
1721,0,0,0,0,0,0,-31.82,2.11,0,0,13.24,-4.35,-29.71,8.9,-20.81,,,
1731,0,0,0,0,0,0,-28.33,-0.8,0,0,16.48,-3.88,-29.13,12.6,-16.53,,,
1741,0,0,0,0,0,0,-24.74,-0.83,0,0,13.46,-3.37,-25.58,10.09,-15.49,,,
1751,0,0,0,0,0,0,-23.85,-0.9,0,0,12.34,-3.18,-24.75,9.16,-15.59,,,
1761,0,0,0,0,0,0,-29.41,-0.98,0,0,14.81,-3.95,-30.39,10.86,-19.52,,,
1771,0,0,0,0,0,0,-28.02,1.56,0,0,11.39,-4.04,-26.45,7.35,-19.11,,,
1781,0,0,0,0,0,0,-27.13,4.26,0,0,10.67,-4.23,-22.86,6.45,-16.41,,,
1791,0,0,0,0,0,0,-27.47,1.57,0,0,11.7,-3.63,-25.9,8.06,-17.84,,,
1801,0,0,0,0,0,0,-27.87,2.89,0,0,11.84,-3.94,-24.97,7.9,-17.07,,,
1811,0,0,0,0,0,0,-28.22,-1.54,0,0,16.2,-3.81,-29.77,12.4,-17.37,,,
1821,0,0,0,0,0,0,-24.96,-0.27,0,0,13.17,-3.37,-25.23,9.8,-15.44,,,
1831,0,0,0,0,0,0,-22.86,-4,0,0,15.48,-3.4,-26.86,12.07,-14.79,,,
1841,0,0,0,0,0,0,-24.88,0.16,0,0,13.17,-3.42,-24.73,9.75,-14.98,,,
1851,0,0,0,0,0,0,-24.34,2.13,0,0,11.11,-3.47,-22.22,7.65,-14.57,,,
1861,0,0,0,0,0,0,-25.36,0.09,0,0,15.14,-3.62,-25.27,11.52,-13.75,,,
1871,0,0,0,0,0,0,-30.07,-4,0,0,20.35,-4.22,-34.07,16.13,-17.94,,,
1881,0,0,0,0,0,0,-26.13,-1.42,0,0,15.2,-3.53,-27.55,11.67,-15.88,,,
1891,0,0,0,0,0,0,-24.05,-3.68,0,0,15.76,-2.88,-27.73,12.88,-14.85,,,
1901,0,0,0,0,0,0,-29.16,-2.12,0,0,18.78,-3.99,-31.28,14.79,-16.49,,,
1911,0,0,0,0,0,0,-25.51,1.23,0,0,13.31,-3.57,-24.28,9.73,-14.55,,,
1921,0,0,0,0,0,0,-29.97,-3.05,0,0,17.19,-3.93,-33.02,13.25,-19.77,,,
1931,0,0,0,0,0,0,-32.41,3.14,0,0,13.5,-4.07,-29.27,9.43,-19.84,,,
1941,0,0,0,0,0,0,-24.23,6.02,0,0,7.21,-3.51,-18.21,3.7,-14.51,,,
1951,0,0,0,0,0,0,-30.82,-4.68,0,0,18.4,-3.63,-35.5,14.77,-20.74,,,
1961,0,0,0,0,0,0,-28.22,-1.7,0,0,15.83,-3.36,-29.92,12.47,-17.45,,,
1971,0,0,0,0,0,0,-33.34,0.01,0,0,15.5,-4.23,-33.33,11.27,-22.06,,,
1981,0,0,0,0,0,0,-29.38,3.66,0,0,11.09,-3.62,-25.73,7.48,-18.25,,,
1991,0,0,0,0,0,0,-29.7,2.75,0,0,11.9,-3.59,-26.95,8.31,-18.63,,,
2001,0,0,0,0,0,0,-31.3,-0.49,0,0,15.04,-3.91,-31.79,11.14,-20.65,,,
2011,0,0,0,0,0,0,-30.83,-2.75,0,0,15.59,-3.86,-33.58,11.73,-21.85,,,
2021,0,0,0,0,0,0,-31.7,1.05,0,0,14.39,-3.98,-30.65,10.41,-20.24,,,
2031,0,0,0,0,0,0,-33.4,0.48,0,0,17.36,-4.03,-32.91,13.33,-19.58,,,
2041,0,0,0,0,0,0,-34.49,-0.41,0,0,16.5,-3.94,-34.9,12.57,-22.34,,,
2051,0,0,0,0,0,0,-31.54,-1.46,0,0,15.29,-3.78,-33,11.51,-21.49,,,
2061,0,0,0,0,0,0,-31.25,-3.58,0,0,18.84,-3.99,-34.83,14.85,-19.98,,,
2071,0,0,0,0,0,0,-30.12,-1.86,0,0,20.11,-3.78,-31.98,16.33,-15.65,,,
2081,0,0,0,0,0,0,-29.01,-1.5,0,0,18.53,-3.87,-30.51,14.66,-15.85,,,
2091,0,0,0,0,0,0,-34.82,-0.2,0,0,18.1,-4.25,-35.02,13.85,-21.17,,,
2101,0,0,0,0,0,0,-33.31,0.51,0,0,18.2,-4.35,-32.8,13.85,-18.95,,,
2111,0,0,0,0,0,0,-24.94,-2.84,0,0,16.28,-3.24,-27.78,13.04,-14.74,,,
2121,0,0,0,0,0,0,-25.15,2.71,0,0,11.06,-3.31,-22.44,7.76,-14.68,,,
2131,0,0,0,0,0,0,-29.92,-1.26,0,0,16.56,-3.87,-31.18,12.69,-18.49,,,
2141,0,0,0,0,0,0,-35.6,1.79,0,0,15.06,-4.07,-33.82,10.99,-22.83,,,
2151,0,0,0,0,0,0,-29.53,-4.04,0,0,18.03,-3.88,-33.57,14.14,-19.43,,,
2161,0,0,0,0,0,0,-34.11,1.6,0,0,14.3,-4.15,-32.5,10.15,-22.35,,,
2171,0,0,0,0,0,0,-36.98,3.25,0,0,13.77,-4.04,-33.73,9.74,-24,,,
2181,0,0,0,0,0,0,-35.25,-0.08,0,0,16.39,-4.15,-35.33,12.24,-23.09,,,
2191,0,0,0,0,0,0,-35.73,1.26,0,0,14.38,-4.14,-34.47,10.24,-24.23,,,
2201,0,0,0,0,0,0,-35.12,-3.27,0,0,18.75,-4.02,-38.39,14.73,-23.67,,,
2211,0,0,0,0,0,0,-26.42,2.78,0,0,13.65,-4.03,-23.65,9.62,-14.02,,,
2221,0,0,0,0,0,0,-31.68,2.58,0,0,14.2,-4.35,-29.09,9.84,-19.25,,,
2231,0,0,0,0,0,0,-29.97,-1.86,0,0,16.16,-3.9,-31.83,12.26,-19.58,,,
2241,0,0,0,0,0,0,-24.74,3.31,0,0,9.04,-3.35,-21.44,5.69,-15.75,,,
2251,0,0,0,0,0,0,-30.2,0.08,0,0,14.01,-3.84,-30.12,10.17,-19.95,,,
2261,0,0,0,0,0,0,-33.14,1.06,0,0,15.87,-4.12,-32.07,11.75,-20.32,,,
2271,0,0,0,0,0,0,-32.81,0.52,0,0,15.9,-4.06,-32.28,11.84,-20.44,,,
2281,0,0,0,0,0,0,-32.54,-0.14,0,0,16.32,-3.88,-32.68,12.45,-20.23,,,
2291,0,0,0,0,0,0,-32.87,5.04,0,0,13.57,-4.19,-27.83,9.38,-18.45,,,
2301,0,0,0,0,0,0,-34.84,4.31,0,0,12.86,-4.12,-30.52,8.74,-21.78,,,
2311,0,0,0,0,0,0,-34.92,4.77,0,0,12.2,-3.86,-30.15,8.34,-21.81,,,
2321,0,0,0,0,0,0,-28.44,5.69,0,0,9.16,-3.35,-22.75,5.81,-16.94,,,
2331,0,0,0,0,0,0,-36.72,-1.39,0,0,21.35,-4.66,-38.11,16.69,-21.42,,,
2341,0,0,0,0,0,0,-27.43,2.25,0,0,10,-3.29,-25.18,6.71,-18.48,,,
2351,0,0,0,0,0,0,-29.7,5.19,0,0,10.72,-3.98,-24.51,6.74,-17.77,,,
2361,0,0,0,0,0,0,-31.84,-0.04,0,0,17.02,-4.05,-31.88,12.98,-18.9,,,
2371,0,0,0,0,0,0,-32.85,4.39,0,0,11.27,-4.07,-28.46,7.2,-21.26,,,
2381,0,0,0,0,0,0,-30.96,4.26,0,0,11.41,-3.84,-26.7,7.57,-19.13,,,
2391,0,0,0,0,0,0,-30.72,4.3,0,0,11.03,-3.63,-26.42,7.4,-19.02,,,
2401,0,0,0,0,0,0,-30.61,6.59,0,0,8.71,-3.9,-24.02,4.81,-19.21,,,
2411,0,0,0,0,0,0,-31.16,4.08,0,0,11.41,-3.97,-27.08,7.44,-19.64,,,
2421,0,0,0,0,0,0,-33.97,0.2,0,0,19.36,-4.27,-33.77,15.09,-18.69,,,
2431,0,0,0,0,0,0,-31.97,1.37,0,0,15.13,-3.73,-30.6,11.4,-19.2,,,
2441,0,0,0,0,0,0,-29.93,-1.01,0,0,16.24,-3.63,-30.94,12.61,-18.33,,,
2451,0,0,0,0,0,0,-32.65,3.52,0,0,12.78,-3.77,-29.13,9.01,-20.12,,,
2461,0,0,0,0,0,0,-31.85,3.74,0,0,14.99,-3.94,-28.12,11.05,-17.06,,,
2471,0,0,0,0,0,0,-32,4.59,0,0,11.27,-3.87,-27.41,7.41,-20,,,
2481,0,0,0,0,0,0,-32.72,0.61,0,0,18.41,-3.89,-32.11,14.52,-17.59,,,
2491,0,0,0,0,0,0,-32.6,4.27,0,0,11.29,-3.87,-28.33,7.43,-20.9,,,
2501,0,0,0,0,0,0,-32.45,-3.18,0,0,18.56,-3.86,-35.63,14.69,-20.94,,,
2511,0,0,0,0,0,0,-28,5.05,0,0,8.93,-3.48,-22.95,5.45,-17.5,,,
2521,0,0,0,0,0,0,-26.2,-0.36,0,0,14.41,-3.31,-26.56,11.1,-15.46,,,
2531,0,0,0,0,0,0,-33.61,-0.5,0,0,15.52,-4.19,-34.1,11.32,-22.78,,,
2541,0,0,0,0,0,0,-30.21,-2.78,0,0,16.98,-3.43,-32.99,13.55,-19.44,,,
2551,0,0,0,0,0,0,-34.07,-3.16,0,0,17.48,-4.11,-37.23,13.36,-23.87,,,
2561,0,0,0,0,0,0,-35.08,-4.52,0,0,19.93,-4.05,-39.6,15.88,-23.72,,,
2571,0,0,0,0,0,0,-35.52,2.45,0,0,12.66,-4.5,-33.07,8.16,-24.91,,,
2581,0,0,0,0,0,0,-32.84,1.2,0,0,14.24,-4.53,-31.65,9.71,-21.93,,,
2591,0,0,0,0,0,0,-34.43,-2.47,0,0,18.42,-4.35,-36.9,14.07,-22.83,,,
2601,0,0,0,0,0,0,-29.2,1.21,0,0,12.29,-3.89,-28,8.4,-19.6,,,
2611,0,0,0,0,0,0,-31.41,-0.57,0,0,17.2,-3.92,-31.99,13.28,-18.71,,,
2621,0,0,0,0,0,0,-35.18,-2.08,0,0,17.56,-4.1,-37.26,13.46,-23.81,,,
2631,0,0,0,0,0,0,-27.7,-1.82,0,0,16.53,-3.54,-29.52,12.99,-16.53,,,
2641,0,0,0,0,0,0,-35,-2.62,0,0,18.78,-4.29,-37.62,14.49,-23.13,,,
2651,0,0,0,0,0,0,-37.47,-1.27,0,0,18.08,-4.61,-38.74,13.47,-25.26,,,
2661,0,0,0,0,0,0,-30.69,4.78,0,0,10.09,-4.12,-25.92,5.97,-19.95,,,
2671,0,0,0,0,0,0,-34.49,-4.18,0,0,20.07,-4.36,-38.67,15.71,-22.95,,,
2681,0,0,0,0,0,0,-34.65,4.8,0,0,14.39,-4.45,-29.84,9.94,-19.9,,,
2691,0,0,0,0,0,0,-34.53,2.76,0,0,13.39,-4.14,-31.78,9.26,-22.52,,,
2701,0,0,0,0,0,0,-32.74,5.52,0,0,10.79,-3.97,-27.21,6.82,-20.39,,,
2711,0,0,0,0,0,0,-33.35,0.49,0,0,17.81,-4.37,-32.85,13.44,-19.42,,,
2721,0,0,0,0,0,0,-25.04,-1.7,0,0,16.09,-3.25,-26.74,12.84,-13.9,,,
2731,0,0,0,0,0,0,-28.48,-1.2,0,0,15.81,-3.73,-29.68,12.08,-17.61,,,
2741,0,0,0,0,0,0,-26.46,-3.63,0,0,18.18,-3.57,-30.09,14.61,-15.47,,,
2751,0,0,0,0,0,0,-29.3,-0.45,0,0,16.03,-3.73,-29.75,12.3,-17.46,,,
2761,0,0,0,0,0,0,-34.01,2.27,0,0,14.07,-4.24,-31.74,9.83,-21.91,,,
2771,0,0,0,0,0,0,-33.71,-1.61,0,0,17.74,-3.79,-35.32,13.95,-21.37,,,
2781,0,0,0,0,0,0,-28.84,5.27,0,0,9.93,-3.65,-23.57,6.27,-17.3,,,
2791,0,0,0,0,0,0,-29.72,-1.1,0,0,15.38,-3.67,-30.82,11.71,-19.11,,,
2801,0,0,0,0,0,0,-35.15,-2.4,0,0,19.92,-4.33,-37.55,15.58,-21.96,,,
2811,0,0,0,0,0,0,-29.31,2.87,0,0,11.8,-3.77,-26.44,8.03,-18.41,,,
2821,0,0,0,0,0,0,-32.42,-3.41,0,0,18.41,-4.09,-35.82,14.32,-21.5,,,
2831,0,0,0,0,0,0,-31.82,-4.08,0,0,18.74,-4.2,-35.9,14.54,-21.36,,,
2841,0,0,0,0,0,0,-29.58,-0.77,0,0,17.4,-4.13,-30.34,13.27,-17.08,,,
2851,0,0,0,0,0,0,-33.32,-1.28,0,0,16.59,-3.99,-34.6,12.61,-21.99,,,
2861,0,0,0,0,0,0,-31.81,0.23,0,0,15.15,-3.92,-31.59,11.22,-20.36,,,
2871,0,0,0,0,0,0,-32.81,1.42,0,0,14.47,-4.14,-31.39,10.33,-21.06,,,
2881,0,0,0,0,0,0,-31.63,-0.02,0,0,14.18,-3.58,-31.65,10.6,-21.05,,,
2891,0,0,0,0,0,0,-31.93,1.02,0,0,14.46,-3.87,-30.92,10.59,-20.33,,,
2901,0,0,0,0,0,0,-26.84,7.33,0,0,7.17,-3.77,-19.51,3.4,-16.12,,,
2911,0,0,0,0,0,0,-28.03,0.64,0,0,13.18,-3.38,-27.39,9.79,-17.59,,,
2921,0,0,0,0,0,0,-31.9,2.6,0,0,12.39,-3.92,-29.3,8.47,-20.83,,,
2931,0,0,0,0,0,0,-32.84,2.82,0,0,11.44,-3.76,-30.02,7.67,-22.35,,,
2941,0,0,0,0,0,0,-34.84,2.37,0,0,16.18,-4.2,-32.47,11.99,-20.48,,,
2951,0,0,0,0,0,0,-28.92,-1.02,0,0,15.44,-3.36,-29.94,12.08,-17.87,,,
2961,0,0,0,0,0,0,-33.81,0.68,0,0,15.66,-4.05,-33.13,11.61,-21.52,,,
2971,0,0,0,0,0,0,-33.72,3.87,0,0,12.29,-3.8,-29.85,8.49,-21.37,,,
2981,0,0,0,0,0,0,-31.93,-0.15,0,0,14.6,-3.72,-32.08,10.88,-21.2,,,
2991,0,0,0,0,0,0,-32.53,6.71,0,0,9.7,-4.01,-25.82,5.69,-20.13,,,
3001,0,0,0,0,0,0,-32.46,2.95,0,0,13.61,-4.14,-29.51,9.47,-20.04,,,
3011,0,0,0,0,0,0,-27.21,-0.02,0,0,13.26,-3.17,-27.22,10.09,-17.13,,,
3021,0,0,0,0,0,0,-26.98,-1.08,0,0,14.31,-3.47,-28.06,10.84,-17.22,,,
3031,0,0,0,0,0,0,-28.6,1.5,0,0,14.58,-3.94,-27.11,10.63,-16.47,,,
3041,0,0,0,0,0,0,-31.02,-1.58,0,0,16.38,-3.71,-32.6,12.67,-19.93,,,
3051,0,0,0,0,0,0,-34.22,0.79,0,0,13.63,-3.86,-33.43,9.77,-23.66,,,
3061,0,0,0,0,0,0,-30.28,2.12,0,0,12.62,-3.66,-28.17,8.96,-19.2,,,
3071,0,0,0,0,0,0,-29.04,0.89,0,0,15.03,-3.9,-28.14,11.13,-17.02,,,
3081,0,0,0,0,0,0,-30.24,3.09,0,0,12.42,-3.69,-27.15,8.73,-18.42,,,
3091,0,0,0,0,0,0,-32.88,1.51,0,0,14.93,-3.69,-31.37,11.25,-20.12,,,
3101,0,0,0,0,0,0,-33.73,-2.17,0,0,19.2,-4,-35.9,15.2,-20.7,,,
3111,0,0,0,0,0,0,-31.99,-1.31,0,0,18.64,-4.09,-33.3,14.56,-18.74,,,
3121,0,0,0,0,0,0,-35.78,0.61,0,0,18.65,-4.28,-35.18,14.36,-20.81,,,
3131,0,0,0,0,0,0,-32.38,0.5,0,0,17.18,-4.04,-31.87,13.14,-18.73,,,
3141,0,0,0,0,0,0,-34.74,3.13,0,0,14.92,-3.84,-31.62,11.09,-20.53,,,
3151,0,0,0,0,0,0,-34.08,-2.63,0,0,18.98,-4.21,-36.71,14.77,-21.93,,,
3161,0,0,0,0,0,0,-28.11,0.39,0,0,13.29,-3.59,-27.71,9.69,-18.02,,,
3171,0,0,0,0,0,0,-31.62,-1.79,0,0,15.29,-3.85,-33.4,11.44,-21.96,,,
3181,0,0,0,0,0,0,-34.68,-5.07,0,0,20.52,-4.49,-39.76,16.03,-23.73,,,
3191,0,0,0,0,0,0,-29.52,-1.47,0,0,16.73,-4.32,-30.99,12.41,-18.58,,,
3201,0,0,0,0,0,0,-22.76,-2.54,0,0,13.88,-3.13,-25.3,10.75,-14.55,,,
3211,0,0,0,0,0,0,-32.87,-2.4,0,0,17.93,-4.06,-35.27,13.87,-21.4,,,
3221,0,0,0,0,0,0,-23.9,2.6,0,0,9.22,-3.3,-21.29,5.92,-15.38,,,
3231,0,0,0,0,0,0,-32.32,0,0,0,14.37,-3.43,-32.32,10.94,-21.38,,,
3241,0,0,0,0,0,0,-30.39,1.53,0,0,12.91,-3.8,-28.86,9.12,-19.74,,,
3251,0,0,0,0,0,0,-33,-0.83,0,0,17.2,-3.89,-33.84,13.31,-20.53,,,
3261,0,0,0,0,0,0,-29.44,-2.8,0,0,18.86,-4.16,-32.24,14.7,-17.54,,,
3271,0,0,0,0,0,0,-31.23,-3.05,0,0,16.75,-3.98,-34.29,12.77,-21.51,,,
3281,0,0,0,0,0,0,-33.73,6.29,0,0,10.31,-4.09,-27.45,6.21,-21.23,,,
3291,0,0,0,0,0,0,-31.01,-0.53,0,0,15.23,-3.74,-31.54,11.49,-20.05,,,
3301,0,0,0,0,0,0,-30.75,-0.84,0,0,15.4,-3.77,-31.58,11.62,-19.96,,,
3311,0,0,0,0,0,0,-29.54,0.98,0,0,11.87,-3.55,-28.56,8.33,-20.23,,,
3321,0,0,0,0,0,0,-28.03,-1.35,0,0,15.24,-3.67,-29.38,11.57,-17.81,,,
3331,0,0,0,0,0,0,-27.34,1.22,0,0,11.42,-3.54,-26.13,7.88,-18.24,,,
3341,0,0,0,0,0,0,-24.33,1.77,0,0,10.62,-3.08,-22.56,7.54,-15.02,,,
3351,0,0,0,0,0,0,-30.43,0.93,0,0,13.94,-3.57,-29.51,10.37,-19.14,,,
3361,0,0,0,0,0,0,-30.87,-0.42,0,0,17.07,-3.78,-31.29,13.29,-18,,,
3371,0,0,0,0,0,0,-29.68,0.26,0,0,13.45,-3.42,-29.42,10.04,-19.38,,,
3381,0,0,0,0,0,0,-19.9,4.24,0,0,5.22,-2.33,-15.66,2.89,-12.77,,,
3391,0,0,0,0,0,0,-28.53,-1.81,0,0,14.88,-3.63,-30.34,11.26,-19.08,,,
3401,0,0,0,0,0,0,-29.98,3.37,0,0,10.67,-3.5,-26.61,7.17,-19.44,,,
3411,0,0,0,0,0,0,-30.43,5.5,0,0,9.51,-3.44,-24.93,6.07,-18.85,,,
3421,0,0,0,0,0,0,-32.45,4.06,0,0,11.43,-3.82,-28.39,7.61,-20.78,,,
3431,0,0,0,0,0,0,-30.13,3.39,0,0,11.12,-3.61,-26.73,7.51,-19.22,,,
3441,0,0,0,0,0,0,-29.95,-3.09,0,0,18.73,-3.74,-33.04,14.99,-18.05,,,
3451,0,0,0,0,0,0,-29.99,-1.86,0,0,17.05,-3.65,-31.85,13.39,-18.46,,,
3461,0,0,0,0,0,0,-27.71,0.51,0,0,13.95,-3.18,-27.21,10.78,-16.43,,,
3471,0,0,0,0,0,0,-31.48,0.86,0,0,13.67,-3.83,-30.62,9.83,-20.78,,,
3481,0,0,0,0,0,0,-30.14,-2.29,0,0,15.78,-3.45,-32.43,12.32,-20.11,,,
3491,0,0,0,0,0,0,-29.73,1.17,0,0,13.59,-3.59,-28.56,10,-18.56,,,
3501,0,0,0,0,0,0,-28.56,-1.91,0,0,15.79,-3.89,-30.48,11.9,-18.58,,,
3511,0,0,0,0,0,0,-29.6,-0.41,0,0,15.85,-3.59,-30.01,12.25,-17.76,,,
3521,0,0,0,0,0,0,-27.65,5.57,0,0,10.12,-3.28,-22.08,6.84,-15.24,,,
3531,0,0,0,0,0,0,-27.42,0.17,0,0,13,-3.4,-27.24,9.6,-17.64,,,
3541,0,0,0,0,0,0,-29.91,-1.33,0,0,16.13,-3.47,-31.24,12.66,-18.58,,,
3551,0,0,0,0,0,0,-26.15,0.35,0,0,14.16,-3.65,-25.8,10.5,-15.3,,,
3561,0,0,0,0,0,0,-32.34,-1.58,0,0,16.61,-4.1,-33.92,12.5,-21.42,,,
3571,0,0,0,0,0,0,-27.02,-1.23,0,0,14.58,-3.48,-28.25,11.1,-17.15,,,
3581,0,0,0,0,0,0,-28.92,-2.32,0,0,16.68,-3.42,-31.24,13.25,-17.99,,,
3591,0,0,0,0,0,0,-30.28,0.12,0,0,15.65,-3.61,-30.15,12.04,-18.11,,,
3601,0,0,0,0,0,0,-31.46,-1.6,0,0,16.92,-4.2,-33.06,12.72,-20.34,,,
3611,0,0,0,0,0,0,-24.44,3.13,0,0,9.66,-3.53,-21.31,6.13,-15.18,,,
3621,0,0,0,0,0,0,-26.92,3.34,0,0,11.02,-3.59,-23.58,7.43,-16.15,,,
3631,0,0,0,0,0,0,-31.18,-0.79,0,0,16.25,-4.09,-31.97,12.16,-19.81,,,
3641,0,0,0,0,0,0,-28.02,-0.08,0,0,13.33,-3.82,-28.1,9.51,-18.59,,,
3651,0,0,0,0,0,0,-30.66,5.79,0,0,11.02,-3.84,-24.87,7.18,-17.69,,,
3661,0,0,0,0,0,0,-29.22,7.02,0,0,9.54,-3.95,-22.2,5.59,-16.61,,,
3671,0,0,0,0,0,0,-24.73,0.36,0,0,14.6,-3.38,-24.37,11.22,-13.15,,,
3681,0,0,0,0,0,0,-32.96,3.38,0,0,12.68,-4.22,-29.58,8.46,-21.11,,,
3691,0,0,0,0,0,0,-34.39,-1.84,0,0,22.31,-4.39,-36.22,17.92,-18.3,,,
3701,0,0,0,0,0,0,-30.42,8.59,0,0,8.66,-3.98,-21.83,4.68,-17.16,,,
3711,0,0,0,0,0,0,-28.31,-1.87,0,0,15.51,-3.62,-30.19,11.89,-18.29,,,
3721,0,0,0,0,0,0,-30.84,-1.88,0,0,14.88,-4.06,-32.73,10.83,-21.9,,,
3731,0,0,0,0,0,0,-30.88,-2.03,0,0,18.97,-4.19,-32.91,14.78,-18.13,,,
3741,0,0,0,0,0,0,-28.29,-4.02,0,0,17.98,-3.71,-32.31,14.27,-18.04,,,
3751,0,0,0,0,0,0,-25.41,-2.48,0,0,16.06,-3.64,-27.9,12.42,-15.48,,,
3761,0,0,0,0,0,0,-32.22,1.46,0,0,14.45,-4.12,-30.75,10.33,-20.42,,,
3771,0,0,0,0,0,0,-31.83,-3.04,0,0,17.6,-3.91,-34.87,13.7,-21.18,,,
3781,0,0,0,0,0,0,-30.77,-2,0,0,17.13,-3.74,-32.77,13.39,-19.39,,,
3791,0,0,0,0,0,0,-35,-0.85,0,0,16.91,-4.2,-35.85,12.71,-23.14,,,
3801,0,0,0,0,0,0,-24.29,2.88,0,0,10.32,-3.28,-21.41,7.04,-14.37,,,
3811,0,0,0,0,0,0,-24.13,-4.06,0,0,16.38,-3.11,-28.18,13.27,-14.91,,,
3821,0,0,0,0,0,0,-17.99,-3.22,0,0,12.97,-2.81,-21.21,10.16,-11.05,,,
3831,0,0,0,0,0,0,-20.92,-2.52,0,0,14.31,-2.82,-23.44,11.49,-11.95,,,
3841,0,0,0,0,0,0,-16.12,3.82,0,0,5.15,-2.37,-12.3,2.77,-9.53,,,
3851,0,0,0,0,0,0,-22.53,-1.47,0,0,10.75,-2.94,-24,7.81,-16.19,,,
3861,0,0,0,0,0,0,-20.6,3.66,0,0,6.63,-2.6,-16.94,4.03,-12.91,,,
3871,0,0,0,0,0,0,-16.56,0.25,0,0,6.88,-1.82,-16.31,5.07,-11.25,,,
3881,0,0,0,0,0,0,-25.93,1.81,0,0,10.54,-3.49,-24.12,7.06,-17.07,,,
3891,0,0,0,0,0,0,-18.4,-3.11,0,0,12.77,-2.36,-21.51,10.41,-11.1,,,
3901,0,0,0,0,0,0,-27.41,5.82,0,0,7.77,-3.31,-21.59,4.46,-17.13,,,
3911,0,0,0,0,0,0,-25.97,-4.9,0,0,18.9,-3.81,-30.87,15.09,-15.77,,,
3921,0,0,0,0,0,0,-19.94,0.02,0,0,10.6,-3.1,-19.93,7.5,-12.43,,,
3931,0,0,0,0,0,0,-21.87,0.75,0,0,10.86,-3.02,-21.12,7.84,-13.28,,,
3941,0,0,0,0,0,0,-22.62,2.57,0,0,9.21,-3.01,-20.05,6.2,-13.85,,,
3951,0,0,0,0,0,0,-23.36,-1.04,0,0,12.26,-3.26,-24.4,9,-15.4,,,
3961,0,0,0,0,0,0,-26,0.43,0,0,11.35,-3.22,-25.57,8.13,-17.44,,,
3971,0,0,0,0,0,0,-20.33,2.52,0,0,7.95,-2.71,-17.81,5.23,-12.58,,,
3981,0,0,0,0,0,0,-23.68,4.48,0,0,8.68,-3.31,-19.2,5.37,-13.83,,,
3991,0,0,0,0,0,0,-22.65,-12.8,0,0,22.2,-3.11,-35.45,19.09,-16.36,,,
4001,0,0,0,0,0,0,-22.93,3.22,0,0,7.78,-3.34,-19.72,4.43,-15.28,,,
4011,0,0,0,0,0,0,-22.69,-1.06,0,0,12.32,-2.99,-23.75,9.33,-14.42,,,
4021,0,0,0,0,0,0,-25.8,2.24,0,0,9.36,-3.35,-23.55,6.02,-17.54,,,
4031,0,0,0,0,0,0,-21.73,-13.84,0,0,19.54,-4.02,-35.57,15.52,-20.05,,,
4041,0,0,0,0,0,0,-25.24,-0.94,0,0,16.13,-3.96,-26.18,12.17,-14.01,,,
4051,0,0,0,0,0,0,-29.55,-2.11,0,0,17.23,-4.37,-31.66,12.86,-18.81,,,
4061,0,0,0,0,0,0,-28.21,-0.87,0,0,15.48,-4.16,-29.07,11.32,-17.75,,,
4071,0,0,0,0,0,0,-27.87,0.65,0,0,14.85,-4.01,-27.22,10.84,-16.38,,,
4081,0,0,0,0,0,0,-25.02,-1.92,0,0,14.99,-3.58,-26.95,11.4,-15.54,,,
4091,0,0,0,0,0,0,-30.38,-2.78,0,0,17.96,-4.21,-33.17,13.75,-19.42,,,
4101,0,0,0,0,0,0,-25.08,-0.01,0,0,13.87,-3.49,-25.09,10.38,-14.7,,,
4111,0,0,0,0,0,0,-25.89,0.11,0,0,12.84,-3.61,-25.78,9.24,-16.55,,,
4121,0,0,0,0,0,0,-25.98,1.17,0,0,12.34,-3.66,-24.81,8.68,-16.12,,,
4131,0,0,0,0,0,0,-25.83,1.16,0,0,12.13,-3.34,-24.67,8.79,-15.88,,,
4141,0,0,0,0,0,0,-25.27,-3.29,0,0,14.46,-3.25,-28.56,11.21,-17.35,,,
4151,0,0,0,0,0,0,-22.81,-2.8,0,0,14.78,-3.1,-25.61,11.68,-13.93,,,
4161,0,0,0,0,0,0,-19.85,0.33,0,0,12.66,-3.24,-19.52,9.42,-10.11,,,
4171,0,0,0,0,0,0,-26.36,-1.27,0,0,13.66,-3.42,-27.63,10.24,-17.39,,,
4181,0,0,0,0,0,0,-26.37,2.72,0,0,10.29,-3.74,-23.66,6.54,-17.11,,,
4191,0,0,0,0,0,0,-30.67,-2.7,0,0,18.93,-4.23,-33.37,14.7,-18.67,,,
4201,0,0,0,0,0,0,-31.87,1.27,0,0,12.91,-4.34,-30.6,8.56,-22.04,,,
4211,0,0,0,0,0,0,-24.17,-1.95,0,0,14.54,-3.3,-26.12,11.25,-14.87,,,
4221,0,0,0,0,0,0,-28.01,3.4,0,0,11.52,-3.6,-24.62,7.91,-16.71,,,
4231,0,0,0,0,0,0,-25.02,1.66,0,0,14.69,-4.01,-23.36,10.68,-12.69,,,
4241,0,0,0,0,0,0,-27.22,0.03,0,0,12.58,-3.75,-27.19,8.83,-18.36,,,
4251,0,0,0,0,0,0,-31.14,-2.79,0,0,19.51,-4.32,-33.93,15.19,-18.74,,,
4261,0,0,0,0,0,0,-27.44,-0.03,0,0,14.21,-3.66,-27.47,10.55,-16.92,,,
4271,0,0,0,0,0,0,-23.14,0.53,0,0,12.77,-3.48,-22.61,9.29,-13.32,,,
4281,0,0,0,0,0,0,-22.61,-3.45,0,0,13.03,-3.14,-26.06,9.9,-16.16,,,
4291,0,0,0,0,0,0,-24.34,-3.56,0,0,15.01,-3.44,-27.9,11.57,-16.33,,,
4301,0,0,0,0,0,0,-24.36,-4.35,0,0,16.51,-3.63,-28.71,12.87,-15.84,,,
4311,0,0,0,0,0,0,-25.82,-1.85,0,0,13.82,-3.66,-27.67,10.16,-17.5,,,
4321,0,0,0,0,0,0,-25.17,3.03,0,0,7.19,-3.43,-22.13,3.76,-18.37,,,
4331,0,0,0,0,0,0,-23.43,-1.09,0,0,11.08,-3.15,-24.52,7.93,-16.59,,,
4341,0,0,0,0,0,0,-23.03,-3.64,0,0,14.16,-3.29,-26.66,10.87,-15.79,,,
4351,0,0,0,0,0,0,-20.76,-5.15,0,0,16.32,-3.06,-25.91,13.26,-12.65,,,
4361,0,0,0,0,0,0,-26.7,-5.26,0,0,18.2,-3.59,-31.97,14.61,-17.35,,,
4371,0,0,0,0,0,0,-23.22,-5.41,0,0,17.98,-3.23,-28.63,14.75,-13.88,,,
4381,0,0,0,0,0,0,-22.21,3.26,0,0,10.23,-3.3,-18.95,6.93,-12.02,,,
4391,0,0,0,0,0,0,-23.22,-5.41,0,0,16.64,-2.96,-28.63,13.69,-14.95,,,
4401,0,0,0,0,0,0,-27.29,3.15,0,0,8.84,-3.31,-24.14,5.53,-18.61,,,
4411,0,0,0,0,0,0,-36.78,0.54,0,0,14.74,-4.56,-36.24,10.18,-26.06,,,
4421,0,0,0,0,0,0,-34.78,3.75,0,0,12.39,-4.55,-31.03,7.84,-23.19,,,
4431,0,0,0,0,0,0,-29.79,4.06,0,0,9.89,-3.76,-25.74,6.14,-19.6,,,
4441,0,0,0,0,0,0,-20.8,-2.98,0,0,13.21,-2.81,-23.79,10.4,-13.38,,,
4451,0,0,0,0,0,0,-24.87,3.65,0,0,9.32,-3.75,-21.22,5.57,-15.66,,,
4461,0,0,0,0,0,0,-29.2,-3.15,0,0,16.29,-3.83,-32.35,12.46,-19.89,,,
4471,0,0,0,0,0,0,-32.11,3.21,0,0,11.73,-4.01,-28.9,7.72,-21.19,,,
4481,0,0,0,0,0,0,-32.81,0.92,0,0,14.45,-4,-31.89,10.44,-21.45,,,
4491,0,0,0,0,0,0,-35.18,0.66,0,0,12.48,-4.12,-34.52,8.36,-26.17,,,
4501,0,0,0,0,0,0,-29.16,-2.41,0,0,14.59,-3.47,-31.58,11.12,-20.45,,,
4511,0,0,0,0,0,0,-28.92,5.58,0,0,7.95,-3.7,-23.34,4.25,-19.09,,,
4521,0,0,0,0,0,0,-26.36,3.35,0,0,11.36,-3.61,-23.01,7.74,-15.26,,,
4531,0,0,0,0,0,0,-29.43,2.61,0,0,13.27,-3.54,-26.82,9.73,-17.1,,,
4541,0,0,0,0,0,0,-30.74,-3.36,0,0,16.55,-3.58,-34.1,12.97,-21.14,,,
4551,0,0,0,0,0,0,-28.25,2.08,0,0,12.15,-3.57,-26.17,8.57,-17.59,,,
4561,0,0,0,0,0,0,-28.09,-3.67,0,0,17.68,-3.58,-31.75,14.09,-17.66,,,
4571,0,0,0,0,0,0,-31.14,-1.92,0,0,16.76,-3.79,-33.06,12.97,-20.09,,,
4581,0,0,0,0,0,0,-29.37,-4.45,0,0,18.9,-3.72,-33.82,15.18,-18.63,,,
4591,0,0,0,0,0,0,-32.45,-2.75,0,0,18.15,-3.84,-35.2,14.31,-20.89,,,
4601,0,0,0,0,0,0,-29.31,0.1,0,0,14.95,-3.94,-29.21,11.01,-18.19,,,
4611,0,0,0,0,0,0,-35.62,-2.62,0,0,17.49,-4.42,-38.25,13.07,-25.18,,,
4621,0,0,0,0,0,0,-32.99,-6.39,0,0,16.68,-4.59,-39.38,12.09,-27.29,,,
4631,0,0,0,0,0,0,-38.17,-0.06,0,0,16.36,-4.5,-38.23,11.86,-26.37,,,
4641,0,0,0,0,0,0,-35.2,0.05,0,0,16.79,-4.11,-35.16,12.69,-22.47,,,
4651,0,0,0,0,0,0,-36.22,7.55,0,0,9.83,-4.57,-28.67,5.26,-23.41,,,
4661,0,0,0,0,0,0,-26.28,0.44,0,0,14.75,-3.29,-25.84,11.46,-14.38,,,
4671,0,0,0,0,0,0,-30.38,-0.27,0,0,14.54,-4,-30.65,10.54,-20.11,,,
4681,0,0,0,0,0,0,-30.05,1.49,0,0,12.25,-3.73,-28.56,8.52,-20.05,,,
4691,0,0,0,0,0,0,-33.6,3.18,0,0,13.46,-4.11,-30.42,9.35,-21.07,,,
4701,0,0,0,0,0,0,-31.54,-3.48,0,0,17.98,-3.96,-35.02,14.02,-21,,,
4711,0,0,0,0,0,0,-31.59,0.98,0,0,12.61,-3.68,-30.61,8.93,-21.68,,,
4721,0,0,0,0,0,0,-33.99,2.64,0,0,13.11,-4.12,-31.35,8.99,-22.36,,,
4731,0,0,0,0,0,0,-34.29,1.53,0,0,14.82,-3.87,-32.76,10.95,-21.81,,,
4741,0,0,0,0,0,0,-31.26,1.98,0,0,12.08,-3.51,-29.27,8.57,-20.71,,,
4751,0,0,0,0,0,0,-32.88,0.48,0,0,12.71,-3.91,-32.41,8.8,-23.61,,,
4761,0,0,0,0,0,0,-32.68,2.62,0,0,13.6,-3.97,-30.06,9.63,-20.44,,,
4771,0,0,0,0,0,0,-32.03,-0.42,0,0,13.75,-3.53,-32.46,10.22,-22.24,,,
4781,0,0,0,0,0,0,-30.35,2.84,0,0,12.96,-3.64,-27.51,9.32,-18.19,,,
4791,0,0,0,0,0,0,-32.02,3.08,0,0,13.95,-3.9,-28.94,10.05,-18.89,,,
4801,0,0,0,0,0,0,-31.42,2.32,0,0,12.35,-3.48,-29.11,8.87,-20.24,,,
4811,0,0,0,0,0,0,-36.37,5.87,0,0,10.37,-4.09,-30.5,6.28,-24.22,,,
4821,0,0,0,0,0,0,-33.47,4.03,0,0,12.74,-3.96,-29.44,8.78,-20.66,,,
4831,0,0,0,0,0,0,-31.1,3.13,0,0,12.2,-3.77,-27.97,8.43,-19.54,,,
4841,0,0,0,0,0,0,-28.76,0.63,0,0,13.7,-3.38,-28.13,10.32,-17.81,,,
4851,0,0,0,0,0,0,-29.18,-2.29,0,0,15.59,-3.6,-31.47,12,-19.47,,,
4861,0,0,0,0,0,0,-35.86,1.17,0,0,15.32,-4.17,-34.7,11.14,-23.55,,,
4871,0,0,0,0,0,0,-35.8,2.45,0,0,14.42,-3.93,-33.35,10.5,-22.86,,,
4881,0,0,0,0,0,0,-31.21,1.28,0,0,12.44,-3.82,-29.93,8.62,-21.31,,,
4891,0,0,0,0,0,0,-35.98,3.69,0,0,13,-4.34,-32.28,8.66,-23.62,,,
4901,0,0,0,0,0,0,-31.94,6.37,0,0,8.68,-3.99,-25.57,4.69,-20.88,,,
4911,0,0,0,0,0,0,-32.92,0.48,0,0,14.66,-3.92,-32.45,10.74,-21.7,,,
4921,0,0,0,0,0,0,-33.41,7.52,0,0,7.93,-4.09,-25.89,3.84,-22.06,,,
4931,0,0,0,0,0,0,-34.98,3.87,0,0,12.53,-4.34,-31.11,8.19,-22.92,,,
4941,0,0,0,0,0,0,-34.47,0.73,0,0,13.39,-3.91,-33.74,9.48,-24.26,,,
4951,0,0,0,0,0,0,-40.93,-1.57,0,0,16.05,-4.69,-42.5,11.36,-31.15,,,
4961,0,0,0,0,0,0,-36.89,0.21,0,0,15.08,-4.11,-36.68,10.97,-25.71,,,
4971,0,0,0,0,0,0,-34.16,0.61,0,0,13.19,-4.03,-33.54,9.17,-24.37,,,
4981,0,0,0,0,0,0,-35.74,1.46,0,0,13.95,-4.12,-34.28,9.83,-24.45,,,
4991,0,0,0,0,0,0,-36.65,3.52,0,0,11.83,-4.43,-33.13,7.4,-25.73,,,
5001,0,0,0,0,0,0,-34.85,-1.82,0,0,17.02,-3.87,-36.67,13.15,-23.52,,,
5011,0,0,0,0,0,0,-32.92,1.25,0,0,14.92,-3.91,-31.67,11.01,-20.66,,,
5021,0,0,0,0,0,0,-32.36,2.3,0,0,11.26,-4.09,-30.07,7.17,-22.89,,,
5031,0,0,0,0,0,0,-33.16,2.99,0,0,11.29,-4.1,-30.17,7.19,-22.98,,,
5041,0,0,0,0,0,0,-41.7,0.32,0,0,16.75,-4.89,-41.37,11.85,-29.52,,,
5051,0,0,0,0,0,0,-35.88,-3.65,0,0,15.84,-4.72,-39.53,11.11,-28.42,,,
5061,0,0,0,0,0,0,-36.67,3.32,0,0,11.71,-4.6,-33.35,7.11,-26.24,,,
5071,0,0,0,0,0,0,-35.21,3.52,0,0,11.61,-4.84,-31.69,6.78,-24.91,,,
5081,0,0,0,0,0,0,-34.63,2.28,0,0,11.07,-4.14,-32.35,6.93,-25.42,,,
5091,0,0,0,0,0,0,-32.65,1.9,0,0,12.46,-4.65,-30.74,7.81,-22.93,,,
5101,0,0,0,0,0,0,-35.3,3.78,0,0,9.23,-4.41,-31.52,4.82,-26.7,,,
5111,0,0,0,0,0,0,-38.86,-2.33,0,0,16.58,-4.66,-41.19,11.92,-29.27,,,
5121,0,0,0,0,0,0,-37.95,-2.02,0,0,17.61,-4.85,-39.97,12.76,-27.21,,,
5131,0,0,0,0,0,0,-35.33,-2.72,0,0,18.62,-4.65,-38.04,13.97,-24.07,,,
5141,0,0,0,0,0,0,-34.54,-7.65,0,0,19.6,-5.1,-42.19,14.5,-27.69,,,
5151,0,0,0,0,0,0,-40.71,3.83,0,0,11,-4.92,-36.88,6.08,-30.8,,,
5161,0,0,0,0,0,0,-35.13,-2.44,0,0,17.01,-4.66,-37.57,12.35,-25.22,,,
5171,0,0,0,0,0,0,-36.37,-5.55,0,0,19.15,-4.48,-41.92,14.67,-27.26,,,
5181,0,0,0,0,0,0,-31.04,-4.02,0,0,15.69,-3.79,-35.06,11.91,-23.15,,,
5191,0,0,0,0,0,0,-33.66,-4.56,0,0,16.41,-4.03,-38.22,12.38,-25.84,,,
5201,0,0,0,0,0,0,-39.28,-3.03,0,0,17.74,-4.66,-42.31,13.08,-29.23,,,
5211,0,0,0,0,0,0,-32.01,4.98,0,0,8.74,-3.84,-27.03,4.9,-22.12,,,
5221,0,0,0,0,0,0,-38.19,-0.44,0,0,17.44,-4.55,-38.63,12.89,-25.74,,,
5231,0,0,0,0,0,0,-38.22,-2.51,0,0,17.54,-4.47,-40.73,13.06,-27.67,,,
5241,0,0,0,0,0,0,-39.29,0.45,0,0,17.27,-5.04,-38.84,12.23,-26.61,,,
5251,0,0,0,0,0,0,-36.58,3.3,0,0,12.19,-4.68,-33.29,7.51,-25.78,,,
5261,0,0,0,0,0,0,-38.25,3.23,0,0,13.3,-4.74,-35.02,8.56,-26.46,,,
5271,0,0,0,0,0,0,-37.53,-1.61,0,0,18.1,-4.81,-39.14,13.29,-25.85,,,
5281,0,0,0,0,0,0,-32.04,-1.83,0,0,14.64,-4.33,-33.87,10.31,-23.57,,,
5291,0,0,0,0,0,0,-40.52,5.29,0,0,11.4,-4.98,-35.23,6.42,-28.81,,,
5301,0,0,0,0,0,0,-43.49,-3.26,0,0,19.31,-5.17,-46.74,14.14,-32.6,,,
5311,0,0,0,0,0,0,-40.57,2.99,0,0,12.58,-4.62,-37.59,7.96,-29.62,,,
5321,0,0,0,0,0,0,-35.19,3.41,0,0,11.32,-4.02,-31.78,7.3,-24.48,,,
5331,0,0,0,0,0,0,-42.39,-0.16,0,0,16.86,-5.02,-42.55,11.85,-30.7,,,
5341,0,0,0,0,0,0,-42.32,0.86,0,0,15.97,-5.06,-41.46,10.92,-30.54,,,
5351,0,0,0,0,0,0,-42.29,0.29,0,0,16.93,-5.06,-42,11.87,-30.13,,,
5361,0,0,0,0,0,0,-44.38,-1.18,0,0,17.65,-5.13,-45.57,12.52,-33.05,,,
5371,0,0,0,0,0,0,-34.55,-1.98,0,0,16.06,-4.22,-36.54,11.84,-24.7,,,
5381,0,0,0,0,0,0,-38.01,-1.77,0,0,16.79,-4.55,-39.78,12.24,-27.53,,,
5391,0,0,0,0,0,0,-41.08,0.4,0,0,14.21,-4.87,-40.67,9.35,-31.33,,,
5401,0,0,0,0,0,0,-35.33,-2.48,0,0,17.56,-4.38,-37.81,13.18,-24.63,,,
5411,0,0,0,0,0,0,-37.54,0.73,0,0,15.25,-4.77,-36.81,10.48,-26.33,,,
5421,0,0,0,0,0,0,-38.38,-1.4,0,0,17.32,-4.85,-39.78,12.47,-27.31,,,
5431,0,0,0,0,0,0,-39.8,0.55,0,0,14.8,-4.95,-39.25,9.85,-29.39,,,
5441,0,0,0,0,0,0,-34.47,2.74,0,0,12.8,-3.94,-31.73,8.85,-22.88,,,
5451,0,0,0,0,0,0,-34.12,-2.26,0,0,15.85,-4.06,-36.39,11.79,-24.6,,,
5461,0,0,0,0,0,0,-40.19,-1.9,0,0,18.61,-4.88,-42.08,13.73,-28.35,,,
5471,0,0,0,0,0,0,-37.08,-2.3,0,0,18.23,-4.68,-39.38,13.55,-25.83,,,
5481,0,0,0,0,0,0,-44.55,2.62,0,0,13.73,-5,-41.94,8.73,-33.21,,,
5491,0,0,0,0,0,0,-42.8,-0.35,0,0,17.41,-5.32,-43.15,12.09,-31.06,,,
5501,0,0,0,0,0,0,-34.28,-1.51,0,0,16.65,-4.05,-35.78,12.6,-23.19,,,
5511,0,0,0,0,0,0,-35.76,-3.27,0,0,18.32,-4.54,-39.03,13.78,-25.24,,,
5521,0,0,0,0,0,0,-37.14,-1.38,0,0,16.58,-4.53,-38.52,12.06,-26.46,,,
5531,0,0,0,0,0,0,-34.15,-2.48,0,0,17.2,-4.21,-36.63,12.99,-23.64,,,
5541,0,0,0,0,0,0,-35.79,-0.74,0,0,14.35,-4.51,-36.53,9.84,-26.69,,,
5551,0,0,0,0,0,0,-33.61,-0.39,0,0,15.68,-4.11,-34,11.56,-22.44,,,
5561,0,0,0,0,0,0,-38.71,-3.38,0,0,18.5,-4.44,-42.09,14.06,-28.03,,,
5571,0,0,0,0,0,0,-35.36,-3.22,0,0,18.21,-4.44,-38.58,13.77,-24.81,,,
5581,0,0,0,0,0,0,-35.35,0.35,0,0,14.72,-4.59,-35,10.13,-24.87,,,
5591,0,0,0,0,0,0,-38.95,-3.32,0,0,18.51,-4.27,-42.27,14.24,-28.03,,,
5601,0,0,0,0,0,0,-34.03,0.43,0,0,13.75,-3.88,-33.59,9.87,-23.72,,,
5611,0,0,0,0,0,0,-36.01,-2.23,0,0,17.33,-4.35,-38.24,12.98,-25.26,,,
5621,0,0,0,0,0,0,-41.77,-4.62,0,0,20.34,-4.99,-46.39,15.35,-31.03,,,
5631,0,0,0,0,0,0,-43.52,1.01,0,0,15.1,-4.85,-42.51,10.25,-32.26,,,
5641,0,0,0,0,0,0,-35.97,0.98,0,0,14.89,-4.5,-34.99,10.39,-24.59,,,
5651,0,0,0,0,0,0,-38.3,2.22,0,0,13.12,-4.41,-36.07,8.72,-27.36,,,
5661,0,0,0,0,0,0,-37.1,-1.42,0,0,16.15,-4.79,-38.52,11.36,-27.16,,,
5671,0,0,0,0,0,0,-38.38,-0.32,0,0,16.42,-5.06,-38.7,11.37,-27.33,,,
5681,0,0,0,0,0,0,-38.01,-5.02,0,0,19.91,-4.96,-43.03,14.96,-28.07,,,
5691,0,0,0,0,0,0,-30.24,4.44,0,0,8.68,-3.71,-25.8,4.96,-20.84,,,
5701,0,0,0,0,0,0,-37.63,-3.38,0,0,17.31,-4.63,-41.01,12.67,-28.33,,,
5711,0,0,0,0,0,0,-38.38,-2.21,0,0,19.06,-4.95,-40.58,14.11,-26.47,,,
5721,0,0,0,0,0,0,-39.73,-1.11,0,0,16.52,-4.74,-40.84,11.78,-29.06,,,
5731,0,0,0,0,0,0,-33.27,0.69,0,0,12.71,-4.21,-32.58,8.5,-24.08,,,
5741,0,0,0,0,0,0,-31.41,-3.23,0,0,16.9,-3.88,-34.63,13.02,-21.61,,,
5751,0,0,0,0,0,0,-32.11,-2.08,0,0,16.53,-4.49,-34.19,12.04,-22.15,,,
5761,0,0,0,0,0,0,-37.69,-2.73,0,0,17.28,-4.61,-40.42,12.67,-27.75,,,
5771,0,0,0,0,0,0,-33.74,-0.83,0,0,13.66,-4.11,-34.58,9.54,-25.03,,,
5781,0,0,0,0,0,0,-32.73,-0.15,0,0,13.31,-4.43,-32.89,8.88,-24.01,,,
5791,0,0,0,0,0,0,-34.65,1.8,0,0,11.73,-4.16,-32.85,7.57,-25.28,,,
5801,0,0,0,0,0,0,-30.32,1.27,0,0,13.03,-3.86,-29.06,9.17,-19.89,,,
5811,0,0,0,0,0,0,-30.12,0.86,0,0,11.96,-3.71,-29.26,8.25,-21.01,,,
5821,0,0,0,0,0,0,-34.06,-1.67,0,0,15.72,-4.09,-35.73,11.63,-24.1,,,
5831,0,0,0,0,0,0,-34.57,-2.23,0,0,17.4,-4.37,-36.81,13.02,-23.79,,,
5841,0,0,0,0,0,0,-33.34,0.81,0,0,13.25,-4.03,-32.53,9.22,-23.31,,,
5851,0,0,0,0,0,0,-32.44,-1.49,0,0,17.7,-4.65,-33.93,13.04,-20.89,,,
5861,0,0,0,0,0,0,-37.66,1.61,0,0,13.1,-5.07,-36.05,8.03,-28.02,,,
5871,0,0,0,0,0,0,-38.38,-1.31,0,0,16.75,-5.05,-39.68,11.7,-27.98,,,
5881,0,0,0,0,0,0,-37.46,-2.63,0,0,16.59,-4.42,-40.09,12.17,-27.92,,,
5891,0,0,0,0,0,0,-35.93,-3.04,0,0,17.44,-4.67,-38.97,12.77,-26.2,,,
5901,0,0,0,0,0,0,-40.29,-1.67,0,0,15.9,-4.72,-41.95,11.18,-30.77,,,
5911,0,0,0,0,0,0,-37.69,-2.24,0,0,17.85,-4.72,-39.93,13.13,-26.81,,,
5921,0,0,0,0,0,0,-37.82,-1.48,0,0,15.83,-4.84,-39.3,10.99,-28.31,,,
5931,0,0,0,0,0,0,-42.06,-4.09,0,0,20.26,-5.37,-46.15,14.89,-31.26,,,
5941,0,0,0,0,0,0,-37.75,-2.18,0,0,16.26,-4.77,-39.92,11.5,-28.43,,,
5951,0,0,0,0,0,0,-40.68,-1.8,0,0,17.23,-4.91,-42.48,12.32,-30.15,,,
5961,0,0,0,0,0,0,-39.22,-5.97,0,0,20.26,-5.08,-45.19,15.18,-30.01,,,
5971,0,0,0,0,0,0,-39.59,-4.59,0,0,19.93,-4.98,-44.18,14.95,-29.23,,,
5981,0,0,0,0,0,0,-37.64,-4.4,0,0,18.78,-4.52,-42.04,14.26,-27.77,,,
5991,0,0,0,0,0,0,-38.49,-2.09,0,0,16.47,-4.32,-40.58,12.15,-28.43,,,
6001,0,0,0,0,0,0,-41.43,-0.92,0,0,18.4,-5.1,-42.35,13.3,-29.05,,,
6011,0,0,0,0,0,0,-38.14,-1.62,0,0,16.08,-4.48,-39.76,11.6,-28.16,,,
6021,0,0,0,0,0,0,-43.74,-0.64,0,0,17.45,-4.91,-44.38,12.54,-31.84,,,
6031,0,0,0,0,0,0,-38.83,-3.19,0,0,18.04,-4.52,-42.02,13.52,-28.49,,,
6041,0,0,0,0,0,0,-38.34,1.27,0,0,14.05,-4.76,-37.07,9.29,-27.78,,,
6051,0,0,0,0,0,0,-38.3,-1.52,0,0,15.18,-4.76,-39.81,10.42,-29.39,,,
6061,0,0,0,0,0,0,-39.16,-2.96,0,0,17.29,-4.81,-42.13,12.48,-29.65,,,
6071,0,0,0,0,0,0,-38.28,-1.19,0,0,15.58,-4.73,-39.47,10.85,-28.61,,,
6081,0,0,0,0,0,0,-42.76,-0.96,0,0,18.11,-5.43,-43.72,12.68,-31.04,,,
6091,0,0,0,0,0,0,-37.44,-7.12,0,0,18.93,-5.09,-44.56,13.84,-30.72,,,
6101,0,0,0,0,0,0,-41.28,-4.01,0,0,19.69,-5.06,-45.29,14.63,-30.66,,,
6111,0,0,0,0,0,0,-34.13,-1.73,0,0,14.77,-4.32,-35.87,10.46,-25.41,,,
6121,0,0,0,0,0,0,-37.46,-1.07,0,0,16.15,-4.53,-38.53,11.62,-26.91,,,
6131,0,0,0,0,0,0,-35.06,-1.44,0,0,15.38,-4.06,-36.5,11.32,-25.18,,,
6141,0,0,0,0,0,0,-36.69,-2.18,0,0,15.93,-4.63,-38.87,11.3,-27.57,,,
6151,0,0,0,0,0,0,-40.03,-2.06,0,0,18.36,-5.05,-42.09,13.3,-28.79,,,
6161,0,0,0,0,0,0,-35.69,-3.12,0,0,16.52,-4.49,-38.81,12.03,-26.78,,,
6171,0,0,0,0,0,0,-35.91,-2.91,0,0,16.35,-4.35,-38.82,12.01,-26.81,,,
6181,0,0,0,0,0,0,-39.69,-2.39,0,0,18.77,-5,-42.08,13.78,-28.31,,,
6191,0,0,0,0,0,0,-37.74,-1.05,0,0,15.39,-4.81,-38.8,10.58,-28.22,,,
6201,0,0,0,0,0,0,-34.95,-1.72,0,0,16.37,-4.62,-36.67,11.76,-24.92,,,
6211,0,0,0,0,0,0,-42.55,-1.56,0,0,19.15,-5.2,-44.11,13.95,-30.15,,,
6221,0,0,0,0,0,0,-38.03,-1.47,0,0,17.67,-4.76,-39.51,12.9,-26.6,,,
6231,0,0,0,0,0,0,-37.85,-0.86,0,0,14.92,-4.55,-38.71,10.37,-28.34,,,
6241,0,0,0,0,0,0,-38.11,-1.69,0,0,16.79,-4.5,-39.79,12.28,-27.51,,,
6251,0,0,0,0,0,0,-39.94,2.26,0,0,12.82,-4.82,-37.68,8,-29.68,,,
6261,0,0,0,0,0,0,-36.13,-0.57,0,0,16.97,-4.67,-36.69,12.31,-24.39,,,
6271,0,0,0,0,0,0,-37.23,-1.62,0,0,15.51,-4.54,-38.85,10.97,-27.88,,,
6281,0,0,0,0,0,0,-34.92,-1.66,0,0,15.63,-4.15,-36.58,11.48,-25.1,,,
6291,0,0,0,0,0,0,-36.89,-2.83,0,0,15.89,-4.51,-39.72,11.38,-28.34,,,
6301,0,0,0,0,0,0,-40.2,-3.81,0,0,18.72,-5,-44.01,13.72,-30.29,,,
6311,0,0,0,0,0,0,-35.59,-3.95,0,0,17.66,-4.76,-39.54,12.91,-26.63,,,
6321,0,0,0,0,0,0,-39.98,-1.92,0,0,17.16,-4.87,-41.9,12.29,-29.61,,,
6331,0,0,0,0,0,0,-33.64,-2.63,0,0,16.27,-4.42,-36.28,11.85,-24.43,,,
6341,0,0,0,0,0,0,-37.65,-2.8,0,0,18.38,-4.88,-40.45,13.5,-26.95,,,
6351,0,0,0,0,0,0,-39.9,1.65,0,0,14.44,-5.28,-38.25,9.16,-29.09,,,
6361,0,0,0,0,0,0,-38.99,-2.9,0,0,17.52,-4.71,-41.89,12.8,-29.09,,,
6371,0,0,0,0,0,0,-40.83,-1.69,0,0,18.15,-5.18,-42.52,12.97,-29.55,,,
6381,0,0,0,0,0,0,-41.57,-2.87,0,0,18.42,-5.28,-44.45,13.14,-31.31,,,
6391,0,0,0,0,0,0,-35.04,-0.07,0,0,14.14,-4.73,-35.1,9.41,-25.69,,,
6401,0,0,0,0,0,0,-36.5,0.3,0,0,15.13,-4.96,-36.19,10.16,-26.03,,,
6411,0,0,0,0,0,0,-34.37,-3.13,0,0,18.77,-4.36,-37.5,14.41,-23.09,,,
6421,0,0,0,0,0,0,-38.88,-4.02,0,0,20.33,-4.78,-42.9,15.55,-27.35,,,
6431,0,0,0,0,0,0,-42.84,-0.53,0,0,19.31,-5.45,-43.37,13.86,-29.51,,,
6441,0,0,0,0,0,0,-42.31,-1.28,0,0,19.65,-5.33,-43.59,14.32,-29.27,,,
6451,0,0,0,0,0,0,-38.49,-0.92,0,0,17.45,-5.02,-39.41,12.43,-26.98,,,
6461,0,0,0,0,0,0,-42.64,-2.33,0,0,20.43,-5.48,-44.97,14.95,-30.02,,,
6471,0,0,0,0,0,0,-38.91,-1.95,0,0,19.27,-5.2,-40.86,14.07,-26.79,,,
6481,0,0,0,0,0,0,-40.25,-1.2,0,0,20.07,-5.08,-41.45,14.99,-26.45,,,
6491,0,0,0,0,0,0,-40.05,0.85,0,0,15.71,-5.24,-39.21,10.47,-28.74,,,
6501,0,0,0,0,0,0,-39.93,1.33,0,0,16.31,-5.1,-38.59,11.21,-27.38,,,
6511,0,0,0,0,0,0,-40.19,-0.58,0,0,18.4,-5.36,-40.78,13.04,-27.74,,,
6521,0,0,0,0,0,0,-38.9,0.08,0,0,15.4,-4.9,-38.82,10.5,-28.32,,,
6531,0,0,0,0,0,0,-40.51,-0.21,0,0,17.74,-5.13,-40.73,12.61,-28.12,,,
6541,0,0,0,0,0,0,-39.31,-0.19,0,0,17.73,-5.1,-39.5,12.64,-26.86,,,
6551,0,0,0,0,0,0,-42.39,-2.02,0,0,21,-5.54,-44.41,15.45,-28.95,,,
6561,0,0,0,0,0,0,-35.48,-0.64,0,0,16.8,-4.76,-36.12,12.04,-24.08,,,
6571,0,0,0,0,0,0,-40.69,-1.32,0,0,19.54,-5.4,-42.01,14.14,-27.87,,,
6581,0,0,0,0,0,0,-40.62,-0.41,0,0,17.19,-5.16,-41.03,12.03,-29,,,
6591,0,0,0,0,0,0,-39.57,0.49,0,0,17.2,-4.93,-39.07,12.27,-26.81,,,
6601,0,0,0,0,0,0,-39.12,-0.43,0,0,20.64,-5.11,-39.56,15.53,-24.03,,,
6611,0,0,0,0,0,0,-43.41,-1.17,0,0,23.5,-5.71,-44.58,17.79,-26.79,,,
6621,0,0,0,0,0,0,-38.3,-1.81,0,0,19.9,-5.14,-40.11,14.77,-25.34,,,
6631,0,0,0,0,0,0,-32.53,1.17,0,0,14.98,-4.3,-31.36,10.68,-20.69,,,
6641,0,0,0,0,0,0,-36.84,-3.81,0,0,21.01,-4.95,-40.65,16.06,-24.59,,,
6651,0,0,0,0,0,0,-33.57,0.47,0,0,13.99,-4.26,-33.1,9.73,-23.37,,,
6661,0,0,0,0,0,0,-39.41,-1.21,0,0,19.97,-5.21,-40.62,14.75,-25.86,,,
6671,0,0,0,0,0,0,-37.82,-0.31,0,0,17.59,-4.93,-38.13,12.65,-25.48,,,
6681,0,0,0,0,0,0,-37.49,0.8,0,0,17.91,-5.08,-36.69,12.84,-23.85,,,
6691,0,0,0,0,0,0,-33.86,0.71,0,0,15.99,-4.89,-33.15,11.11,-22.04,,,
6701,0,0,0,0,0,0,-40.5,-0.45,0,0,19.05,-5.3,-40.95,13.75,-27.19,,,
6711,0,0,0,0,0,0,-38.18,-1.62,0,0,17.49,-4.76,-39.8,12.73,-27.08,,,
6721,0,0,0,0,0,0,-40.96,-1.8,0,0,18.98,-5.03,-42.76,13.95,-28.81,,,
6731,0,0,0,0,0,0,-33.83,0.09,0,0,15.96,-4.58,-33.74,11.38,-22.36,,,
6741,0,0,0,0,0,0,-38.86,-0.14,0,0,18.5,-5.01,-39,13.5,-25.51,,,
6751,0,0,0,0,0,0,-38.11,0.58,0,0,15.52,-5.06,-37.53,10.46,-27.07,,,
6761,0,0,0,0,0,0,-36.73,-0.5,0,0,17.09,-4.75,-37.23,12.34,-24.89,,,
6771,0,0,0,0,0,0,-39.85,0.24,0,0,17.78,-5,-39.61,12.77,-26.84,,,
6781,0,0,0,0,0,0,-39.14,-2.29,0,0,19.27,-5.03,-41.43,14.23,-27.19,,,
6791,0,0,0,0,0,0,-34.57,-4.47,0,0,19.75,-4.34,-39.04,15.4,-23.64,,,
6801,0,0,0,0,0,0,-32.45,1.14,0,0,12.32,-3.95,-31.31,8.37,-22.95,,,
6811,0,0,0,0,0,0,-40.02,-3.11,0,0,19.36,-5,-43.13,14.35,-28.78,,,
6821,0,0,0,0,0,0,-34.58,1.55,0,0,14.26,-4.72,-33.03,9.55,-23.48,,,
6831,0,0,0,0,0,0,-35.83,-4.09,0,0,18.17,-4.36,-39.93,13.81,-26.12,,,
6841,0,0,0,0,0,0,-36.7,-5.9,0,0,22.29,-4.89,-42.59,17.4,-25.2,,,
6851,0,0,0,0,0,0,-36.18,-4.28,0,0,19.71,-4.51,-40.46,15.2,-25.26,,,
6861,0,0,0,0,0,0,-38.1,-7.16,0,0,23.28,-5.07,-45.26,18.2,-27.06,,,
6871,0,0,0,0,0,0,-39.46,1.87,0,0,16.08,-5.27,-37.6,10.81,-26.79,,,
6881,0,0,0,0,0,0,-35.58,1.84,0,0,13.63,-4.62,-33.74,9.01,-24.73,,,
6891,0,0,0,0,0,0,-39.6,-14.91,0,0,28.88,-5.55,-54.5,23.32,-31.18,,,
6901,0,0,0,0,0,0,-42.2,-8.16,0,0,24.99,-5.56,-50.36,19.43,-30.93,,,
6911,0,0,0,0,0,0,-40.88,0.69,0,0,19.08,-5.51,-40.18,13.57,-26.61,,,
6921,0,0,0,0,0,0,-36.78,0.77,0,0,14.23,-4.84,-36.01,9.38,-26.62,,,
6931,0,0,0,0,0,0,-37.51,-3.77,0,0,18.44,-5.02,-41.28,13.42,-27.86,,,
6941,0,0,0,0,0,0,-31.53,0.22,0,0,12.96,-4.2,-31.31,8.76,-22.55,,,
6951,0,0,0,0,0,0,-37.25,-3.8,0,0,20.67,-4.8,-41.05,15.87,-25.18,,,
6961,0,0,0,0,0,0,-38.96,-7.38,0,0,24.67,-5.35,-46.34,19.32,-27.02,,,
6971,0,0,0,0,0,0,-32.94,-6.31,0,0,22.31,-4.91,-39.25,17.4,-21.85,,,
6981,0,0,0,0,0,0,-36.62,-0.27,0,0,14.41,-4.72,-36.9,9.68,-27.21,,,
6991,0,0,0,0,0,0,-38.12,-6.54,0,0,22.4,-5.26,-44.66,17.14,-27.52,,,
7001,0,0,0,0,0,0,-38.27,-7.35,0,0,23.31,-4.95,-45.62,18.36,-27.26,,,
7011,0,0,0,0,0,0,-41.06,-6.02,0,0,23.11,-5.56,-47.08,17.55,-29.53,,,
7021,0,0,0,0,0,0,-32.3,-5.23,0,0,20.47,-5.03,-37.53,15.44,-22.09,,,
7031,0,0,0,0,0,0,-37.27,0.09,0,0,15.94,-4.99,-37.17,10.95,-26.22,,,
7041,0,0,0,0,0,0,-36.15,0.35,0,0,15.52,-4.88,-35.8,10.64,-25.16,,,
7051,0,0,0,0,0,0,-33.88,1.59,0,0,11.89,-4.33,-32.29,7.55,-24.74,,,
7061,0,0,0,0,0,0,-34.18,-5,0,0,19.64,-4.42,-39.18,15.22,-23.96,,,
7071,0,0,0,0,0,0,-35.44,-8.23,0,0,24.99,-5.29,-43.67,19.7,-23.97,,,
7081,0,0,0,0,0,0,-37.12,-7.69,0,0,23.38,-5.17,-44.82,18.21,-26.61,,,
7091,0,0,0,0,0,0,-33.86,-4.25,0,0,18.96,-4.49,-38.12,14.46,-23.66,,,
7101,0,0,0,0,0,0,-35.87,-4.75,0,0,19.89,-4.91,-40.62,14.98,-25.64,,,
7111,0,0,0,0,0,0,-34.56,0.44,0,0,14.87,-4.53,-34.12,10.34,-23.78,,,
7121,0,0,0,0,0,0,-33.9,-4.48,0,0,18.7,-4.44,-38.38,14.26,-24.13,,,
7131,0,0,0,0,0,0,-35.59,-3.5,0,0,20.94,-4.65,-39.1,16.29,-22.81,,,
7141,0,0,0,0,0,0,-38.5,-4.92,0,0,22.12,-5.03,-43.43,17.08,-26.34,,,
7151,0,0,0,0,0,0,-38.64,-5.5,0,0,22.1,-4.91,-44.14,17.19,-26.95,,,
7161,0,0,0,0,0,0,-39.63,-4.01,0,0,21.31,-5.21,-43.64,16.1,-27.54,,,
7171,0,0,0,0,0,0,-35.99,-0.23,0,0,15.41,-4.82,-36.22,10.59,-25.63,,,
7181,0,0,0,0,0,0,-40.09,-2.44,0,0,18.86,-4.98,-42.53,13.88,-28.65,,,
7191,0,0,0,0,0,0,-33.3,-1.11,0,0,17.73,-4.73,-34.41,13.01,-21.4,,,
7201,0,0,0,0,0,0,-33.1,0.71,0,0,15.47,-4.59,-32.39,10.87,-21.52,,,
7211,0,0,0,0,0,0,-38.84,-4.38,0,0,21.41,-4.88,-43.22,16.53,-26.69,,,
7221,0,0,0,0,0,0,-40.47,-5.76,0,0,24.39,-5.46,-46.23,18.93,-27.3,,,
7231,0,0,0,0,0,0,-38.82,-4.65,0,0,21.07,-5,-43.47,16.07,-27.4,,,
7241,0,0,0,0,0,0,-37.59,-7.08,0,0,23.65,-5.19,-44.67,18.45,-26.22,,,
7251,0,0,0,0,0,0,-40.11,-6.94,0,0,25.98,-5.53,-47.05,20.44,-26.61,,,
7261,0,0,0,0,0,0,-40.7,-6.85,0,0,24.86,-5.25,-47.54,19.6,-27.94,,,
7271,0,0,0,0,0,0,-35.5,-0.57,0,0,15.21,-4.41,-36.07,10.8,-25.27,,,
7281,0,0,0,0,0,0,-41.49,-3.56,0,0,20.88,-5.3,-45.05,15.57,-29.48,,,
7291,0,0,0,0,0,0,-39.96,-5.96,0,0,22.85,-5.33,-45.92,17.52,-28.4,,,
7301,0,0,0,0,0,0,-38.64,1.3,0,0,14.88,-4.76,-37.33,10.12,-27.21,,,
7311,0,0,0,0,0,0,-33.77,-5.53,0,0,23.98,-4.83,-39.3,19.15,-20.15,,,
7321,0,0,0,0,0,0,-37.5,-5.89,0,0,21.39,-4.93,-43.38,16.46,-26.93,,,
7331,0,0,0,0,0,0,-41.39,0.94,0,0,18.35,-5.37,-40.46,12.98,-27.47,,,
7341,0,0,0,0,0,0,-35.95,-2.94,0,0,17.83,-4.48,-38.89,13.35,-25.54,,,
7351,0,0,0,0,0,0,-37.71,-5.24,0,0,21.44,-4.91,-42.95,16.53,-26.42,,,
7361,0,0,0,0,0,0,-36.11,-4.44,0,0,19.16,-4.62,-40.56,14.54,-26.01,,,
7371,0,0,0,0,0,0,-40.36,-1.26,0,0,17.43,-4.97,-41.61,12.46,-29.15,,,
7381,0,0,0,0,0,0,-37,0.25,0,0,15.73,-4.86,-36.75,10.87,-25.88,,,
7391,0,0,0,0,0,0,-35.03,-0.09,0,0,15.86,-4.6,-35.12,11.26,-23.86,,,
7401,0,0,0,0,0,0,-35.73,-2.24,0,0,18,-4.53,-37.97,13.46,-24.5,,,
7411,0,0,0,0,0,0,-38.5,-1.55,0,0,17.22,-4.71,-40.06,12.51,-27.55,,,
7421,0,0,0,0,0,0,-33.45,-2.6,0,0,17.76,-4.43,-36.04,13.33,-22.71,,,
7431,0,0,0,0,0,0,-36.57,-2.37,0,0,18.54,-4.6,-38.94,13.94,-25.01,,,
7441,0,0,0,0,0,0,-35.04,-0.19,0,0,14.48,-4.47,-35.23,10.02,-25.22,,,
7451,0,0,0,0,0,0,-36.63,-1.28,0,0,17.86,-4.84,-37.91,13.02,-24.89,,,
7461,0,0,0,0,0,0,-36.01,-3.02,0,0,18.35,-4.49,-39.04,13.86,-25.17,,,
7471,0,0,0,0,0,0,-31.99,-2.44,0,0,13.88,-3.79,-34.43,10.1,-24.33,,,
7481,0,0,0,0,0,0,-34.73,0.03,0,0,12.55,-4.3,-34.7,8.25,-26.45,,,
7491,0,0,0,0,0,0,-39.36,-2.56,0,0,16.88,-4.78,-41.92,12.1,-29.82,,,
7501,0,0,0,0,0,0,-36.79,-0.61,0,0,14.5,-4.63,-37.41,9.87,-27.54,,,
7511,0,0,0,0,0,0,-31.37,-2.38,0,0,15.1,-4.16,-33.75,10.93,-22.82,,,
7521,0,0,0,0,0,0,-37.04,0.79,0,0,15.43,-4.81,-36.25,10.62,-25.63,,,
7531,0,0,0,0,0,0,-35.24,-2.08,0,0,17.66,-4.7,-37.32,12.96,-24.36,,,
7541,0,0,0,0,0,0,-34.37,-0.28,0,0,14.52,-4.62,-34.65,9.9,-24.76,,,
7551,0,0,0,0,0,0,-37.05,-2.96,0,0,17.35,-4.68,-40.01,12.67,-27.34,,,
7561,0,0,0,0,0,0,-37.26,-2.06,0,0,17.45,-4.97,-39.32,12.47,-26.85,,,
7571,0,0,0,0,0,0,-38.56,-3.04,0,0,19.13,-4.85,-41.6,14.28,-27.32,,,
7581,0,0,0,0,0,0,-33.42,-1.69,0,0,16.17,-4.45,-35.1,11.72,-23.39,,,
7591,0,0,0,0,0,0,-36.42,-3.02,0,0,16.76,-4.31,-39.44,12.45,-26.99,,,
7601,0,0,0,0,0,0,-34.61,-2.6,0,0,17.15,-4.24,-37.22,12.91,-24.31,,,
7611,0,0,0,0,0,0,-35.87,-1.28,0,0,17.9,-4.55,-37.16,13.34,-23.81,,,
7621,0,0,0,0,0,0,-38.26,-2.27,0,0,19.06,-4.96,-40.53,14.1,-26.43,,,
7631,0,0,0,0,0,0,-36.55,-1.14,0,0,16.1,-4.71,-37.68,11.4,-26.29,,,
7641,0,0,0,0,0,0,-38.22,-1.6,0,0,16.41,-4.72,-39.81,11.69,-28.12,,,
7651,0,0,0,0,0,0,-37.85,-0.69,0,0,17.46,-4.81,-38.55,12.65,-25.9,,,
7661,0,0,0,0,0,0,-40.13,-0.24,0,0,16.54,-4.85,-40.36,11.69,-28.67,,,
7671,0,0,0,0,0,0,-39.21,-2.6,0,0,18.69,-5.09,-41.82,13.59,-28.22,,,
7681,0,0,0,0,0,0,-37.67,-2.73,0,0,18.11,-4.79,-40.41,13.32,-27.09,,,
7691,0,0,0,0,0,0,-38.15,1.43,0,0,14.87,-4.98,-36.72,9.89,-26.83,,,
7701,0,0,0,0,0,0,-35.08,-3.47,0,0,20.27,-5.07,-38.55,15.2,-23.35,,,
7711,0,0,0,0,0,0,-34.02,0.16,0,0,14.36,-4.23,-33.86,10.13,-23.73,,,
7721,0,0,0,0,0,0,-37.57,-2.87,0,0,19.07,-5,-40.44,14.07,-26.36,,,
7731,0,0,0,0,0,0,-32.89,-1.79,0,0,17.8,-4.79,-34.67,13,-21.67,,,
7741,0,0,0,0,0,0,-33.4,-4.05,0,0,18.43,-4.41,-37.44,14.02,-23.43,,,
7751,0,0,0,0,0,0,-35.08,-2.84,0,0,17.2,-4.08,-37.92,13.12,-24.8,,,
7761,0,0,0,0,0,0,-39.48,-3.39,0,0,19.51,-4.96,-42.88,14.55,-28.32,,,
7771,0,0,0,0,0,0,-37.72,-2.86,0,0,18.3,-4.73,-40.58,13.56,-27.01,,,
7781,0,0,0,0,0,0,-38.63,1.74,0,0,13.64,-4.93,-36.89,8.72,-28.18,,,
7791,0,0,0,0,0,0,-37.18,-0.18,0,0,16.74,-5.16,-37.36,11.58,-25.78,,,
7801,0,0,0,0,0,0,-33.32,-0.7,0,0,15.32,-4.61,-34.02,10.71,-23.31,,,
7811,0,0,0,0,0,0,-39.97,-0.31,0,0,15.46,-4.93,-40.28,10.54,-29.75,,,
7821,0,0,0,0,0,0,-38.31,-2.41,0,0,17.67,-4.86,-40.72,12.81,-27.91,,,
7831,0,0,0,0,0,0,-35.59,-0.05,0,0,15.53,-4.53,-35.64,11,-24.64,,,
7841,0,0,0,0,0,0,-38.36,0.04,0,0,16.05,-4.96,-38.32,11.09,-27.23,,,
7851,0,0,0,0,0,0,-32.21,0.58,0,0,13.17,-4.16,-31.64,9.01,-22.63,,,
7861,0,0,0,0,0,0,-37.46,-1.69,0,0,16.8,-4.65,-39.16,12.15,-27.01,,,
7871,0,0,0,0,0,0,-37.51,-2.29,0,0,18.89,-4.94,-39.79,13.95,-25.84,,,
7881,0,0,0,0,0,0,-39.23,-1.42,0,0,18.51,-5.07,-40.66,13.44,-27.22,,,
7891,0,0,0,0,0,0,-36.44,-3.67,0,0,19.66,-4.88,-40.12,14.77,-25.34,,,
7901,0,0,0,0,0,0,-35.85,-1.21,0,0,15.86,-4.56,-37.06,11.3,-25.76,,,
7911,0,0,0,0,0,0,-34.31,-1.04,0,0,15.88,-4.58,-35.36,11.3,-24.06,,,
7921,0,0,0,0,0,0,-39.04,-0.05,0,0,16.4,-4.99,-39.09,11.41,-27.67,,,
7931,0,0,0,0,0,0,-28.79,-0.03,0,0,13.64,-4.27,-28.82,9.37,-19.45,,,
7941,0,0,0,0,0,0,-38.61,1.93,0,0,12.29,-4.97,-36.68,7.32,-29.37,,,
7951,0,0,0,0,0,0,-37.23,-1.95,0,0,16.72,-4.82,-39.17,11.9,-27.28,,,
7961,0,0,0,0,0,0,-38.88,0.31,0,0,14.69,-4.95,-38.58,9.74,-28.83,,,
7971,0,0,0,0,0,0,-30.56,-2.07,0,0,15.87,-4.03,-32.63,11.85,-20.79,,,
7981,0,0,0,0,0,0,-34.72,-1.35,0,0,15.95,-4.54,-36.07,11.41,-24.66,,,
7991,0,0,0,0,0,0,-37.77,-1.81,0,0,17.1,-4.8,-39.58,12.3,-27.28,,,
8001,0,0,0,0,0,0,-38.76,-3.22,0,0,20.04,-4.99,-41.98,15.05,-26.93,,,
8011,0,0,0,0,0,0,-40.16,-0.81,0,0,16.76,-5.12,-40.97,11.65,-29.32,,,
8021,0,0,0,0,0,0,-37.24,-0.28,0,0,15.17,-4.44,-37.52,10.72,-26.8,,,
8031,0,0,0,0,0,0,-34.4,-2.26,0,0,16.13,-3.97,-36.66,12.16,-24.5,,,
8041,0,0,0,0,0,0,-38.42,-2.56,0,0,18.36,-4.88,-40.98,13.48,-27.5,,,
8051,0,0,0,0,0,0,-32.03,-2.58,0,0,16.46,-4.28,-34.61,12.18,-22.43,,,
8061,0,0,0,0,0,0,-39.93,-3.45,0,0,20.15,-5,-43.38,15.15,-28.22,,,
8071,0,0,0,0,0,0,-37.45,0.56,0,0,15.13,-4.74,-36.88,10.38,-26.5,,,
8081,0,0,0,0,0,0,-41.18,-1.11,0,0,16.07,-5.05,-42.29,11.03,-31.26,,,
8091,0,0,0,0,0,0,-38.4,0.21,0,0,15.59,-5.01,-38.2,10.58,-27.62,,,
8101,0,0,0,0,0,0,-36.15,0.57,0,0,15.04,-4.87,-35.58,10.17,-25.41,,,
8111,0,0,0,0,0,0,-34.83,0.24,0,0,15.01,-4.91,-34.59,10.1,-24.49,,,
8121,0,0,0,0,0,0,-34.05,-1.64,0,0,16.9,-4.73,-35.68,12.17,-23.52,,,
8131,0,0,0,0,0,0,-37.98,0.92,0,0,14.22,-4.85,-37.06,9.37,-27.69,,,
8141,0,0,0,0,0,0,-35.14,1.1,0,0,13.67,-4.85,-34.04,8.82,-25.22,,,
8151,0,0,0,0,0,0,-34.54,0.95,0,0,14.11,-4.67,-33.59,9.44,-24.15,,,
8161,0,0,0,0,0,0,-34.92,0.05,0,0,14.98,-4.98,-34.87,10,-24.86,,,
8171,0,0,0,0,0,0,-36.26,0.39,0,0,13.95,-5.1,-35.87,8.85,-27.02,,,
8181,0,0,0,0,0,0,-37.63,-0.84,0,0,17.76,-5.41,-38.47,12.35,-26.12,,,
8191,0,0,0,0,0,0,-37.81,-1.61,0,0,16.66,-4.73,-39.42,11.93,-27.48,,,
8201,0,0,0,0,0,0,-36.93,-0.72,0,0,15.6,-4.8,-37.65,10.8,-26.85,,,
8211,0,0,0,0,0,0,-37.6,-2.18,0,0,17.76,-4.87,-39.78,12.88,-26.89,,,
8221,0,0,0,0,0,0,-38.63,-0.84,0,0,16.45,-4.77,-39.47,11.67,-27.79,,,
8231,0,0,0,0,0,0,-34.1,1.69,0,0,11.82,-4.3,-32.41,7.52,-24.89,,,
8241,0,0,0,0,0,0,-35.18,1.37,0,0,13.11,-4.7,-33.81,8.41,-25.4,,,
8251,0,0,0,0,0,0,-36,-1.41,0,0,16.22,-4.67,-37.41,11.55,-25.86,,,
8261,0,0,0,0,0,0,-37.03,0.17,0,0,14.79,-4.88,-36.87,9.91,-26.96,,,
8271,0,0,0,0,0,0,-38.09,0.81,0,0,14.21,-4.76,-37.28,9.45,-27.83,,,
8281,0,0,0,0,0,0,-34.8,-1.98,0,0,18.35,-4.78,-36.78,13.58,-23.21,,,
8291,0,0,0,0,0,0,-39.18,0.25,0,0,15.43,-4.8,-38.93,10.63,-28.3,,,
8301,0,0,0,0,0,0,-40.07,2.97,0,0,13.48,-5.13,-37.1,8.36,-28.74,,,
8311,0,0,0,0,0,0,-36.41,-0.49,0,0,15.61,-4.5,-36.9,11.11,-25.79,,,
8321,0,0,0,0,0,0,-33.7,-4.86,0,0,19.64,-4.38,-38.57,15.26,-23.31,,,
8331,0,0,0,0,0,0,-35.96,-4.65,0,0,20.92,-4.71,-40.61,16.21,-24.41,,,
8341,0,0,0,0,0,0,-36.72,-2.17,0,0,16.58,-4.78,-38.9,11.79,-27.11,,,
8351,0,0,0,0,0,0,-33.76,1.44,0,0,12.84,-4.19,-32.32,8.65,-23.67,,,
8361,0,0,0,0,0,0,-35.57,-0.64,0,0,15.83,-4.76,-36.2,11.08,-25.13,,,
8371,0,0,0,0,0,0,-39.09,-2.28,0,0,19.17,-5,-41.37,14.17,-27.2,,,
8381,0,0,0,0,0,0,-30.78,-2.06,0,0,16.44,-4.32,-32.84,12.11,-20.73,,,
8391,0,0,0,0,0,0,-35.84,0.13,0,0,13.59,-4.46,-35.71,9.13,-26.58,,,
8401,0,0,0,0,0,0,-34.99,2.86,0,0,11.33,-4.93,-32.13,6.4,-25.72,,,
8411,0,0,0,0,0,0,-36.38,-0.96,0,0,16.59,-4.67,-37.34,11.92,-25.42,,,
8421,0,0,0,0,0,0,-37.91,-1.42,0,0,17.21,-4.85,-39.33,12.36,-26.97,,,
8431,0,0,0,0,0,0,-39.68,-0.62,0,0,16.74,-4.86,-40.3,11.87,-28.43,,,
8441,0,0,0,0,0,0,-37.25,-0.78,0,0,15.59,-4.62,-38.03,10.97,-27.06,,,
8451,0,0,0,0,0,0,-35.28,-1.45,0,0,16.09,-4.83,-36.73,11.27,-25.46,,,
8461,0,0,0,0,0,0,-40.11,-1.69,0,0,17.93,-4.84,-41.8,13.1,-28.7,,,
8471,0,0,0,0,0,0,-35.89,-0.02,0,0,14.41,-4.56,-35.91,9.85,-26.06,,,
8481,0,0,0,0,0,0,-35.97,0.67,0,0,13.82,-4.72,-35.31,9.1,-26.2,,,
8491,0,0,0,0,0,0,-39.56,-1.35,0,0,16.66,-4.82,-40.92,11.84,-29.08,,,
8501,0,0,0,0,0,0,-33.27,2.14,0,0,12.96,-4.88,-31.13,8.08,-23.05,,,
8511,0,0,0,0,0,0,-35.89,4.34,0,0,10.51,-4.64,-31.55,5.87,-25.68,,,
8521,0,0,0,0,0,0,-40.39,-2.14,0,0,17.57,-4.88,-42.53,12.69,-29.84,,,
8531,0,0,0,0,0,0,-33.34,1.68,0,0,11.24,-4.22,-31.66,7.02,-24.64,,,
8541,0,0,0,0,0,0,-32.54,-1.36,0,0,14.67,-4.3,-33.9,10.37,-23.53,,,
8551,0,0,0,0,0,0,-38.13,-0.96,0,0,16.92,-4.78,-39.09,12.14,-26.95,,,
8561,0,0,0,0,0,0,-33.42,1.33,0,0,13.69,-4.29,-32.1,9.4,-22.7,,,
8571,0,0,0,0,0,0,-33.51,0.66,0,0,12,-4.03,-32.85,7.97,-24.88,,,
8581,0,0,0,0,0,0,-37.75,-3.07,0,0,16.99,-4.6,-40.82,12.39,-28.43,,,
8591,0,0,0,0,0,0,-35.57,2.37,0,0,11.92,-4.42,-33.2,7.5,-25.7,,,
8601,0,0,0,0,0,0,-37.99,-1.23,0,0,15.8,-5.09,-39.22,10.71,-28.52,,,
8611,0,0,0,0,0,0,-40.02,-2.13,0,0,18.39,-5.27,-42.15,13.13,-29.02,,,
8621,0,0,0,0,0,0,-38.93,-0.26,0,0,16.99,-5.14,-39.19,11.85,-27.34,,,
8631,0,0,0,0,0,0,-38.83,0.18,0,0,14.69,-4.76,-38.65,9.92,-28.73,,,
8641,0,0,0,0,0,0,-40.77,-4.39,0,0,19.43,-5.04,-45.16,14.39,-30.77,,,
8651,0,0,0,0,0,0,-38.26,-4.11,0,0,19.94,-4.75,-42.37,15.19,-27.18,,,
8661,0,0,0,0,0,0,-37.6,-1.51,0,0,15.81,-4.88,-39.12,10.93,-28.19,,,
8671,0,0,0,0,0,0,-36.27,1.18,0,0,12.57,-4.51,-35.09,8.06,-27.02,,,
8681,0,0,0,0,0,0,-37.16,-1.1,0,0,16.75,-4.81,-38.26,11.94,-26.32,,,
8691,0,0,0,0,0,0,-36.85,-1.08,0,0,15.81,-4.72,-37.94,11.09,-26.85,,,
8701,0,0,0,0,0,0,-40.19,-1.52,0,0,16.88,-5.01,-41.71,11.87,-29.84,,,
8711,0,0,0,0,0,0,-42.14,-2.59,0,0,18.87,-5.18,-44.74,13.69,-31.05,,,
8721,0,0,0,0,0,0,-37.88,-1.42,0,0,16.64,-4.92,-39.3,11.72,-27.58,,,
8731,0,0,0,0,0,0,-34.89,-1.72,0,0,17.25,-4.77,-36.6,12.47,-24.13,,,
8741,0,0,0,0,0,0,-40.89,-3.19,0,0,19.93,-5.01,-44.08,14.92,-29.17,,,
8751,0,0,0,0,0,0,-37.11,-1.77,0,0,19.47,-5.32,-38.88,14.15,-24.73,,,
8761,0,0,0,0,0,0,-37.06,-0.73,0,0,16.01,-4.93,-37.8,11.08,-26.72,,,
8771,0,0,0,0,0,0,-35.75,-1.48,0,0,17.47,-5.04,-37.24,12.42,-24.81,,,
8781,0,0,0,0,0,0,-31.12,-0.41,0,0,13.78,-3.71,-31.53,10.07,-21.46,,,
8791,0,0,0,0,0,0,-37.49,0.16,0,0,15.1,-4.91,-37.33,10.19,-27.14,,,
8801,0,0,0,0,0,0,-35.13,-0.87,0,0,16.03,-4.54,-36,11.49,-24.52,,,
8811,0,0,0,0,0,0,-36.13,-2.69,0,0,18.4,-4.79,-38.82,13.61,-25.21,,,
8821,0,0,0,0,0,0,-35.25,-3.46,0,0,18.3,-4.73,-38.71,13.57,-25.14,,,
8831,0,0,0,0,0,0,-39.61,0.45,0,0,15.35,-4.96,-39.16,10.38,-28.78,,,
8841,0,0,0,0,0,0,-39.41,-2.74,0,0,19.35,-5.18,-42.15,14.18,-27.98,,,
8851,0,0,0,0,0,0,-38.97,-2.57,0,0,20.37,-5.26,-41.53,15.11,-26.43,,,
8861,0,0,0,0,0,0,-38.24,0.12,0,0,16.85,-5.11,-38.13,11.74,-26.38,,,
8871,0,0,0,0,0,0,-39.57,-5.13,0,0,21.65,-5.18,-44.7,16.47,-28.24,,,
8881,0,0,0,0,0,0,-41.41,-1.96,0,0,19.78,-5.42,-43.37,14.36,-29.01,,,
8891,0,0,0,0,0,0,-36.84,-0.86,0,0,15.39,-4.74,-37.7,10.65,-27.05,,,
8901,0,0,0,0,0,0,-38.27,-0.8,0,0,16.12,-4.84,-39.07,11.28,-27.79,,,
8911,0,0,0,0,0,0,-40.47,-0.29,0,0,16.68,-5.1,-40.76,11.58,-29.18,,,
8921,0,0,0,0,0,0,-36.29,-2.33,0,0,17.68,-4.79,-38.61,12.9,-25.72,,,
8931,0,0,0,0,0,0,-38.12,-2.05,0,0,17.31,-4.94,-40.17,12.37,-27.8,,,
8941,0,0,0,0,0,0,-37.67,-2.15,0,0,16.99,-4.95,-39.82,12.03,-27.79,,,
8951,0,0,0,0,0,0,-35.89,-1.09,0,0,15.39,-4.7,-36.98,10.69,-26.29,,,
8961,0,0,0,0,0,0,-39.4,-1.39,0,0,18.42,-5.12,-40.79,13.3,-27.49,,,
8971,0,0,0,0,0,0,-37.03,-1.93,0,0,16.67,-4.78,-38.96,11.88,-27.07,,,
8981,0,0,0,0,0,0,-31.81,-1.47,0,0,14.99,-4.16,-33.28,10.83,-22.45,,,
8991,0,0,0,0,0,0,-37.83,-1.93,0,0,17.44,-5.01,-39.76,12.43,-27.33,,,
9001,0,0,0,0,0,0,-34.07,-0.14,0,0,15.06,-4.64,-34.21,10.42,-23.79,,,
9011,0,0,0,0,0,0,-37.21,1.66,0,0,12.86,-4.66,-35.55,8.2,-27.36,,,
9021,0,0,0,0,0,0,-33.66,-0.6,0,0,14.95,-4.64,-34.26,10.32,-23.94,,,
9031,0,0,0,0,0,0,-37.41,0.9,0,0,14.48,-4.96,-36.51,9.52,-26.99,,,
9041,0,0,0,0,0,0,-37.77,-1.68,0,0,16.34,-4.61,-39.45,11.73,-27.72,,,
9051,0,0,0,0,0,0,-35.19,-0.52,0,0,15.51,-4.58,-35.71,10.93,-24.78,,,
9061,0,0,0,0,0,0,-38.26,-1.89,0,0,18.62,-5.07,-40.15,13.55,-26.59,,,
9071,0,0,0,0,0,0,-35.68,-2.21,0,0,16.1,-4.58,-37.89,11.52,-26.37,,,
9081,0,0,0,0,0,0,-38.18,-1.54,0,0,16.07,-4.85,-39.72,11.22,-28.5,,,
9091,0,0,0,0,0,0,-38.84,-0.56,0,0,15.39,-4.87,-39.4,10.52,-28.89,,,
9101,0,0,0,0,0,0,-39.06,-0.97,0,0,16.58,-5.01,-40.03,11.57,-28.46,,,
9111,0,0,0,0,0,0,-38.47,-2.29,0,0,18.06,-4.96,-40.77,13.11,-27.66,,,
9121,0,0,0,0,0,0,-38.45,-0.64,0,0,15.43,-4.84,-39.1,10.59,-28.51,,,
9131,0,0,0,0,0,0,-28.39,-1.52,0,0,13.35,-3.66,-29.91,9.68,-20.22,,,
9141,0,0,0,0,0,0,-35.8,-0.8,0,0,14.75,-4.48,-36.59,10.27,-26.32,,,
9151,0,0,0,0,0,0,-36.52,-1.57,0,0,17.52,-4.78,-38.09,12.73,-25.35,,,
9161,0,0,0,0,0,0,-37.13,-1.11,0,0,15.29,-4.69,-38.24,10.6,-27.63,,,
9171,0,0,0,0,0,0,-33.06,-1.07,0,0,15.85,-4.68,-34.13,11.17,-22.96,,,
9181,0,0,0,0,0,0,-34.94,0.46,0,0,14.28,-4.7,-34.48,9.58,-24.9,,,
9191,0,0,0,0,0,0,-33.31,1.19,0,0,12.68,-4.22,-32.12,8.46,-23.67,,,
9201,0,0,0,0,0,0,-31.69,-1.02,0,0,15.67,-4.82,-32.71,10.85,-21.86,,,
9211,0,0,0,0,0,0,-32.42,-2.43,0,0,15.98,-4.21,-34.85,11.77,-23.08,,,
9221,0,0,0,0,0,0,-37.83,-0.43,0,0,14.9,-4.79,-38.26,10.11,-28.15,,,
9231,0,0,0,0,0,0,-39.13,-2.59,0,0,17.35,-5,-41.72,12.35,-29.37,,,
9241,0,0,0,0,0,0,-33.22,-1.5,0,0,17.3,-4.76,-34.71,12.54,-22.17,,,
9251,0,0,0,0,0,0,-35.67,-1.87,0,0,16.26,-4.35,-37.54,11.91,-25.63,,,
9261,0,0,0,0,0,0,-37.16,-0.01,0,0,14.73,-4.6,-37.17,10.13,-27.04,,,
9271,0,0,0,0,0,0,-33.26,-1.66,0,0,16.5,-4.46,-34.92,12.04,-22.87,,,
9281,0,0,0,0,0,0,-34.21,-0.67,0,0,14.4,-4.43,-34.88,9.97,-24.91,,,
9291,0,0,0,0,0,0,-37.05,-0.7,0,0,15.94,-5.17,-37.75,10.77,-26.98,,,
9301,0,0,0,0,0,0,-38.56,-0.49,0,0,15.84,-4.81,-39.05,11.03,-28.03,,,
9311,0,0,0,0,0,0,-36.55,-1.59,0,0,17.13,-4.63,-38.14,12.5,-25.64,,,
9321,0,0,0,0,0,0,-30.53,0.5,0,0,12.14,-4.13,-30.03,8.01,-22.02,,,
9331,0,0,0,0,0,0,-34.75,-2.61,0,0,17.31,-4.64,-37.36,12.67,-24.69,,,
9341,0,0,0,0,0,0,-33.43,-0.82,0,0,13.96,-4.33,-34.25,9.63,-24.62,,,
9351,0,0,0,0,0,0,-37.51,-0.05,0,0,15.13,-4.63,-37.56,10.5,-27.06,,,
9361,0,0,0,0,0,0,-39.9,-2.32,0,0,19.61,-4.97,-42.22,14.64,-27.58,,,
9371,0,0,0,0,0,0,-35.55,-1.34,0,0,17.26,-4.7,-36.89,12.57,-24.32,,,
9381,0,0,0,0,0,0,-34.72,-1.46,0,0,17.62,-5,-36.18,12.62,-23.56,,,
9391,0,0,0,0,0,0,-39.83,-1.14,0,0,18.1,-5.11,-40.97,12.99,-27.98,,,
9401,0,0,0,0,0,0,-35.55,-2.5,0,0,18.14,-4.76,-38.05,13.39,-24.66,,,
9411,0,0,0,0,0,0,-35.72,-1.67,0,0,18.91,-5.08,-37.39,13.83,-23.56,,,
9421,0,0,0,0,0,0,-39.11,-1.68,0,0,17.67,-4.88,-40.79,12.8,-27.99,,,
9431,0,0,0,0,0,0,-38.87,1.7,0,0,14.39,-4.88,-37.17,9.5,-27.67,,,
9441,0,0,0,0,0,0,-32.53,-0.36,0,0,14.14,-4.26,-32.89,9.87,-23.02,,,
9451,0,0,0,0,0,0,-33.62,2.52,0,0,12.22,-4.7,-31.11,7.52,-23.59,,,
9461,0,0,0,0,0,0,-36.4,-1.58,0,0,17.98,-4.42,-37.98,13.55,-24.43,,,
9471,0,0,0,0,0,0,-38.29,1.17,0,0,13.37,-4.78,-37.11,8.6,-28.52,,,
9481,0,0,0,0,0,0,-36.15,-2.34,0,0,18.6,-4.74,-38.49,13.86,-24.62,,,
9491,0,0,0,0,0,0,-36.22,-2.44,0,0,17.22,-4.45,-38.67,12.77,-25.9,,,
9501,0,0,0,0,0,0,-34.36,-1.66,0,0,14.73,-4.34,-36.02,10.4,-25.62,,,
9511,0,0,0,0,0,0,-33.92,-2.12,0,0,16.76,-4.57,-36.04,12.19,-23.84,,,
9521,0,0,0,0,0,0,-31.58,-3.08,0,0,16.3,-4.37,-34.66,11.93,-22.73,,,
9531,0,0,0,0,0,0,-36.63,-5.24,0,0,20.07,-4.83,-41.87,15.24,-26.63,,,
9541,0,0,0,0,0,0,-33.35,-0.84,0,0,14.56,-4.29,-34.19,10.28,-23.91,,,
9551,0,0,0,0,0,0,-33.14,-2.36,0,0,15.81,-4.14,-35.49,11.67,-23.82,,,
9561,0,0,0,0,0,0,-36.2,-2.45,0,0,16.63,-4.58,-38.64,12.05,-26.59,,,
9571,0,0,0,0,0,0,-37.29,-2.87,0,0,17.4,-4.53,-40.16,12.87,-27.29,,,
9581,0,0,0,0,0,0,-37.72,-3.62,0,0,17.97,-4.85,-41.34,13.12,-28.22,,,
9591,0,0,0,0,0,0,-33.73,-5.34,0,0,18.57,-4.57,-39.07,14,-25.07,,,
9601,0,0,0,0,0,0,-35.59,-1,0,0,15.01,-4.48,-36.59,10.54,-26.05,,,
9611,0,0,0,0,0,0,-32.56,1.41,0,0,12.43,-4.5,-31.15,7.92,-23.22,,,
9621,0,0,0,0,0,0,-33.79,0.71,0,0,12.17,-4.54,-33.07,7.63,-25.44,,,
9631,0,0,0,0,0,0,-34.51,-0.48,0,0,14.2,-4.54,-34.99,9.65,-25.34,,,
9641,0,0,0,0,0,0,-37.71,-5.14,0,0,20.94,-5.15,-42.85,15.79,-27.05,,,
9651,0,0,0,0,0,0,-40.24,0.87,0,0,13.8,-4.78,-39.37,9.02,-30.35,,,
9661,0,0,0,0,0,0,-38.61,-0.42,0,0,16.62,-4.87,-39.02,11.75,-27.28,,,
9671,0,0,0,0,0,0,-33.92,-1.29,0,0,15.64,-4.35,-35.21,11.3,-23.91,,,
9681,0,0,0,0,0,0,-37.47,-9.07,0,0,23.68,-4.56,-46.53,19.13,-27.41,,,
9691,0,0,0,0,0,0,-32.44,0.88,0,0,12.99,-4.16,-31.56,8.82,-22.73,,,
9701,0,0,0,0,0,0,-40.23,-0.89,0,0,16.67,-4.97,-41.12,11.7,-29.43,,,
9711,0,0,0,0,0,0,-36.91,-4.35,0,0,19.12,-4.58,-41.26,14.54,-26.72,,,
9721,0,0,0,0,0,0,-36.36,-2.81,0,0,17.49,-4.52,-39.17,12.96,-26.21,,,
9731,0,0,0,0,0,0,-33.69,0.54,0,0,13.99,-4.44,-33.16,9.55,-23.6,,,
9741,0,0,0,0,0,0,-38.53,1.74,0,0,13.66,-4.76,-36.79,8.9,-27.89,,,
9751,0,0,0,0,0,0,-37.19,0.14,0,0,15.36,-4.62,-37.05,10.74,-26.31,,,
9761,0,0,0,0,0,0,-35.79,-3.68,0,0,17.21,-4.69,-39.47,12.52,-26.94,,,
9771,0,0,0,0,0,0,-40.05,-2.08,0,0,16.24,-4.65,-42.13,11.58,-30.54,,,
9781,0,0,0,0,0,0,-35.77,-0.93,0,0,14.65,-4.55,-36.7,10.09,-26.61,,,
9791,0,0,0,0,0,0,-38.79,-4.25,0,0,19.62,-4.79,-43.04,14.83,-28.21,,,
9801,0,0,0,0,0,0,-38.92,-1.86,0,0,17.11,-4.74,-40.78,12.37,-28.41,,,
9811,0,0,0,0,0,0,-34.6,1.68,0,0,12.24,-4.35,-32.92,7.89,-25.03,,,
9821,0,0,0,0,0,0,-35.84,-3.21,0,0,17.98,-4.57,-39.05,13.41,-25.64,,,
9831,0,0,0,0,0,0,-34.42,-1.67,0,0,16.65,-4.8,-36.09,11.85,-24.24,,,
9841,0,0,0,0,0,0,-35.26,-0.41,0,0,14.63,-4.52,-35.67,10.11,-25.56,,,
9851,0,0,0,0,0,0,-38.78,0.12,0,0,14.21,-4.69,-38.66,9.53,-29.14,,,
9861,0,0,0,0,0,0,-38.45,-3.16,0,0,17.01,-4.66,-41.61,12.35,-29.26,,,
9871,0,0,0,0,0,0,-35.96,-4.92,0,0,18.98,-4.96,-40.88,14.02,-26.86,,,
9881,0,0,0,0,0,0,-33.18,-0.51,0,0,14.36,-4.63,-33.69,9.73,-23.96,,,
9891,0,0,0,0,0,0,-37.49,0.47,0,0,14.01,-4.65,-37.02,9.36,-27.66,,,
9901,0,0,0,0,0,0,-36.71,-4.69,0,0,18.19,-4.45,-41.4,13.74,-27.66,,,
9911,0,0,0,0,0,0,-38.19,-3.52,0,0,18.03,-4.88,-41.72,13.16,-28.56,,,
9921,0,0,0,0,0,0,-37.34,0.84,0,0,13.99,-4.73,-36.5,9.26,-27.24,,,
9931,0,0,0,0,0,0,-31.73,-3.51,0,0,15.56,-3.86,-35.24,11.7,-23.53,,,
9941,0,0,0,0,0,0,-30.51,-4.07,0,0,15.37,-3.93,-34.59,11.43,-23.15,,,
9951,0,0,0,0,0,0,-35.8,-3.38,0,0,17.1,-4.48,-39.19,12.62,-26.57,,,
9961,0,0,0,0,0,0,-36.87,-4.37,0,0,17.59,-4.58,-41.25,13.01,-28.23,,,
9971,0,0,0,0,0,0,-35.25,-5.43,0,0,20.49,-4.81,-40.68,15.67,-25.01,,,
9981,0,0,0,0,0,0,-34.4,-3.34,0,0,17.69,-4.72,-37.74,12.97,-24.77,,,
9991,0,0,0,0,0,0,-35.68,1.29,0,0,12.12,-4.55,-34.4,7.58,-26.82,,,
10001,0,0,0,0,0,0,-33.98,-2.84,0,0,15.22,-4.17,-36.81,11.05,-25.76,,,
